building,month,metric,label,n_episodes,mean,sd,cv,p5,p50,p95,range_p5_p95,rel_range
b1,APR2024,bl_peak_kw,building peak (kW),200,600.0,3.6041150505539086e-14,6.006858417589848e-17,600.0,600.0,600.0000000000001,1.1368683772161603e-13,1.8947806286936006e-16
b1,APR2024,bl_mean_kw,building mean (kW),200,365.57779267181576,11.79011967023806,0.03225064516110313,352.5257957086828,363.15885340021816,391.28006985012917,38.75427414144639,0.10600828310224149
b1,APR2024,bl_energy_mwh,building energy (MWh),200,263.21601072370737,8.488886162571404,0.03225064516110314,253.8185729102516,261.47437444815705,281.721650292093,27.9030773818414,0.10600828310224147
b1,APR2024,bl_load_factor,load factor,200,0.609296321119693,0.019650199450396765,0.032250645161103125,0.5875429928478046,0.6052647556670303,0.6521334497502154,0.06459045690241072,0.1060082831022416
b1,APR2024,pv_energy_mwh,PV energy (MWh),200,92.64510053281566,4.070631926137648,0.043937908240444905,85.79660486245196,92.76408966541152,99.37280255031823,13.57619768786627,0.14653983437642737
b1,APR2024,pv_capacity_factor,PV capacity factor,200,0.2144562512333696,0.009422759088281593,0.04393790824044491,0.1986032519964166,0.21473168904030443,0.23002963553314404,0.03142638353672744,0.1465398343764272
b1,APR2024,net_peak_kw,net peak (kW),200,431.47056169831427,17.867200346369152,0.04141001016626011,413.7541738701299,425.6338577142013,467.94253921029144,54.18836534016157,0.12558994784457686
b1,APR2024,net_min_kw,"net min (kW, <0 export)",200,-125.96043005825076,20.152808206626137,0.1599931676742165,-157.49236960529575,-125.22359188660255,-94.61310836099808,62.879261244297666,0.4991985277854241
b1,APR2024,wx_mean_temp_c,mean dry-bulb (degC),200,13.485014,2.5687356705644415,0.19048817231961654,9.716485,13.466849999999999,17.383345000000002,7.666860000000002,0.5685466844899087
b1,APR2024,wx_mean_ghi,mean GHI (W/m2),200,257.6065284333333,12.149673723670318,0.04716368718432757,237.817885,257.50659625000003,278.07942254166664,40.261537541666655,0.15629082766854663
b1,APR2024,n_sessions,EV sessions,200,398.235,33.05621487267625,0.0830068047074623,342.9,399.0,451.04999999999995,108.14999999999998,0.27157331726242034
b1,APR2024,ev_energy_mwh,EV energy (MWh),200,5.183814569731941,0.4931408669961377,0.09513088486528144,4.436974896962932,5.158586228528847,6.006323716394274,1.569348819431342,0.30274015366882506
b1,APR2024,arr_hour_mean,mean arrival hour,200,8.61821158163332,0.1741912295619407,0.020211992698481424,8.343629204976596,8.608058134524228,8.899119449110566,0.5554902441339706,0.0644553964441767
b1,APR2024,dwell_h_mean,mean dwell (h),200,6.9990300434366475,0.16614040703572597,0.023737633072674753,6.75264700674915,7.002737750007475,7.264591123575498,0.5119441168263474,0.07314500918686925
b1,APR2024,req_soc_mean,mean required SoC (%),200,56.626782543665,3.4265585788819477,0.060511270903299566,50.963319565713086,56.71439588229404,62.13729786796574,11.173978302252657,0.1973267383439344
b1,APR2024,peak_concurrency,peak concurrent EVs,200,18.41,1.5601507464853497,0.08474474451305539,16.0,18.0,21.0,5.0,0.27159152634437805
b1,AUG2024,bl_peak_kw,building peak (kW),200,600.0,3.8649828062067214e-14,6.441638010344536e-17,599.9999999999999,600.0,600.0000000000001,2.2737367544323206e-13,3.789561257387201e-16
b1,AUG2024,bl_mean_kw,building mean (kW),200,367.46463114102403,13.913711531104326,0.03786408364772549,339.50948448942074,369.5522465060252,385.1021012252272,45.59261673580647,0.1240734831927515
b1,AUG2024,bl_energy_mwh,building energy (MWh),200,273.39368556892185,10.351801379141621,0.0378640836477255,252.59505646012906,274.9468714004828,286.51596331156907,33.92090685144001,0.12407348319275148
b1,AUG2024,bl_load_factor,load factor,200,0.6124410519017067,0.023189519218507208,0.037864083647725484,0.5658491408157013,0.6159204108433753,0.6418368353753786,0.07598769455967735,0.12407348319275133
b1,AUG2024,pv_energy_mwh,PV energy (MWh),200,106.80808008800176,4.692563164763819,0.04393453342572494,98.85254944429875,106.89913111204291,114.57062510609094,15.718075661792199,0.14716185937282739
b1,AUG2024,pv_capacity_factor,PV capacity factor,200,0.23926541238351645,0.010512014257983463,0.043934533425724925,0.2214438831637517,0.23946937973127894,0.25665462613371626,0.03521074296996457,0.14716185937282725
b1,AUG2024,net_peak_kw,net peak (kW),200,398.79807099383174,21.773665194170995,0.05459822094903707,364.9939856262636,395.31845576060726,436.70838427556134,71.71439864929772,0.1798263428671573
b1,AUG2024,net_min_kw,"net min (kW, <0 export)",200,-168.86811044781112,24.924420765716217,0.1475969660560579,-206.47158873247474,-169.23268298154164,-124.04279289760638,82.42879583486837,0.48812529266941185
b1,AUG2024,wx_mean_temp_c,mean dry-bulb (degC),200,19.814409161290325,2.5687356705644415,0.1296397813154457,16.04588016129032,19.796245161290322,23.712740161290323,7.666860000000003,0.38693356625430325
b1,AUG2024,wx_mean_ghi,mean GHI (W/m2),200,298.6458788118279,14.085240807169654,0.04716368718432758,275.7047024193548,298.53002641129035,322.38031399865594,46.67561157930112,0.15629082766854682
b1,AUG2024,n_sessions,EV sessions,200,398.665,33.24271598153715,0.08338508768398818,345.8,396.5,454.04999999999995,108.24999999999994,0.271531235498476
b1,AUG2024,ev_energy_mwh,EV energy (MWh),200,5.17412773153129,0.4605408670306531,0.08900840700628691,4.395763482696379,5.1655578758510226,5.907522308939263,1.5117588262428834,0.29217655703205386
b1,AUG2024,arr_hour_mean,mean arrival hour,200,8.596029094106864,0.15419739876695895,0.017938212758338762,8.3622191056259,8.577665054667788,8.863340729783037,0.5011216241571361,0.05829687390200756
b1,AUG2024,dwell_h_mean,mean dwell (h),200,7.014069016017827,0.14383611382805173,0.020506800474813885,6.798952635856711,7.02888247592944,7.211116265228959,0.41216362937224815,0.058762414289195326
b1,AUG2024,req_soc_mean,mean required SoC (%),200,56.43866076718136,3.134083267639584,0.055530787319142565,51.355486002187135,56.31332876296354,61.69122769769476,10.335741695507622,0.18313229894210697
b1,AUG2024,peak_concurrency,peak concurrent EVs,200,18.34,1.560955769576084,0.08511209212519542,16.0,18.0,21.0,5.0,0.27262813522355506
b1,DEC2024,bl_peak_kw,building peak (kW),200,600.0,5.032872771129521e-14,8.388121285215869e-17,599.9999999999999,600.0,600.0000000000001,2.2737367544323206e-13,3.789561257387201e-16
b1,DEC2024,bl_mean_kw,building mean (kW),200,402.1956036006925,9.09393066740885,0.02261071624352582,386.972314839498,402.45240775735294,417.66612726232216,30.69381242282418,0.07631563385585285
b1,DEC2024,bl_energy_mwh,building energy (MWh),200,299.2335290789152,6.765884416552185,0.022610716243525827,287.9074022405865,299.42459137147057,310.7435986831677,22.836196442581183,0.07631563385585284
b1,DEC2024,bl_load_factor,load factor,200,0.6703260060011541,0.01515655111234809,0.02261071624352583,0.6449538580658299,0.6707540129289216,0.6961102121038703,0.05115635403804031,0.07631563385585287
b1,DEC2024,pv_energy_mwh,PV energy (MWh),200,44.0795332408357,2.016088815422715,0.04573752640272949,40.736911054208335,44.12997139133748,47.46372317651308,6.726812122304743,0.1526062466576429
b1,DEC2024,pv_capacity_factor,PV capacity factor,200,0.09874447410581474,0.00451632799153834,0.04573752640272948,0.09125652117878212,0.09885746279421477,0.10632554475025331,0.01506902357147119,0.15260624665764283
b1,DEC2024,net_peak_kw,net peak (kW),200,599.9280181886145,1.017976539054743,0.0016968311333888995,599.9999999999999,600.0,600.0000000000001,2.2737367544323206e-13,3.790015944408632e-16
b1,DEC2024,net_min_kw,"net min (kW, <0 export)",200,-0.47684887478337346,14.972666503739708,31.399185980131765,-24.117128582770743,-0.6868433148228235,26.43736268937714,50.554491272147885,106.017847468161
b1,DEC2024,wx_mean_temp_c,mean dry-bulb (degC),200,9.626102709677419,2.5687356705644415,0.26685105572185636,5.857573709677419,9.60793870967742,13.52443370967742,7.66686,0.7964656342480398
b1,DEC2024,wx_mean_ghi,mean GHI (W/m2),200,98.39354639784948,4.640602443264791,0.04716368718432755,90.83521774193548,98.35537701612904,106.21322654569893,15.37800880376345,0.15629082766854674
b1,DEC2024,n_sessions,EV sessions,200,399.105,33.73401687425264,0.0845241650048299,346.0,399.5,454.0,108.0,0.27060547976096516
b1,DEC2024,ev_energy_mwh,EV energy (MWh),200,5.184341341965371,0.5062350236735654,0.09764693145796086,4.372845077393685,5.175256712055605,6.054023901624649,1.6811788242309635,0.32428011840625304
b1,DEC2024,arr_hour_mean,mean arrival hour,200,8.598341298308876,0.17014640120244892,0.019788281867331014,8.319589001456588,8.586381550138666,8.892585013804913,0.5729960123483249,0.06664029636286034
b1,DEC2024,dwell_h_mean,mean dwell (h),200,7.017351687970825,0.16758240641688332,0.023881146886816834,6.751263260559429,7.002149733835168,7.290528707603635,0.5392654470442064,0.07684743062950908
b1,DEC2024,req_soc_mean,mean required SoC (%),200,56.314851209385395,3.25147078448681,0.05773735905644943,50.988344036914896,56.06567808809521,62.13451063026294,11.146166593348042,0.1979258819650478
b1,DEC2024,peak_concurrency,peak concurrent EVs,200,18.43,1.5088016476861037,0.08186661137743373,16.0,19.0,21.0,5.0,0.27129679869777534
b1,FEB2024,bl_peak_kw,building peak (kW),200,600.0,3.693118947787989e-14,6.155198246313315e-17,599.9999999999999,600.0,600.0,1.1368683772161603e-13,1.8947806286936006e-16
b1,FEB2024,bl_mean_kw,building mean (kW),200,301.2256626934404,13.720164061675364,0.045547792771024546,281.7332078110066,302.2191941170731,323.1934091527057,41.46020134169913,0.13763834386147067
b1,FEB2024,bl_energy_mwh,building energy (MWh),200,209.65306123463455,9.549234186926054,0.045547792771024546,196.08631263646058,210.34455910548286,224.94261277028318,28.8563001338226,0.1376383438614707
b1,FEB2024,bl_load_factor,load factor,200,0.502042771155734,0.022866940102792277,0.04554779277102455,0.4695553463516776,0.5036986568617885,0.5386556819211762,0.06910033556949857,0.13763834386147072
b1,FEB2024,pv_energy_mwh,PV energy (MWh),200,60.35083268704806,2.7173447829652813,0.0450258043175012,55.83364435275087,60.42136696039148,64.89869031232989,9.065045959579017,0.15020581416972684
b1,FEB2024,pv_capacity_factor,PV capacity factor,200,0.14451827750729898,0.006507051683345981,0.045025804317501215,0.13370125563398197,0.14468718141856196,0.15540874116937234,0.02170748553539037,0.15020581416972686
b1,FEB2024,net_peak_kw,net peak (kW),200,546.5197446628457,10.56847906968242,0.019337780881461538,528.1419255988085,550.5704752839279,558.1466757383874,30.00475013957896,0.05490149337255735
b1,FEB2024,net_min_kw,"net min (kW, <0 export)",200,-197.81369392238082,17.9685094693268,0.09083551857829104,-227.06999143721535,-198.17992950419637,-168.3121864557814,58.757804981433964,0.2970360838845144
b1,FEB2024,wx_mean_temp_c,mean dry-bulb (degC),200,10.513649057471264,2.5687356705644415,0.24432389330505883,6.745120057471264,10.495485057471264,14.411980057471263,7.666859999999999,0.7292292103426958
b1,FEB2024,wx_mean_ghi,mean GHI (W/m2),200,154.30921071839083,7.2777913439826705,0.04716368718432756,142.45559051724138,154.24935021551727,166.57270477729887,24.11711426005749,0.15629082766854677
b1,FEB2024,n_sessions,EV sessions,200,380.485,31.07342212911334,0.08166792942984175,329.0,379.5,430.04999999999995,101.04999999999995,0.26558208602178784
b1,FEB2024,ev_energy_mwh,EV energy (MWh),200,4.924414754015395,0.4658262510359893,0.09459525127450974,4.198285177121382,4.931991100289278,5.69670661628847,1.498421439167088,0.3042841665489827
b1,FEB2024,arr_hour_mean,mean arrival hour,200,8.59556038411246,0.15687159857478408,0.018250304990554952,8.345903890160184,8.592021617516947,8.870540071199096,0.5246361810389129,0.06103571583402755
b1,FEB2024,dwell_h_mean,mean dwell (h),200,7.02204876509825,0.16659736277762774,0.023724894023189936,6.752900612619336,7.027546727360508,7.2945096932158675,0.5416090805965315,0.077129780597437
b1,FEB2024,req_soc_mean,mean required SoC (%),200,56.75773021941599,3.4961032688237874,0.06159695349529361,51.53171221575472,56.53924590221645,63.23573699934385,11.704024783589126,0.20621023318485965
b1,FEB2024,peak_concurrency,peak concurrent EVs,200,18.405,1.5371366057457674,0.08351733799216339,16.0,18.0,21.0,5.0,0.2716653083401249
b1,JAN2024,bl_peak_kw,building peak (kW),200,600.0,3.948110226064496e-14,6.580183710107493e-17,599.9999999999999,600.0,600.0000000000001,2.2737367544323206e-13,3.789561257387201e-16
b1,JAN2024,bl_mean_kw,building mean (kW),200,318.9365035992069,17.5019842987301,0.054876077530228565,284.1222777326746,322.4010796722165,339.0634882838777,54.941210551203085,0.17226378897112768
b1,JAN2024,bl_energy_mwh,building energy (MWh),200,237.28875867780997,13.021476318255198,0.05487607753022857,211.38697463310993,239.86640327612906,252.263235283205,40.87626065009508,0.1722637889711276
b1,JAN2024,bl_load_factor,load factor,200,0.5315608393320116,0.029169973831216837,0.054876077530228565,0.47353712955445776,0.5373351327870274,0.5651058138064629,0.0915686842520051,0.17226378897112757
b1,JAN2024,pv_energy_mwh,PV energy (MWh),200,50.24888158072181,2.285607434647878,0.045485737448229306,46.45753168134558,50.306731001447304,54.08310343541019,7.625571754064609,0.1517560493722549
b1,JAN2024,pv_capacity_factor,PV capacity factor,200,0.11256469888154527,0.005120088339264959,0.045485737448229306,0.10407153154423293,0.11269428987779415,0.12115390554527371,0.017082374001040776,0.1517560493722548
b1,JAN2024,net_peak_kw,net peak (kW),200,586.2533195277698,15.849203754168148,0.0270347360539208,549.1865153203272,591.5250650334367,600.0,50.8134846796728,0.08667496283109037
b1,JAN2024,net_min_kw,"net min (kW, <0 export)",200,-147.8326172087163,18.031862963192882,0.12197486118868302,-181.51353380829525,-148.85415016171726,-117.51240898499202,64.00112482330323,0.4329296607997121
b1,JAN2024,wx_mean_temp_c,mean dry-bulb (degC),200,8.407285505376343,2.5687356705644415,0.30553686667614305,4.638756505376343,8.389121505376345,12.305616505376344,7.666860000000001,0.9119304911314299
b1,JAN2024,wx_mean_ghi,mean GHI (W/m2),200,112.77743373655915,5.318999606202306,0.04716368718432757,104.11417338709678,112.73368447580646,121.74025184811829,17.626078461021507,0.15629082766854668
b1,JAN2024,n_sessions,EV sessions,200,415.915,34.95219671603463,0.08403687464033427,358.9,414.0,472.15,113.25,0.27229121334888134
b1,JAN2024,ev_energy_mwh,EV energy (MWh),200,5.374267275939331,0.4987724418842282,0.09280752450054715,4.533319680400162,5.3454692719527745,6.275404715441219,1.7420850350410575,0.3241530325148502
b1,JAN2024,arr_hour_mean,mean arrival hour,200,8.59765257245028,0.15098341785437083,0.017561004772183003,8.350283268686672,8.592032357491515,8.841228621085659,0.4909453523989864,0.057102255326312856
b1,JAN2024,dwell_h_mean,mean dwell (h),200,7.029758981903025,0.148457110606009,0.021118378451976484,6.797376186708861,7.012017725939837,7.2767257559466545,0.4793495692377938,0.0681886207580945
b1,JAN2024,req_soc_mean,mean required SoC (%),200,56.58155732552519,3.39381823738002,0.059980997303674316,50.96924002281767,56.63541041498624,61.71116310313202,10.74192308031435,0.18984848752949457
b1,JAN2024,peak_concurrency,peak concurrent EVs,200,18.36,1.5596675331846692,0.08494921204709528,16.0,18.0,21.0,5.0,0.27233115468409586
b1,JUL2024,bl_peak_kw,building peak (kW),200,600.0,2.6728832585236606e-14,4.4548054308727675e-17,600.0,600.0,600.0,0.0,0.0
b1,JUL2024,bl_mean_kw,building mean (kW),200,340.36757004931343,11.547547828707499,0.03392669820757147,317.57517124422526,343.81395635439776,353.32248077002845,35.74730952580319,0.10502560370432476
b1,JUL2024,bl_energy_mwh,building energy (MWh),200,253.23347211668923,8.59137558455838,0.033926698207571465,236.27592740570356,255.79758352767197,262.87192569290113,26.595998287197574,0.10502560370432475
b1,JUL2024,bl_load_factor,load factor,200,0.5672792834155225,0.019245913047845824,0.03392669820757145,0.5292919520737088,0.5730232605906629,0.5888708012833807,0.059578849209671825,0.10502560370432447
b1,JUL2024,pv_energy_mwh,PV energy (MWh),200,113.58158926226126,4.978943984901594,0.043835836575636854,105.11983313381022,113.68041383212702,121.80696899431749,16.68713586050727,0.14691761199058828
b1,JUL2024,pv_capacity_factor,PV capacity factor,200,0.2544390440462842,0.011153548353274183,0.04383583657563686,0.23548349716355335,0.2546604252511806,0.27286507391200154,0.03738157674844819,0.1469176119905883
b1,JUL2024,net_peak_kw,net peak (kW),200,410.8977841906193,29.797777876909173,0.07251871152239095,362.0349920175942,415.03272277080623,453.93808736799144,91.90309535039722,0.22366412983079637
b1,JUL2024,net_min_kw,"net min (kW, <0 export)",200,-205.68888757332738,25.281329821792454,0.12291052822569108,-245.55175089397244,-205.6832093445767,-162.444041276294,83.10770961767844,0.4040456954100198
b1,JUL2024,wx_mean_temp_c,mean dry-bulb (degC),200,20.19088765591398,2.568735670564441,0.12722252306782805,16.422358655913982,20.172723655913977,24.089218655913978,7.666859999999996,0.3797188182439491
b1,JUL2024,wx_mean_ghi,mean GHI (W/m2),200,325.33531216666665,15.344012893044223,0.04716368718432756,300.343925,325.20910625,351.19085020833336,50.846925208333346,0.1562908276685467
b1,JUL2024,n_sessions,EV sessions,200,416.88,34.64660932455645,0.08310931041200453,359.95,415.5,478.04999999999995,118.09999999999997,0.2832949529840721
b1,JUL2024,ev_energy_mwh,EV energy (MWh),200,5.380287191526958,0.4999893528173861,0.0929298632245477,4.505021783926672,5.369286802646258,6.1525386294098805,1.6475168454832083,0.3062135508449751
b1,JUL2024,arr_hour_mean,mean arrival hour,200,8.58806671788652,0.16052259617290363,0.018691354113328014,8.326621877341188,8.59234870516549,8.834532319863767,0.5079104425225793,0.05914141787752361
b1,JUL2024,dwell_h_mean,mean dwell (h),200,7.036863759815866,0.1605990918792576,0.022822538187588844,6.762827738193788,7.0408045977011495,7.283743764240118,0.5209160260463301,0.07402673176948946
b1,JUL2024,req_soc_mean,mean required SoC (%),200,56.595992648778996,3.2630963841373717,0.057655961693036405,51.742840902599774,56.23563484303274,61.75483329095164,10.011992388351864,0.17690284982691018
b1,JUL2024,peak_concurrency,peak concurrent EVs,200,18.49,1.724753277818811,0.09328032870842679,16.0,18.0,22.0,6.0,0.3244997295835587
b1,JUN2024,bl_peak_kw,building peak (kW),200,600.0,4.029523125884315e-14,6.715871876473858e-17,599.9999999999999,600.0,600.0000000000001,2.2737367544323206e-13,3.789561257387201e-16
b1,JUN2024,bl_mean_kw,building mean (kW),200,311.1153207546569,6.016522992655707,0.01933856223493503,299.01749522437126,311.85349352924334,318.99173451075944,19.974239286388183,0.06420204327429992
b1,JUN2024,bl_energy_mwh,building energy (MWh),200,224.00303094335294,4.33189655471211,0.01933856223493504,215.2925965615473,224.53451534105523,229.6740488477468,14.381452286199504,0.06420204327429999
b1,JUN2024,bl_load_factor,load factor,200,0.5185255345910948,0.010027538321092848,0.019338562234935037,0.4983624920406187,0.5197558225487389,0.5316528908512657,0.03329039881064694,0.06420204327429985
b1,JUN2024,pv_energy_mwh,PV energy (MWh),200,111.82404846669168,4.878481186011487,0.04362640463213607,103.52578057868644,111.93541866518292,119.8581413382693,16.33236075958287,0.14605410002167543
b1,JUN2024,pv_capacity_factor,PV capacity factor,200,0.25885196404326777,0.01129278052317474,0.04362640463213609,0.2396430105988112,0.25910976542866415,0.2774494012459937,0.0378063906471825,0.14605410002167518
b1,JUN2024,net_peak_kw,net peak (kW),200,409.54836877261215,16.531189853528726,0.04036443827885714,384.5803617497356,409.64827709546,435.9322513382214,51.35188958848585,0.12538662952652913
b1,JUN2024,net_min_kw,"net min (kW, <0 export)",200,-243.31726646796335,23.360166120142836,0.09600702185768875,-277.71632057367555,-245.34001667403703,-203.45057471275433,74.26574586092121,0.3052218485723433
b1,JUN2024,wx_mean_temp_c,mean dry-bulb (degC),200,18.06348622222222,2.5687356705644415,0.14220597502404098,14.294957222222221,18.045322222222218,21.96181722222222,7.666859999999998,0.4244396627362002
b1,JUN2024,wx_mean_ghi,mean GHI (W/m2),200,331.3027641777778,15.625459932983755,0.04716368718432756,305.85297333333335,331.1742433333333,357.6325565555556,51.77958322222224,0.1562908276685467
b1,JUN2024,n_sessions,EV sessions,200,361.965,30.962999072405584,0.08554141718786508,313.9,362.0,414.09999999999997,100.19999999999999,0.2768223447018358
b1,JUN2024,ev_energy_mwh,EV energy (MWh),200,4.6846918079846285,0.47221047824471407,0.10079862189437404,3.940093589452366,4.670832799977829,5.510897029472571,1.5708034400202049,0.3353056090782566
b1,JUN2024,arr_hour_mean,mean arrival hour,200,8.596985928544767,0.18046088204211785,0.02099118034414009,8.312959677419354,8.60258646307984,8.886417597765362,0.5734579203460086,0.06670453169429338
b1,JUN2024,dwell_h_mean,mean dwell (h),200,7.034015464367852,0.16935224256457931,0.024076182860624268,6.767884987006064,7.036419605021188,7.309338626538078,0.5414536395320138,0.07697646419386629
b1,JUN2024,req_soc_mean,mean required SoC (%),200,56.927021375481466,3.4910595082879405,0.06132517430099626,51.680262066620735,57.003588648345,62.03907565081427,10.358813584193534,0.18196654829116155
b1,JUN2024,peak_concurrency,peak concurrent EVs,200,18.395,1.7789881941639958,0.09671042099287827,16.0,18.0,22.0,6.0,0.32617559119325906
b1,MAR2024,bl_peak_kw,building peak (kW),200,600.0,3.948110226064496e-14,6.580183710107493e-17,599.9999999999999,600.0,600.0,1.1368683772161603e-13,1.8947806286936006e-16
b1,MAR2024,bl_mean_kw,building mean (kW),200,337.96937868043403,14.28059632396503,0.042254113019712373,321.7454371199274,334.24284366356176,365.2732178566256,43.52778073669822,0.12879208437950168
b1,MAR2024,bl_energy_mwh,building energy (MWh),200,251.4492177382429,10.624763665029985,0.04225411301971239,239.378605217226,248.67667568568996,271.76327408532944,32.38466886810343,0.12879208437950151
b1,MAR2024,bl_load_factor,load factor,200,0.5632822978007234,0.023800993873275052,0.04225411301971238,0.536242395199879,0.5570714061059363,0.6087886964277094,0.07254630122783035,0.12879208437950165
b1,MAR2024,pv_energy_mwh,PV energy (MWh),200,82.85357182887289,3.6907851136363763,0.04454587813376813,76.70632869184364,82.95200645256762,89.0142252772235,12.307896585379865,0.14854998177750012
b1,MAR2024,pv_capacity_factor,PV capacity factor,200,0.18560387954496613,0.008267887799364642,0.04454587813376814,0.17183317359283967,0.18582438721453318,0.19940462651707772,0.027571452924238044,0.14854998177750012
b1,MAR2024,net_peak_kw,net peak (kW),200,480.962368539187,17.327799883327,0.03602735061363786,459.86655866339686,476.63406772071187,513.284634278735,53.418075615338125,0.11106497952757362
b1,MAR2024,net_min_kw,"net min (kW, <0 export)",200,-202.0911081501215,21.271306796305986,0.10525602531955436,-232.344352411309,-202.08814187240205,-163.4869046973527,68.85744771395628,0.3407247767814018
b1,MAR2024,wx_mean_temp_c,mean dry-bulb (degC),200,12.056882279569896,2.5687356705644415,0.21305140176387918,8.288353279569892,12.038718279569892,15.955213279569895,7.666860000000003,0.6358907570152955
b1,MAR2024,wx_mean_ghi,mean GHI (W/m2),200,210.53838332258064,9.92976645132024,0.04716368718432756,194.3653887096774,210.45671008064517,227.2706068951613,32.9052181854839,0.15629082766854682
b1,MAR2024,n_sessions,EV sessions,200,380.61,32.72802342928671,0.08598834352562126,325.95,378.5,431.04999999999995,105.09999999999997,0.2761356769396494
b1,MAR2024,ev_energy_mwh,EV energy (MWh),200,4.9338020505606215,0.4711156305568035,0.09548733932348812,4.144764471392224,4.938561898782277,5.741659051288037,1.596894579895813,0.3236640958699103
b1,MAR2024,arr_hour_mean,mean arrival hour,200,8.60924611336595,0.1724731747120147,0.02003348172893422,8.36209549071618,8.600122850122851,8.936552419354838,0.5744569286386572,0.06672557864814742
b1,MAR2024,dwell_h_mean,mean dwell (h),200,6.9992679295163365,0.17329342670517578,0.024758793126690708,6.73297181738611,7.009912607752922,7.268623544057465,0.5356517266713547,0.07652967882719262
b1,MAR2024,req_soc_mean,mean required SoC (%),200,56.69972893390455,3.0101533744807827,0.05308937857515596,51.86445577907536,56.84549040865866,61.75160019838112,9.887144419305763,0.174377278431636
b1,MAR2024,peak_concurrency,peak concurrent EVs,200,18.555,1.7122012632366401,0.0922770823625244,16.0,19.0,22.0,6.0,0.32336297493936944
b1,MAY2024,bl_peak_kw,building peak (kW),200,600.0,4.6295696064632385e-14,7.715949344105398e-17,599.9999999999999,600.0,600.0000000000001,2.2737367544323206e-13,3.789561257387201e-16
b1,MAY2024,bl_mean_kw,building mean (kW),200,279.2843493784286,5.129555326982901,0.018366784026384468,270.21528205969275,279.55394231377454,287.4243970010257,17.209114941332928,0.06161861550650188
b1,MAY2024,bl_energy_mwh,building energy (MWh),200,207.78755593755085,3.8163891632752764,0.01836678402638446,201.04016985241142,207.9881330814482,213.8437513687631,12.80358151635167,0.06161861550650175
b1,MAY2024,bl_load_factor,load factor,200,0.4654739156307143,0.008549258878304834,0.018366784026384468,0.4503588034328213,0.4659232371896242,0.479040661668376,0.02868185823555469,0.06161861550650148
b1,MAY2024,pv_energy_mwh,PV energy (MWh),200,111.99210259519089,4.874224604063817,0.043522931448856675,103.71648131686061,112.13218994314036,119.98045604180498,16.263974724944376,0.1452243001788483
b1,MAY2024,pv_capacity_factor,PV capacity factor,200,0.2508783660286534,0.010918961926666257,0.04352293144885669,0.23233978789619314,0.2511921817722678,0.2687734230327173,0.036433635136524145,0.14522430017884833
b1,MAY2024,net_peak_kw,net peak (kW),200,350.35506656895626,11.506977490535707,0.032843759341698926,331.6779833432435,350.52432089122226,369.8181470591255,38.14016371588201,0.10886145900326329
b1,MAY2024,net_min_kw,"net min (kW, <0 export)",200,-292.96314619289046,21.942812682006515,0.07489956660814635,-323.7590248520583,-294.4547545817045,-251.5215950142934,72.23742983776489,0.24657514358547644
b1,MAY2024,wx_mean_temp_c,mean dry-bulb (degC),200,15.634839268817204,2.5687356705644415,0.1642956237924133,11.866310268817204,15.616675268817204,19.53317026881721,7.666860000000005,0.4903702473802286
b1,MAY2024,wx_mean_ghi,mean GHI (W/m2),200,313.804128844086,14.800159769952893,0.04716368718432756,289.6985362903226,313.6823961693549,338.7432433131721,49.044707022849536,0.1562908276685469
b1,MAY2024,n_sessions,EV sessions,200,417.94,35.66801700663957,0.08534243433660232,354.0,419.0,471.19999999999993,117.19999999999993,0.28042302722878865
b1,MAY2024,ev_energy_mwh,EV energy (MWh),200,5.416605192863215,0.525009450206892,0.09692592158989759,4.587950980979705,5.427616912759175,6.28964485902938,1.7016938780496753,0.3141624352263638
b1,MAY2024,arr_hour_mean,mean arrival hour,200,8.608096777844292,0.16966981156571806,0.019710490709446707,8.327001853336004,8.609072928653625,8.890055272701911,0.5630534193659074,0.06540974548695905
b1,MAY2024,dwell_h_mean,mean dwell (h),200,6.99924393638636,0.16383745649072276,0.023407879190921643,6.685892660940657,7.00671935462714,7.251394218226879,0.5655015572862219,0.08079466331304702
b1,MAY2024,req_soc_mean,mean required SoC (%),200,56.656563169404244,3.6096773252324694,0.06371154767082259,50.27156608463737,56.72522973986468,61.76873906021766,11.497172975580291,0.2029274691654613
b1,MAY2024,peak_concurrency,peak concurrent EVs,200,18.46,1.7703305769710906,0.09590089799410025,16.0,18.0,21.049999999999983,5.049999999999983,0.27356446370530785
b1,NOV2024,bl_peak_kw,building peak (kW),200,600.0,3.419163752712976e-14,5.698606254521627e-17,599.9999999999999,600.0,600.0,1.1368683772161603e-13,1.8947806286936006e-16
b1,NOV2024,bl_mean_kw,building mean (kW),200,325.97477694226416,12.918799413001139,0.039631285384050696,307.6331829203971,325.39812453657294,345.6175551613143,37.98437224091725,0.1165254950006299
b1,NOV2024,bl_energy_mwh,building energy (MWh),200,234.70183939843025,9.30153557736082,0.03963128538405068,221.4958917026859,234.2866496663325,248.84463971614633,27.348748013460437,0.11652549500062995
b1,NOV2024,bl_load_factor,load factor,200,0.5432912949037737,0.021531332355001896,0.03963128538405068,0.5127219715339951,0.5423302075609548,0.5760292586021906,0.06330728706819544,0.11652549500062992
b1,NOV2024,pv_energy_mwh,PV energy (MWh),200,51.40123234228966,2.3335199172891072,0.04539813173641045,47.52530577857229,51.46075706187297,55.31076292879788,7.785457150225589,0.15146440650256962
b1,NOV2024,pv_capacity_factor,PV capacity factor,200,0.11898433412567051,0.005401666475206268,0.045398131736410455,0.11001228189484327,0.11912212282840966,0.12803417344629137,0.018021891551448094,0.15146440650256934
b1,NOV2024,net_peak_kw,net peak (kW),200,578.9847300780061,17.291824142347195,0.029865768895178776,546.8624688278593,581.7596581402206,600.0,53.13753117214071,0.09177708566680426
b1,NOV2024,net_min_kw,"net min (kW, <0 export)",200,-124.18186527380972,18.929017335637464,0.1524298036102188,-154.08300808538687,-124.4605054380506,-90.13652964493629,63.946478440450576,0.5149421640547467
b1,NOV2024,wx_mean_temp_c,mean dry-bulb (degC),200,12.890986222222223,2.5687356705644415,0.19926603180572075,9.122457222222222,12.872822222222222,16.789317222222223,7.666860000000002,0.594745806708212
b1,NOV2024,wx_mean_ghi,mean GHI (W/m2),200,123.62493103333333,5.830607575440201,0.047163687184327556,114.12839499999998,123.57697375000001,133.44983779166668,19.321442791666698,0.15629082766854693
b1,NOV2024,n_sessions,EV sessions,200,381.44,31.640988619258092,0.08295141731139391,331.95,379.5,430.19999999999993,98.24999999999994,0.25757655201342267
b1,NOV2024,ev_energy_mwh,EV energy (MWh),200,4.953948221995301,0.45831508380986896,0.09251511385907733,4.247145246788681,4.928619442607044,5.759962270891821,1.51281702410314,0.3053760266177798
b1,NOV2024,arr_hour_mean,mean arrival hour,200,8.603421005427304,0.17042481978951704,0.019808959678017362,8.352278765283506,8.586125017082768,8.872216489361701,0.5199377240781953,0.06043383483735162
b1,NOV2024,dwell_h_mean,mean dwell (h),200,7.020674887312802,0.17535065500503405,0.024976324615445963,6.7040002541726675,7.023576408384803,7.264423593589384,0.5604233394167162,0.07982471036074723
b1,NOV2024,req_soc_mean,mean required SoC (%),200,56.91999779972161,3.1317048316959193,0.055019412381481794,51.38224740268714,57.28547779067367,61.81085373963766,10.428606336950516,0.1832151570638592
b1,NOV2024,peak_concurrency,peak concurrent EVs,200,18.41,1.6690803293217025,0.09066161484637167,16.0,18.0,22.0,6.0,0.32590983161325365
b1,OCT2024,bl_peak_kw,building peak (kW),200,600.0,3.2236185007074526e-14,5.372697501179088e-17,600.0,600.0,600.0,0.0,0.0
b1,OCT2024,bl_mean_kw,building mean (kW),200,305.3165981917218,6.976518687970828,0.0228501127331111,295.5608401143227,305.0732001843293,317.0167783163939,21.455938202071252,0.07027439166146518
b1,OCT2024,bl_energy_mwh,building energy (MWh),200,227.15554905464103,5.1905299038502966,0.022850112733111102,219.89726504505606,226.974460937141,235.8604830673971,15.963218022341039,0.0702743916614653
b1,OCT2024,bl_load_factor,load factor,200,0.508860996986203,0.011627531146618046,0.0228501127331111,0.4926014001905378,0.5084553336405488,0.5283612971939899,0.03575989700345217,0.07027439166146535
b1,OCT2024,pv_energy_mwh,PV energy (MWh),200,71.45278628843408,3.2043931362480187,0.04484630065107352,66.11546434625934,71.53710055691258,76.79760809789873,10.682143751639387,0.14949933104803897
b1,OCT2024,pv_capacity_factor,PV capacity factor,200,0.1600644854131588,0.007178300036397891,0.04484630065107352,0.14810811905524043,0.1602533614626178,0.1720376525490563,0.02392953349381588,0.14949933104803928
b1,OCT2024,net_peak_kw,net peak (kW),200,473.09454495334853,13.690452475231513,0.028938089904590885,447.29781316544444,476.1751785233798,489.4813824014779,42.18356923603346,0.08916519897770783
b1,OCT2024,net_min_kw,"net min (kW, <0 export)",200,-181.3076845692881,19.499027274957403,0.10754661238589532,-213.13494339220765,-182.39897984638145,-148.47556981576028,64.65937357644736,0.35662787117959854
b1,OCT2024,wx_mean_temp_c,mean dry-bulb (degC),200,16.726909161290322,2.5687356705644415,0.15356905724753084,12.958380161290322,16.708745161290324,20.625240161290325,7.666860000000003,0.45835485361173434
b1,OCT2024,wx_mean_ghi,mean GHI (W/m2),200,177.48553425806452,8.370872217490607,0.047163687184327556,163.8515709677419,177.41668306451612,191.59093201612902,27.73936104838711,0.15629082766854674
b1,OCT2024,n_sessions,EV sessions,200,417.43,35.296092855361074,0.08455571677972612,361.95,415.0,474.04999999999995,112.09999999999997,0.2685480200273099
b1,OCT2024,ev_energy_mwh,EV energy (MWh),200,5.429877859739531,0.5459813786080498,0.10055131859526585,4.594138009242972,5.402504669501362,6.358890455303232,1.7647524460602604,0.32500776106682344
b1,OCT2024,arr_hour_mean,mean arrival hour,200,8.604160041069076,0.17030292507949238,0.01979309127987025,8.316607377439045,8.596808510638297,8.88275198886237,0.5661446114233257,0.06579894013140436
b1,OCT2024,dwell_h_mean,mean dwell (h),200,7.013745173210728,0.14653157975098396,0.02089205925397276,6.788772017708585,7.007035099075772,7.255450767263427,0.4666787495548421,0.0665377395428251
b1,OCT2024,req_soc_mean,mean required SoC (%),200,56.65128063325587,3.3623248578921374,0.059351259500360874,51.14915482358386,56.43721706755167,62.46812082298453,11.318965999400675,0.19980070834896763
b1,OCT2024,peak_concurrency,peak concurrent EVs,200,18.59,1.6077388222603244,0.08648406789996366,16.0,19.0,21.0,5.0,0.2689618074233459
b1,SEP2024,bl_peak_kw,building peak (kW),200,600.0,3.6041150505539086e-14,6.006858417589848e-17,600.0,600.0,600.0000000000001,1.1368683772161603e-13,1.8947806286936006e-16
b1,SEP2024,bl_mean_kw,building mean (kW),200,274.82812008160096,8.40970021045482,0.030599853493732166,258.31743210654366,277.04509008487946,283.9815850708293,25.66415296428562,0.09338255836653656
b1,SEP2024,bl_energy_mwh,building energy (MWh),200,197.87624645875272,6.054984151527471,0.030599853493732163,185.98855111671145,199.47246486111317,204.46674125099707,18.478190134285626,0.09338255836653644
b1,SEP2024,bl_load_factor,load factor,200,0.45804686680266826,0.014016167017424698,0.030599853493732163,0.4305290535109061,0.4617418168081324,0.47330264178471537,0.04277358827380928,0.09338255836653638
b1,SEP2024,pv_energy_mwh,PV energy (MWh),200,87.99960866167723,3.9007423376516916,0.0443268145958292,81.43409298724096,88.08711429155349,94.47020431045596,13.036111323214996,0.1481382874477721
b1,SEP2024,pv_capacity_factor,PV capacity factor,200,0.20370279782795656,0.009029496151971508,0.04432681459582919,0.18850484487787258,0.2039053571563738,0.21868102849642582,0.03017618361855323,0.14813828744777208
b1,SEP2024,net_peak_kw,net peak (kW),200,455.26234468018936,17.8782924091773,0.03927030780842716,420.5218036676845,459.04385460252604,477.15465430537915,56.63285063769467,0.12439607909474232
b1,SEP2024,net_min_kw,"net min (kW, <0 export)",200,-257.74009150062784,22.7015859665589,0.08807937420361937,-295.06344122476,-258.95497418049206,-219.2222664134806,75.84117481127942,0.2942544730612648
b1,SEP2024,wx_mean_temp_c,mean dry-bulb (degC),200,19.358625111111113,2.5687356705644415,0.1326920510016016,15.590096111111112,19.34046111111111,23.256956111111116,7.666860000000003,0.3960436216929227
b1,SEP2024,wx_mean_ghi,mean GHI (W/m2),200,241.03226906111112,11.367970539326917,0.04716368718432755,222.5168158333333,240.93876645833333,260.18794865972217,37.671132826388856,0.15629082766854652
b1,SEP2024,n_sessions,EV sessions,200,380.725,32.317510461235415,0.08488413017594172,327.85,379.0,435.09999999999997,107.24999999999994,0.281699389323002
b1,SEP2024,ev_energy_mwh,EV energy (MWh),200,4.928622141542539,0.4574425886368735,0.09281348326161296,4.209281830289375,4.912828682608597,5.698595901065613,1.4893140707762385,0.30217655726192866
b1,SEP2024,arr_hour_mean,mean arrival hour,200,8.61951891232167,0.17408009241594524,0.020196033466217747,8.337392958437876,8.617251506967946,8.935592948717948,0.5981999902800723,0.06940062390546423
b1,SEP2024,dwell_h_mean,mean dwell (h),200,6.995249570963241,0.1657200901887467,0.02369037566245505,6.738805722803317,7.005775604837043,7.240407763201902,0.501602040398585,0.07170609644589346
b1,SEP2024,req_soc_mean,mean required SoC (%),200,57.01062064255354,3.2808101786201194,0.05754735068032702,51.02097232413647,56.99082871144205,62.170365431916565,11.149393107780092,0.19556694844079678
b1,SEP2024,peak_concurrency,peak concurrent EVs,200,18.31,1.7024664342650033,0.09298014387028965,16.0,18.0,21.049999999999983,5.049999999999983,0.2758055707263781
b10,APR2024,bl_peak_kw,building peak (kW),200,50.0,2.56832713116969e-15,5.13665426233938e-17,49.99999999999999,50.0,50.00000000000001,1.4210854715202004e-14,2.842170943040401e-16
b10,APR2024,bl_mean_kw,building mean (kW),200,17.19461748701537,0.6652206684554574,0.03868772707260299,16.16169748095347,17.141989507094806,18.239878217137093,2.078180736183622,0.12086228366248764
b10,APR2024,bl_energy_mwh,building energy (MWh),200,12.38012459065107,0.47895888128792924,0.03868772707260298,11.636422186286497,12.34223244510826,13.132712316338708,1.496290130052211,0.12086228366248786
b10,APR2024,bl_load_factor,load factor,200,0.3438923497403074,0.013304413369109147,0.03868772707260299,0.3232339496190694,0.34283979014189614,0.3647975643427419,0.04156361472367248,0.12086228366248776
b10,APR2024,pv_energy_mwh,PV energy (MWh),200,7.683440459323334,0.3324579660441946,0.043269413982479604,7.1427478388128876,7.67358156827513,8.208156064856176,1.0654082260432887,0.13866291171040285
b10,APR2024,pv_capacity_factor,PV capacity factor,200,0.2134289016478704,0.009234943501227624,0.04326941398247959,0.19840966218924685,0.21315504356319803,0.2280043351348938,0.029594672945646938,0.138662911710403
b10,APR2024,net_peak_kw,net peak (kW),200,32.36599122296989,2.7705572558315072,0.0856008776850086,29.15792369689687,31.749408096491578,37.07569423095235,7.917770534055482,0.2446324130631384
b10,APR2024,net_min_kw,"net min (kW, <0 export)",200,-28.742570623056075,1.5158382107853832,0.0527384356348921,-30.835920752687752,-28.764904109556138,-26.08040682915463,4.7555139235331225,0.16545193489821158
b10,APR2024,wx_mean_temp_c,mean dry-bulb (degC),200,13.846760999999999,2.7499180917685857,0.1985964870606625,9.50182,13.741800000000001,18.286244999999997,8.784424999999997,0.634402875878337
b10,APR2024,wx_mean_ghi,mean GHI (W/m2),200,256.607983275,11.519857364249104,0.04489282530194541,237.83859633333336,256.65225375,274.82644875,36.98785241666664,0.1441414719238401
b10,APR2024,n_sessions,EV sessions,200,117.075,22.416105458343964,0.1914679091039416,83.95,118.0,156.0,72.05,0.6154174674354046
b10,APR2024,ev_energy_mwh,EV energy (MWh),200,1.5014769947950344,0.30187068177414933,0.20104915547864088,1.0277763891707925,1.5298725865296112,2.0113644245083053,0.9835880353375128,0.6550803234063415
b10,APR2024,arr_hour_mean,mean arrival hour,200,8.69750812591869,0.3361417432446255,0.038648051646300696,8.2048086839934,8.680388621794872,9.290875180078205,1.086066496084804,0.12487099527372807
b10,APR2024,dwell_h_mean,mean dwell (h),200,6.977678046856372,0.32069752570655835,0.04596049338376124,6.431660714285714,6.971926166203275,7.456459651898734,1.0247989376130198,0.14686818892062792
b10,APR2024,req_soc_mean,mean required SoC (%),200,57.5032393205856,5.927478647393231,0.10308077801229629,47.904437684430974,57.73122404793513,67.03379523426352,19.129357549832548,0.33266573806711486
b10,APR2024,peak_concurrency,peak concurrent EVs,200,6.85,1.0597714743705113,0.15471116414168049,5.0,7.0,9.0,4.0,0.5839416058394161
b10,AUG2024,bl_peak_kw,building peak (kW),200,50.0,2.893481004039524e-15,5.786962008079049e-17,49.99999999999999,50.0,50.00000000000001,1.4210854715202004e-14,2.842170943040401e-16
b10,AUG2024,bl_mean_kw,building mean (kW),200,17.78574859956469,0.9588540499915383,0.053911368679472195,15.956659269298372,17.97428416598658,19.088507321896408,3.131848052598036,0.17608750259039915
b10,AUG2024,bl_energy_mwh,building energy (MWh),200,13.232596958076128,0.7133874131937046,0.05391136867947221,11.871754496357989,13.372867419494014,14.201849447490929,2.3300949511329403,0.17608750259039932
b10,AUG2024,bl_load_factor,load factor,200,0.3557149719912938,0.019177080999830762,0.05391136867947218,0.3191331853859674,0.35948568331973163,0.38177014643792817,0.06263696105196076,0.1760875025903993
b10,AUG2024,pv_energy_mwh,PV energy (MWh),200,8.857714907744661,0.3834676746660284,0.04329194139345656,8.236289286911495,8.843692054787928,9.466859640903385,1.2305703539918902,0.13892638979788707
b10,AUG2024,pv_capacity_factor,PV capacity factor,200,0.23811061579958767,0.010308270824355602,0.043291941393456566,0.2214056259922445,0.23773365738677227,0.25448547421783296,0.03307984822558846,0.13892638979788713
b10,AUG2024,net_peak_kw,net peak (kW),200,31.135077189374492,2.96372186695469,0.09518916073110373,26.137815556882916,30.949923507644435,36.1334206889165,9.995605132033585,0.3210399984312484
b10,AUG2024,net_min_kw,"net min (kW, <0 export)",200,-32.594169618926095,1.6923066387980636,0.05192053237077746,-35.298021275488885,-32.642623731284246,-29.74273322647945,5.555288049009434,0.1704380910438567
b10,AUG2024,wx_mean_temp_c,mean dry-bulb (degC),200,20.176156161290322,2.749918091768586,0.13629544050836298,15.831215161290324,20.071195161290326,24.615640161290322,8.784424999999999,0.4353864497170015
b10,AUG2024,wx_mean_ghi,mean GHI (W/m2),200,297.4882552137097,13.355088270689617,0.0448928253019454,275.72871327956994,297.5395784274193,318.60910826612906,42.88039498655911,0.14414147192384008
b10,AUG2024,n_sessions,EV sessions,200,116.065,22.014859645842183,0.18967698828968407,82.95,115.5,153.09999999999997,70.14999999999996,0.6044027053806054
b10,AUG2024,ev_energy_mwh,EV energy (MWh),200,1.4827107420756527,0.30133469922958767,0.20323228980438088,1.022875924413447,1.45301242284518,1.9891435556798456,0.9662676312663985,0.6516899108141057
b10,AUG2024,arr_hour_mean,mean arrival hour,200,8.685934602812498,0.3216946874836005,0.037036277866913256,8.186723008616143,8.691367398408637,9.240920836269673,1.05419782765353,0.1213683818563614
b10,AUG2024,dwell_h_mean,mean dwell (h),200,6.936597030733692,0.30269615851579335,0.04363755847062328,6.443471128608924,6.960798816568047,7.400266666666666,0.956795538057742,0.13793442718648752
b10,AUG2024,req_soc_mean,mean required SoC (%),200,57.33389423723036,6.259476620841745,0.10917584971538684,46.42802685477442,57.522832557955816,67.36494630630983,20.93691945153541,0.3651752550577631
b10,AUG2024,peak_concurrency,peak concurrent EVs,200,6.935,0.9775237919452884,0.14095512501013532,5.0,7.0,9.0,4.0,0.5767844268204759
b10,DEC2024,bl_peak_kw,building peak (kW),200,50.0,3.802779056690155e-15,7.60555811338031e-17,49.99999999999999,50.0,50.00000000000001,1.4210854715202004e-14,2.842170943040401e-16
b10,DEC2024,bl_mean_kw,building mean (kW),200,19.212761790495325,0.53520434788425,0.027856710748842935,18.49833215327595,19.10235352002903,19.953050784558922,1.4547186312829723,0.07571626854826415
b10,DEC2024,bl_energy_mwh,building energy (MWh),200,14.294294772128518,0.39819203482588206,0.02785671074884295,13.762759122037306,14.212151018901599,14.845069783711837,1.0823106616745317,0.07571626854826419
b10,DEC2024,bl_load_factor,load factor,200,0.3842552358099065,0.010704086957685002,0.027856710748842942,0.36996664306551896,0.3820470704005806,0.3990610156911784,0.029094372625659448,0.07571626854826415
b10,DEC2024,pv_energy_mwh,PV energy (MWh),200,3.6552972372869896,0.1640628689222769,0.04488359174972226,3.3903494884384133,3.648628355382644,3.9120047396628177,0.5216552512244044,0.1427121290994064
b10,DEC2024,pv_capacity_factor,PV capacity factor,200,0.09826067842169328,0.0044102921753300245,0.04488359174972226,0.09113842710855949,0.09808140740275925,0.10516141773287145,0.014022990624311962,0.14271212909940653
b10,DEC2024,net_peak_kw,net peak (kW),200,49.957666476003084,0.22325428515677564,0.004468869362903785,49.83360949854829,50.0,50.00000000000001,0.16639050145171552,0.003330629975113837
b10,DEC2024,net_min_kw,"net min (kW, <0 export)",200,-19.061578930399683,1.2077682356774986,0.06336139519645627,-20.803616834469956,-19.156141358592173,-16.959368383629098,3.8442484508408583,0.201675237128966
b10,DEC2024,wx_mean_temp_c,mean dry-bulb (degC),200,9.987849709677418,2.7499180917685857,0.27532633867169004,5.642908709677419,9.882888709677419,14.427333709677418,8.784424999999999,0.8795111315590384
b10,DEC2024,wx_mean_ghi,mean GHI (W/m2),200,98.01214923387097,4.400042293024372,0.04489282530194541,90.84312849462366,98.02905846774195,104.97074395161292,14.127615456989261,0.14414147192384033
b10,DEC2024,n_sessions,EV sessions,200,115.52,22.247795893313853,0.19258826084932354,83.95,116.0,153.0,69.05,0.5977319944598338
b10,DEC2024,ev_energy_mwh,EV energy (MWh),200,1.485891774724896,0.3108385678593576,0.2091932758137163,1.0018789967647088,1.4865464014710759,1.9975642360070183,0.9956852392423094,0.6700927053901046
b10,DEC2024,arr_hour_mean,mean arrival hour,200,8.72275047133496,0.3081629584469803,0.03532864541519069,8.259665852103698,8.703643331045527,9.259976708074534,1.0003108559708362,0.11467837573229872
b10,DEC2024,dwell_h_mean,mean dwell (h),200,6.934746428631525,0.29823523448821765,0.04300593216456946,6.468618543148779,6.9393324921893775,7.382640888523242,0.9140223453744634,0.13180328290025636
b10,DEC2024,req_soc_mean,mean required SoC (%),200,57.133314169141194,5.7935206356891396,0.10140354572356196,47.198533626587746,57.44556226652814,66.1722617477217,18.97372812113396,0.3320957027796934
b10,DEC2024,peak_concurrency,peak concurrent EVs,200,6.795,1.174680540342478,0.17287425170603063,5.0,7.0,9.0,4.0,0.5886681383370125
b10,FEB2024,bl_peak_kw,building peak (kW),200,50.0,2.979872537572071e-15,5.959745075144142e-17,49.99999999999999,50.0,50.00000000000001,1.4210854715202004e-14,2.842170943040401e-16
b10,FEB2024,bl_mean_kw,building mean (kW),200,17.024264113810318,0.8514443852835928,0.05001357941767887,15.812485866658136,16.9659388308913,18.494521881718892,2.6820360150607563,0.15754196464122355
b10,FEB2024,bl_energy_mwh,building energy (MWh),200,11.848887823211983,0.5926052921573806,0.050013579417678866,11.005490163194063,11.808293426300345,12.872187229676351,1.8666970664822884,0.1575419646412237
b10,FEB2024,bl_load_factor,load factor,200,0.34048528227620634,0.017028887705671854,0.05001357941767887,0.3162497173331627,0.339318776617826,0.36989043763437784,0.05364072030121514,0.1575419646412236
b10,FEB2024,pv_energy_mwh,PV energy (MWh),200,5.004800006771214,0.22141687046375338,0.044240902766182214,4.646781466053339,4.996520757266736,5.352723636768899,0.7059421707155602,0.14105302304996403
b10,FEB2024,pv_capacity_factor,PV capacity factor,200,0.1438160921485981,0.006362553748958432,0.04424090276618222,0.13352820304750973,0.14357818268007863,0.1538138976083017,0.02028569456079196,0.14105302304996403
b10,FEB2024,net_peak_kw,net peak (kW),200,43.93608617060889,1.1962777475824038,0.027227681203489982,41.41152475719007,44.37282398307773,45.0822306569024,3.670705899712324,0.08354649263611123
b10,FEB2024,net_min_kw,"net min (kW, <0 export)",200,-27.060034134745592,1.5934874830121348,0.05888712021120723,-29.527091673668032,-27.031107718067886,-24.387538623494983,5.139553050173049,0.1899315065376716
b10,FEB2024,wx_mean_temp_c,mean dry-bulb (degC),200,10.875396057471267,2.7499180917685857,0.25285682261469683,6.530455057471264,10.770435057471264,15.314880057471262,8.784424999999999,0.8077338014706328
b10,FEB2024,wx_mean_ghi,mean GHI (W/m2),200,153.71107092672412,6.900524254088368,0.044892825301945424,142.46799683908046,153.73758943965515,164.62413685344828,22.15614001436782,0.14414147192384025
b10,FEB2024,n_sessions,EV sessions,200,110.685,21.70972907899629,0.19613975768167582,78.95,109.0,147.04999999999998,68.09999999999998,0.6152595202601977
b10,FEB2024,ev_energy_mwh,EV energy (MWh),200,1.4193080781621534,0.3025029357099087,0.21313409002900657,0.9238505373453456,1.4098156353259188,1.892697283627172,0.9688467462818264,0.6826190600819911
b10,FEB2024,arr_hour_mean,mean arrival hour,200,8.69721159839054,0.3259783280671348,0.03748078615535336,8.201778093883357,8.678598916322887,9.200830358108838,0.9990522642254813,0.11487041023704203
b10,FEB2024,dwell_h_mean,mean dwell (h),200,6.9638533306862564,0.2835295846944952,0.04071446815875926,6.496568531559729,6.980492529053681,7.4352371504157215,0.938668618855993,0.13479155494555647
b10,FEB2024,req_soc_mean,mean required SoC (%),200,58.27393812148158,6.244423446172442,0.10715636607834737,48.91396637301734,59.003418774000124,67.95678968956788,19.042823316550546,0.3267811294450816
b10,FEB2024,peak_concurrency,peak concurrent EVs,200,6.81,1.0768929809699344,0.15813406475329433,5.0,7.0,8.0,3.0,0.4405286343612335
b10,JAN2024,bl_peak_kw,building peak (kW),200,50.0,3.3029187725299537e-15,6.605837545059908e-17,49.99999999999999,50.0,50.00000000000001,1.4210854715202004e-14,2.842170943040401e-16
b10,JAN2024,bl_mean_kw,building mean (kW),200,14.769238634940775,1.0428511168573211,0.07060967343233011,13.99784491424501,14.148584182049717,16.996572751069866,2.998727836824857,0.20303875581849734
b10,JAN2024,bl_energy_mwh,building energy (MWh),200,10.988313544395938,0.775881230941847,0.07060967343233011,10.414396616198287,10.52654663144499,12.645450126795978,2.2310535105976914,0.20303875581849712
b10,JAN2024,bl_load_factor,load factor,200,0.2953847726988155,0.02085702233714642,0.0706096734323301,0.27995689828490017,0.28297168364099434,0.3399314550213973,0.05997455673649715,0.20303875581849737
b10,JAN2024,pv_energy_mwh,PV energy (MWh),200,4.166985521525261,0.1860334123940466,0.04464460253894809,3.866467013581454,4.1594246508364225,4.458221156200416,0.5917541426189623,0.14201012688000889
b10,JAN2024,pv_capacity_factor,PV capacity factor,200,0.11201573982594787,0.00500089818263566,0.044644602538948086,0.1039372853113294,0.11181249061388232,0.11984465473657033,0.01590736942524093,0.14201012688000897
b10,JAN2024,net_peak_kw,net peak (kW),200,45.631519289641474,0.9085180560235719,0.019909879621952647,44.97319763712485,45.34392593958802,48.0941422517453,3.1209446146204556,0.06839449273671065
b10,JAN2024,net_min_kw,"net min (kW, <0 export)",200,-23.48610579384277,1.4420799409267144,0.061401407009959774,-25.761512998442367,-23.57026074775841,-21.11584755064431,4.645665447798056,0.1978048420873581
b10,JAN2024,wx_mean_temp_c,mean dry-bulb (degC),200,8.769032505376344,2.749918091768586,0.31359424087920706,4.424091505376343,8.664071505376345,13.208516505376343,8.784424999999999,1.0017553241608144
b10,JAN2024,wx_mean_ghi,mean GHI (W/m2),200,112.34028114919354,5.043272616002176,0.044892825301945403,104.12324059139786,112.3596622983871,120.31613407258065,16.192893481182793,0.14414147192384016
b10,JAN2024,n_sessions,EV sessions,200,121.395,23.51411369185681,0.19369919429842095,87.0,120.0,156.04999999999998,69.04999999999998,0.5688043164874994
b10,JAN2024,ev_energy_mwh,EV energy (MWh),200,1.5508062636737692,0.3195928449975485,0.20608173469744168,1.0871014302703914,1.545622756152853,2.077802736600987,0.9907013063305956,0.6388298329306991
b10,JAN2024,arr_hour_mean,mean arrival hour,200,8.693423831209218,0.325829819344978,0.03748003383606531,8.160174739491346,8.700831093043078,9.203262867647059,1.0430881281557127,0.11998588224941331
b10,JAN2024,dwell_h_mean,mean dwell (h),200,6.9480016283016,0.3065148379821227,0.04411553916936092,6.466882099490795,6.973985405837665,7.453553672316384,0.986671572825589,0.14200796511136907
b10,JAN2024,req_soc_mean,mean required SoC (%),200,57.73286751260505,6.611798031213182,0.11452398462227087,46.93363734703532,57.84368257705272,68.92712642292832,21.993489075893002,0.38095265354853675
b10,JAN2024,peak_concurrency,peak concurrent EVs,200,6.875,1.0700936886612138,0.15564999107799474,5.0,7.0,8.049999999999983,3.049999999999983,0.44363636363636116
b10,JUL2024,bl_peak_kw,building peak (kW),200,50.0,3.525832735148776e-15,7.051665470297551e-17,49.99999999999999,50.0,50.00000000000001,1.4210854715202004e-14,2.842170943040401e-16
b10,JUL2024,bl_mean_kw,building mean (kW),200,17.48467264586168,0.6585193724088176,0.03766266522379976,16.514265253772958,17.411685992679764,18.522703985091873,2.0084387313189147,0.1148685349733601
b10,JUL2024,bl_energy_mwh,building energy (MWh),200,13.00859644852109,0.4899384130721603,0.03766266522379976,12.286613348807082,12.954294378553744,13.780891764908352,1.4942784161012703,0.11486853497335991
b10,JUL2024,bl_load_factor,load factor,200,0.3496934529172336,0.01317038744817635,0.037662665223799754,0.3302853050754592,0.3482337198535953,0.37045407970183747,0.040168774626378245,0.11486853497335994
b10,JUL2024,pv_energy_mwh,PV energy (MWh),200,9.419490399317041,0.4069669549245651,0.043204774109018906,8.759617742264647,9.404592557935443,10.066494919279188,1.3068771770145418,0.13874181315682393
b10,JUL2024,pv_capacity_factor,PV capacity factor,200,0.25321210750852263,0.010939971906574331,0.043204774109018906,0.23547359522216793,0.25281162790149037,0.270604702131161,0.03513110690899307,0.13874181315682396
b10,JUL2024,net_peak_kw,net peak (kW),200,31.72449851198837,2.234979703465556,0.07044964643400052,28.409269166444783,31.41475941882876,35.90332415746968,7.4940549910249,0.23622296151325992
b10,JUL2024,net_min_kw,"net min (kW, <0 export)",200,-33.25463221366069,1.629448881480967,0.04899915509549988,-35.98757900495113,-33.198828129206106,-30.7988279824941,5.18875102245703,0.15603092492857398
b10,JUL2024,wx_mean_temp_c,mean dry-bulb (degC),200,20.55263465591398,2.7499180917685857,0.1337988115785098,16.207693655913978,20.44767365591398,24.992118655913977,8.784424999999999,0.42741113959675714
b10,JUL2024,wx_mean_ghi,mean GHI (W/m2),200,324.074233875,14.548607966212176,0.04489282530194541,300.3700816666667,324.13014375,347.08261875000005,46.71253708333336,0.14414147192384028
b10,JUL2024,n_sessions,EV sessions,200,120.68,23.005518236865118,0.19063240169758963,86.0,118.0,159.0,73.0,0.6049055352999668
b10,JUL2024,ev_energy_mwh,EV energy (MWh),200,1.5566806102792414,0.31647317070077835,0.20330000169014026,1.1146526595946338,1.5102960115156896,2.119492803321708,1.0048401437270742,0.6455018049892863
b10,JUL2024,arr_hour_mean,mean arrival hour,200,8.697016150739687,0.31581852326324344,0.03631343414676571,8.227360216627634,8.665942028985507,9.243608840061318,1.0162486234336843,0.11685026287403774
b10,JUL2024,dwell_h_mean,mean dwell (h),200,6.959012258485452,0.29839365606050217,0.04287873694958026,6.4545065379825655,6.941016819571866,7.4097474747474745,0.9552409367649091,0.13726674149770876
b10,JUL2024,req_soc_mean,mean required SoC (%),200,56.935862914815814,6.221264979309883,0.10926794924699365,47.20446865411987,56.476022439487465,66.90817113643736,19.70370248231749,0.3460683912316749
b10,JUL2024,peak_concurrency,peak concurrent EVs,200,6.855,1.024314944500781,0.14942595835168213,5.0,7.0,9.0,4.0,0.5835156819839533
b10,JUN2024,bl_peak_kw,building peak (kW),200,50.0,3.4896693921526976e-15,6.979338784305395e-17,49.99999999999999,50.0,50.00000000000001,1.4210854715202004e-14,2.842170943040401e-16
b10,JUN2024,bl_mean_kw,building mean (kW),200,15.838982268669115,0.3088513646431755,0.01949944506561576,15.507063577387598,15.793055992610768,16.352646570570645,0.8455829931830472,0.05338619482235825
b10,JUN2024,bl_energy_mwh,building energy (MWh),200,11.404067233441765,0.2223729825430863,0.01949944506561575,11.16508577571907,11.371000314679751,11.773905530810865,0.608819755091794,0.053386194822358235
b10,JUN2024,bl_load_factor,load factor,200,0.3167796453733823,0.006177027292863511,0.019499445065615763,0.31014127154775195,0.3158611198522153,0.32705293141141295,0.016911659863661,0.053386194822358415
b10,JUN2024,pv_energy_mwh,PV energy (MWh),200,9.274002296927424,0.398821522665236,0.043004251012248494,8.625344103265421,9.260447850311412,9.906478615480271,1.2811345122148499,0.1381425700788648
b10,JUN2024,pv_capacity_factor,PV capacity factor,200,0.25761117491465063,0.01107837562958989,0.0430042510122485,0.23959289175737283,0.25723466250865035,0.2751799615411187,0.035587069783745845,0.13814257007886488
b10,JUN2024,net_peak_kw,net peak (kW),200,29.69669146723725,1.5135909473466644,0.05096833595138123,27.565612073050122,29.468618895657755,32.38984086538594,4.82422879233582,0.16245004254625905
b10,JUN2024,net_min_kw,"net min (kW, <0 export)",200,-34.222141844113345,1.5756686368655344,0.04604237350318183,-36.802976692759565,-34.259503391941976,-31.399200786155326,5.403775906604238,0.15790291359375447
b10,JUN2024,wx_mean_temp_c,mean dry-bulb (degC),200,18.42523322222222,2.7499180917685857,0.1492473966870594,14.080292222222221,18.320272222222222,22.86471722222222,8.784425,0.4767605866397024
b10,JUN2024,wx_mean_ghi,mean GHI (W/m2),200,330.0185546,14.815465318058333,0.04489282530194541,305.8796097777778,330.07548999999995,353.44897000000003,47.56936022222226,0.1441414719238403
b10,JUN2024,n_sessions,EV sessions,200,105.405,20.525042309555545,0.19472550931697305,74.0,104.0,138.04999999999998,64.04999999999998,0.6076561832930125
b10,JUN2024,ev_energy_mwh,EV energy (MWh),200,1.3409627500568786,0.2846685872125299,0.21228672250624064,0.8910165358878391,1.3278845445806806,1.8168725712836205,0.9258560353957813,0.6904412783699696
b10,JUN2024,arr_hour_mean,mean arrival hour,200,8.743795772189294,0.35070729987638166,0.04010927393705247,8.227700249602904,8.72478813559322,9.351314484126984,1.12361423452408,0.128504171849241
b10,JUN2024,dwell_h_mean,mean dwell (h),200,6.9118097315838645,0.3258595800641868,0.04714533424945929,6.367750296884991,6.8770963541666665,7.479404761904762,1.1116544650197708,0.16083406635747066
b10,JUN2024,req_soc_mean,mean required SoC (%),200,58.089013304822856,6.392040295134583,0.11003871354454359,47.319292715692505,58.13344510257164,68.19437403131332,20.87508131562081,0.35936367529740176
b10,JUN2024,peak_concurrency,peak concurrent EVs,200,6.73,0.9807698750158946,0.1457310364065222,5.0,7.0,8.0,3.0,0.44576523031203563
b10,MAR2024,bl_peak_kw,building peak (kW),200,50.0,2.252571906596193e-15,4.5051438131923857e-17,49.99999999999999,50.0,50.0,7.105427357601002e-15,1.4210854715202004e-16
b10,MAR2024,bl_mean_kw,building mean (kW),200,16.173190813998758,0.5976499712597819,0.036953126821609256,15.288991088879378,16.058272566920337,17.269450838133192,1.9804597492538143,0.122453248219864
b10,MAR2024,bl_energy_mwh,building energy (MWh),200,12.032853965615075,0.44465157861727783,0.03695312682160926,11.375009370126257,11.94735478978873,12.848471423571096,1.4734620534448393,0.12245324821986413
b10,MAR2024,bl_load_factor,load factor,200,0.32346381627997517,0.011952999425195641,0.03695312682160926,0.3057798217775876,0.3211654513384067,0.34538901676266387,0.03960919498507626,0.12245324821986392
b10,MAR2024,pv_energy_mwh,PV energy (MWh),200,6.871098332559856,0.30100395887114395,0.04380725530368064,6.383917413226309,6.860879523276304,7.345578208628437,0.9616607954021283,0.13995736181581578
b10,MAR2024,pv_capacity_factor,PV capacity factor,200,0.18470694442365201,0.008091504270729674,0.04380725530368063,0.17161068315124484,0.18443224524936302,0.1974617798018397,0.025851096650594874,0.13995736181581594
b10,MAR2024,net_peak_kw,net peak (kW),200,37.11813876972559,1.6578233981271613,0.04466343014696955,35.37293980008924,36.57370390775657,40.64869887381631,5.275759073727066,0.1421342569587594
b10,MAR2024,net_min_kw,"net min (kW, <0 export)",200,-31.562373919179954,1.590817362732773,0.050402335603978714,-33.87089243876303,-31.66949878628798,-28.97105255343308,4.89983988532995,0.15524307195259462
b10,MAR2024,wx_mean_temp_c,mean dry-bulb (degC),200,12.418629279569894,2.749918091768586,0.2214349128121994,8.073688279569893,12.313668279569892,16.858113279569892,8.784424999999999,0.7073586627190339
b10,MAR2024,wx_mean_ghi,mean GHI (W/m2),200,209.72228566935482,9.415025932479034,0.044892825301945403,194.3823158064516,209.75846733870966,224.61199475806453,30.229678951612925,0.1441414719238403
b10,MAR2024,n_sessions,EV sessions,200,110.585,21.318187082923174,0.1927764803809122,79.0,109.0,145.14999999999995,66.14999999999995,0.5981823936338558
b10,MAR2024,ev_energy_mwh,EV energy (MWh),200,1.4237898270078078,0.30031816731671324,0.21092872109351457,0.9698070121018548,1.409901165185261,1.90411852426871,0.9343115121668552,0.6562144878716931
b10,MAR2024,arr_hour_mean,mean arrival hour,200,8.664570216725576,0.30819345708729645,0.03556938767630713,8.129958494519665,8.660977988297574,9.126982306684141,0.9970238121644766,0.11506904407559426
b10,MAR2024,dwell_h_mean,mean dwell (h),200,6.9746729503357985,0.2971555208206309,0.042604939749371934,6.46554486021816,6.9663345410628015,7.437548911714355,0.972004051496195,0.13936195408981827
b10,MAR2024,req_soc_mean,mean required SoC (%),200,57.828894515130735,5.6878362687224175,0.0983563029591412,48.64223625764453,57.7904671440313,66.80071857736993,18.158482319725408,0.31400362175303737
b10,MAR2024,peak_concurrency,peak concurrent EVs,200,6.815,1.0707509223383571,0.15711678977818885,5.0,7.0,9.0,4.0,0.586940572267058
b10,MAY2024,bl_peak_kw,building peak (kW),200,50.0,3.2251921490807544e-15,6.450384298161509e-17,49.99999999999999,50.0,50.00000000000001,1.4210854715202004e-14,2.842170943040401e-16
b10,MAY2024,bl_mean_kw,building mean (kW),200,15.503928944882674,0.3134407717751278,0.020216860699596027,15.089362934997107,15.488847841735348,15.939402622616436,0.8500396876193292,0.05482737250933408
b10,MAY2024,bl_energy_mwh,building energy (MWh),200,11.53492313499271,0.233199934200695,0.02021686069959602,11.226486023637849,11.523702794251099,11.858915551226628,0.6324295275887799,0.05482737250933399
b10,MAY2024,bl_load_factor,load factor,200,0.31007857889765345,0.006268815435502554,0.02021686069959602,0.30178725869994216,0.30977695683470696,0.3187880524523287,0.017000793752386556,0.05482737250933399
b10,MAY2024,pv_energy_mwh,PV energy (MWh),200,9.28825055664127,0.3985337000667358,0.04290729428931876,8.638264539876317,9.276476957306125,9.916189856245214,1.277925316368897,0.1375851468019623
b10,MAY2024,pv_capacity_factor,PV capacity factor,200,0.2496841547484212,0.010713271507170318,0.04290729428931877,0.23221141236226664,0.24936766014263778,0.26656424344745205,0.034352831085185415,0.13758514680196235
b10,MAY2024,net_peak_kw,net peak (kW),200,28.37258279588449,1.1680251435300064,0.04116738867000262,26.205144764811603,28.51535128082014,30.11394692012803,3.908802155316426,0.13776687809625168
b10,MAY2024,net_min_kw,"net min (kW, <0 export)",200,-34.164287965147416,1.5884123637653542,0.04649335485597615,-36.85043581078299,-34.35516025059414,-31.430742208153298,5.4196936026296925,0.1586362229518313
b10,MAY2024,wx_mean_temp_c,mean dry-bulb (degC),200,15.996586268817204,2.7499180917685857,0.17190655840922214,11.651645268817205,15.891625268817204,20.436070268817204,8.784424999999999,0.5491437268165044
b10,MAY2024,wx_mean_ghi,mean GHI (W/m2),200,312.5877482056452,14.032947171724523,0.04489282530194539,289.72376586021505,312.64167641129035,334.7806239919355,45.056858131720446,0.14414147192384022
b10,MAY2024,n_sessions,EV sessions,200,121.05,22.814689352503933,0.18847327015699242,86.0,120.0,157.0,71.0,0.5865344898802148
b10,MAY2024,ev_energy_mwh,EV energy (MWh),200,1.5602956361166196,0.3275447419036014,0.20992479522587093,1.0552030617333217,1.532906599053245,2.097052054400618,1.0418489926672962,0.6677253775190501
b10,MAY2024,arr_hour_mean,mean arrival hour,200,8.710050665648227,0.33352351400432617,0.03829179953220219,8.165208333333332,8.702035852325736,9.248507381676076,1.0832990483427434,0.12437344969934468
b10,MAY2024,dwell_h_mean,mean dwell (h),200,6.96222786549243,0.29626840891477874,0.042553678885346856,6.508046788482835,6.940829416372894,7.4788366336633665,0.9707898451805317,0.13943666652913678
b10,MAY2024,req_soc_mean,mean required SoC (%),200,57.94437005764125,6.2958315796908355,0.10865303347724617,48.69214922887549,57.083990866191115,67.98036605597648,19.28821682710098,0.33287473499002
b10,MAY2024,peak_concurrency,peak concurrent EVs,200,6.855,1.004499925586116,0.1465353647828032,5.0,7.0,8.049999999999983,3.049999999999983,0.44493070751276187
b10,NOV2024,bl_peak_kw,building peak (kW),200,50.0,2.758825890044461e-15,5.5176517800889214e-17,49.99999999999999,50.0,50.00000000000001,1.4210854715202004e-14,2.842170943040401e-16
b10,NOV2024,bl_mean_kw,building mean (kW),200,15.230788449676764,0.6267771152324233,0.04115198089076768,14.126168003080249,15.312225531876551,16.235458815033383,2.1092908119531337,0.13848861593228276
b10,NOV2024,bl_energy_mwh,building energy (MWh),200,10.96616768376727,0.45127952296734475,0.04115198089076767,10.17084096221778,11.024802382951115,11.689530346824036,1.5186893846062564,0.13848861593228276
b10,NOV2024,bl_load_factor,load factor,200,0.30461576899353526,0.012535542304648463,0.04115198089076767,0.28252336006160494,0.306244510637531,0.32470917630066765,0.0421858162390627,0.13848861593228284
b10,NOV2024,pv_energy_mwh,PV energy (MWh),200,4.262487039078651,0.19007262054512186,0.04459195272678333,3.9552950332300894,4.255109376162228,4.560865459141735,0.6055704259116457,0.14206974012114335
b10,NOV2024,pv_capacity_factor,PV capacity factor,200,0.11840241775218475,0.005279795015142275,0.04459195272678334,0.1098693064786136,0.118197482671173,0.12669070719838152,0.016821400719767926,0.14206974012114326
b10,NOV2024,net_peak_kw,net peak (kW),200,47.11999171073152,1.7583042546451355,0.03731546188376523,44.134956758483035,48.10567895363613,49.18038763240527,5.0454308739222355,0.10707622583840873
b10,NOV2024,net_min_kw,"net min (kW, <0 export)",200,-24.59333660569226,1.342091950676848,0.05457136508944514,-26.56871157783519,-24.57840986030805,-22.25532029857254,4.313391279262653,0.17538861637279
b10,NOV2024,wx_mean_temp_c,mean dry-bulb (degC),200,13.252733222222224,2.749918091768586,0.20749818514097265,8.907792222222223,13.147772222222223,17.692217222222222,8.784424999999999,0.6628387407112556
b10,NOV2024,wx_mean_ghi,mean GHI (W/m2),200,123.145730925,5.528359785096401,0.04489282530194541,114.13833433333335,123.16697625,131.88874125,17.750406916666662,0.14414147192384016
b10,NOV2024,n_sessions,EV sessions,200,110.77,20.967481402922708,0.18928844816216223,79.0,111.0,144.04999999999998,65.04999999999998,0.5872528662995394
b10,NOV2024,ev_energy_mwh,EV energy (MWh),200,1.4241894256121588,0.2977842513932149,0.20909034011765565,0.9493909744700589,1.4028906502338647,1.9114479133719384,0.9620569389018795,0.6755119239060204
b10,NOV2024,arr_hour_mean,mean arrival hour,200,8.703546136951678,0.3304102770011184,0.03796271908048287,8.26813029661017,8.665584822173987,9.288629354654484,1.0204990580443134,0.11725095058802458
b10,NOV2024,dwell_h_mean,mean dwell (h),200,6.9362604111608475,0.30397529993753775,0.043824089915716506,6.402138888888889,6.932736823361823,7.402617739403453,1.0004788505145648,0.14423894017945693
b10,NOV2024,req_soc_mean,mean required SoC (%),200,57.707507591641814,5.997017781387629,0.10392092869136874,48.14235145219997,57.46506626615364,67.40400874382108,19.261657291621113,0.33378078685919393
b10,NOV2024,peak_concurrency,peak concurrent EVs,200,6.755,1.0050000625015607,0.1487786917100756,5.0,7.0,8.0,3.0,0.4441154700222058
b10,OCT2024,bl_peak_kw,building peak (kW),200,50.0,3.4896693921526976e-15,6.979338784305395e-17,49.99999999999999,50.0,50.00000000000001,1.4210854715202004e-14,2.842170943040401e-16
b10,OCT2024,bl_mean_kw,building mean (kW),200,16.122134181362334,0.35419555081027365,0.021969520091188313,15.507351790995866,16.097621011185048,16.596083886915164,1.0887320959192976,0.06753027134446656
b10,OCT2024,bl_energy_mwh,building energy (MWh),200,11.994867830933577,0.26352148980284357,0.02196952009118831,11.537469732500924,11.976630032321676,12.347486411864882,0.810016679363958,0.06753027134446661
b10,OCT2024,bl_load_factor,load factor,200,0.3224426836272467,0.0070839110162054745,0.021969520091188317,0.3101470358199173,0.32195242022370096,0.3319216777383033,0.021774641918385962,0.06753027134446658
b10,OCT2024,pv_energy_mwh,PV energy (MWh),200,5.925380215250378,0.26139417682807553,0.04411432976998089,5.502419816953832,5.9166432691776265,6.337777681015292,0.8353578640614598,0.14097962218719184
b10,OCT2024,pv_capacity_factor,PV capacity factor,200,0.159284414388451,0.007026725183550418,0.0441143297699809,0.14791451120843632,0.1590495502467104,0.17037036776922826,0.022455856560791937,0.1409796221871919
b10,OCT2024,net_peak_kw,net peak (kW),200,39.45869450967999,0.8764705554498916,0.022212355637738504,37.55327780252358,39.641311812627535,40.5433170390462,2.9900392365226196,0.07577643593325432
b10,OCT2024,net_min_kw,"net min (kW, <0 export)",200,-26.37002876287792,1.4732785217485878,0.055869431732383144,-28.84678751757798,-26.362628512064617,-23.922979583582883,4.923807933995096,0.18671985450871126
b10,OCT2024,wx_mean_temp_c,mean dry-bulb (degC),200,17.088656161290324,2.749918091768586,0.1609206754360108,12.74371516129032,16.98369516129032,21.52814016129032,8.784425,0.5140500760907527
b10,OCT2024,wx_mean_ghi,mean GHI (W/m2),200,176.79755743548387,7.936941859761836,0.044892825301945403,163.86584064516126,176.8280588709677,189.34970080645164,25.48386016129038,0.14414147192384053
b10,OCT2024,n_sessions,EV sessions,200,121.375,22.83201435259239,0.18811134379066852,86.80000000000001,121.0,158.04999999999998,71.24999999999997,0.5870236869207001
b10,OCT2024,ev_energy_mwh,EV energy (MWh),200,1.53967862073193,0.3103929459317141,0.20159593161341685,1.082494479676055,1.5323806781238067,2.050512572313791,0.968018092637736,0.6287143820816068
b10,OCT2024,arr_hour_mean,mean arrival hour,200,8.673216573041687,0.2960121231401543,0.03412945135720774,8.231799756062562,8.649822550379376,9.191436696861174,0.9596369407986121,0.11064371939948785
b10,OCT2024,dwell_h_mean,mean dwell (h),200,6.985178367672454,0.2991857245145106,0.04283150819729216,6.466758336792584,6.979087150127226,7.4847790453710985,1.018020708578515,0.14574011642851317
b10,OCT2024,req_soc_mean,mean required SoC (%),200,57.578941785501,6.08315363174431,0.10564893072203202,46.55779716583809,57.98320688064082,67.11677397067342,20.558976804835332,0.357057218616899
b10,OCT2024,peak_concurrency,peak concurrent EVs,200,6.96,1.0458820902633663,0.15027041526772505,6.0,7.0,9.0,3.0,0.4310344827586207
b10,SEP2024,bl_peak_kw,building peak (kW),200,50.0,3.2251921490807544e-15,6.450384298161509e-17,49.99999999999999,50.0,50.00000000000001,1.4210854715202004e-14,2.842170943040401e-16
b10,SEP2024,bl_mean_kw,building mean (kW),200,16.244427374654386,0.6890911205642799,0.04242015459648918,15.113705181102665,16.21154320208398,17.307868806864224,2.1941636257615595,0.135071774163307
b10,SEP2024,bl_energy_mwh,building energy (MWh),200,11.695987709751158,0.49614560680628156,0.04242015459648918,10.881867730393918,11.672311105500466,12.46166554094224,1.5797978105483228,0.135071774163307
b10,SEP2024,bl_load_factor,load factor,200,0.3248885474930877,0.013781822411285598,0.04242015459648918,0.3022741036220533,0.3242308640416796,0.3461573761372845,0.043883272515231164,0.13507177416330693
b10,SEP2024,pv_energy_mwh,PV energy (MWh),200,7.297754283506731,0.3185549206384676,0.043651088850499765,6.781883023042568,7.2868447425578236,7.802136789995611,1.0202537669530427,0.139803798171016
b10,SEP2024,pv_capacity_factor,PV capacity factor,200,0.20271539676407585,0.008848747795512988,0.043651088850499765,0.18838563952896026,0.20241235395993956,0.2167260219443225,0.028340382415362242,0.13980379817101576
b10,SEP2024,net_peak_kw,net peak (kW),200,40.28175551874699,1.4184458155714095,0.03521310820009495,37.34455757164376,40.69606153496434,41.95345050238025,4.608892930736488,0.11441638705620774
b10,SEP2024,net_min_kw,"net min (kW, <0 export)",200,-30.64126177090062,1.5728011073417267,0.05132951505395851,-33.142168143981586,-30.569141501657768,-27.938562974374857,5.203605169606728,0.16982346250990504
b10,SEP2024,wx_mean_temp_c,mean dry-bulb (degC),200,19.72037211111111,2.749918091768586,0.13944554779568238,15.37543111111111,19.61541111111111,24.15985611111111,8.784425,0.4454492516929011
b10,SEP2024,wx_mean_ghi,mean GHI (W/m2),200,240.09796973750002,10.77867621077736,0.0448928253019454,222.53619461111106,240.139391875,257.14426937499996,34.60807476388891,0.14414147192384025
b10,SEP2024,n_sessions,EV sessions,200,110.765,20.817941986246225,0.18794693257117523,75.9,111.0,146.0,70.1,0.6328713943935358
b10,SEP2024,ev_energy_mwh,EV energy (MWh),200,1.4351767120559982,0.29090157419353446,0.2026939064366479,0.9465315114672225,1.4255079104336312,1.953284745602589,1.0067532341353664,0.7014838142775582
b10,SEP2024,arr_hour_mean,mean arrival hour,200,8.724560164541327,0.33324226219728703,0.038195881042996566,8.173375706214689,8.721808616239827,9.251914414414413,1.0785387081997246,0.12362098350621281
b10,SEP2024,dwell_h_mean,mean dwell (h),200,6.9468447111289775,0.32555100573126927,0.046863147121992,6.44344716275909,6.945384348429638,7.4317488024681335,0.9883016397090438,0.14226626343406895
b10,SEP2024,req_soc_mean,mean required SoC (%),200,57.43571292357554,6.0507371703722,0.10534799452081954,47.94465891874957,57.196837600273454,66.62265113314591,18.67799221439634,0.32519823057214314
b10,SEP2024,peak_concurrency,peak concurrent EVs,200,6.775,1.0294043747887274,0.1519416051348675,5.0,7.0,8.0,3.0,0.44280442804428044
b2,APR2024,bl_peak_kw,building peak (kW),200,500.0,3.1983348279820546e-14,6.396669655964109e-17,500.0,500.0,500.00000000000006,5.684341886080802e-14,1.1368683772161603e-16
b2,APR2024,bl_mean_kw,building mean (kW),200,305.14253268548543,10.081689215235697,0.033039278813442347,294.27263139243496,302.9281236118903,327.54198515482176,33.2693537623868,0.1090288969865698
b2,APR2024,bl_energy_mwh,building energy (MWh),200,219.70262353354948,7.258816234969702,0.033039278813442347,211.87629460255314,218.108249000561,235.8302293114717,23.953934708918553,0.10902889698657008
b2,APR2024,bl_load_factor,load factor,200,0.6102850653709708,0.02016337843047139,0.03303927881344234,0.5885452627848698,0.6058562472237807,0.6550839703096435,0.06653870752477364,0.10902889698656988
b2,APR2024,pv_energy_mwh,PV energy (MWh),200,77.9995149398833,3.5999955475346055,0.04615407609020693,72.5961037243632,78.17638090263037,83.61387404897145,11.01777032460825,0.14125434412124224
b2,APR2024,pv_capacity_factor,PV capacity factor,200,0.2166653192774536,0.009999987632040571,0.04615407609020693,0.2016558436787867,0.2171566136184177,0.23226076124714293,0.030604917568356232,0.14125434412124216
b2,APR2024,net_peak_kw,net peak (kW),200,358.5640876469622,14.936769474889891,0.04165718204773605,343.0591631379643,353.75233541183024,392.00159620176584,48.94243306380156,0.13649563564767722
b2,APR2024,net_min_kw,"net min (kW, <0 export)",200,-108.42352171434996,17.880007461568336,0.1649089346929219,-137.3427246369176,-109.53521295873992,-79.89435333796783,57.44837129894978,0.5298515524177668
b2,APR2024,wx_mean_temp_c,mean dry-bulb (degC),200,13.548015,2.606375189572502,0.19238059520693637,9.108559999999999,13.53885,17.63299,8.52443,0.62920139961463
b2,APR2024,wx_mean_ghi,mean GHI (W/m2),200,260.61730907083336,12.872378482734206,0.04939187856949138,241.19383233333335,259.99195625000004,280.969948,39.77611566666664,0.15262269343689625
b2,APR2024,n_sessions,EV sessions,200,427.3,33.27546064905842,0.07787376702330544,371.95,426.0,476.0,104.05000000000001,0.24350573367657385
b2,APR2024,ev_energy_mwh,EV energy (MWh),200,5.531983255702594,0.5020145768490094,0.0907476674538941,4.759812149415845,5.5079863055374645,6.395539489700571,1.6357273402847259,0.2956855190403101
b2,APR2024,arr_hour_mean,mean arrival hour,200,8.557369171864774,0.1531083259982331,0.01789198560015713,8.300749908518384,8.563450550838095,8.795477077105453,0.4947271685870689,0.05781299820669776
b2,APR2024,dwell_h_mean,mean dwell (h),200,7.034140471440956,0.15492589635845977,0.022024851079882248,6.783988724810234,7.038996811069671,7.29915382355541,0.5151650987451761,0.07323781787366604
b2,APR2024,req_soc_mean,mean required SoC (%),200,57.02672253699224,3.3286742122303083,0.05837042818077184,51.726859890421395,57.05547951828534,61.59628975808925,9.869429867667854,0.17306675587512024
b2,APR2024,peak_concurrency,peak concurrent EVs,200,19.465,1.5783634422334085,0.08108725621543326,17.0,19.0,23.0,6.0,0.30824556896994604
b2,AUG2024,bl_peak_kw,building peak (kW),200,500.0,3.042223245352124e-14,6.084446490704248e-17,500.0,500.0,500.00000000000006,5.684341886080802e-14,1.1368683772161603e-16
b2,AUG2024,bl_mean_kw,building mean (kW),200,306.12493450312,11.612749469006658,0.03793467359284417,284.9368575936038,307.60009815725425,320.8508340306514,35.91397643704761,0.11731803714499961
b2,AUG2024,bl_energy_mwh,building energy (MWh),200,227.75695127032134,8.639885604940954,0.037934673592844165,211.99302204964124,228.85447302899715,238.71302051880463,26.719998469163386,0.11731803714499944
b2,AUG2024,bl_load_factor,load factor,200,0.6122498690062401,0.023225498938013314,0.03793467359284416,0.5698737151872076,0.6152001963145084,0.6417016680613028,0.07182795287409516,0.1173180371449995
b2,AUG2024,pv_energy_mwh,PV energy (MWh),200,89.92982440619943,4.1714340448952765,0.04638543522617746,83.69826864551635,90.11467054152365,96.42851216886555,12.730243523349202,0.1415575267427257
b2,AUG2024,pv_capacity_factor,PV capacity factor,200,0.24174683980161135,0.011213532378750744,0.04638543522617747,0.22499534582128047,0.2422437380148485,0.2592164305614666,0.03422108474018612,0.1415575267427261
b2,AUG2024,net_peak_kw,net peak (kW),200,332.11057352345335,18.732399513711137,0.056404104557629425,304.32716405781576,329.26815296821087,367.42813815101545,63.10097409319968,0.18999989498600997
b2,AUG2024,net_min_kw,"net min (kW, <0 export)",200,-144.7352307861252,21.343338594961672,0.14746470834389078,-177.6565355275081,-146.21667413334785,-109.48036329766344,68.17617222984467,0.47104061574744294
b2,AUG2024,wx_mean_temp_c,mean dry-bulb (degC),200,19.87741016129032,2.606375189572502,0.13112247362325957,15.437955161290324,19.86824516129032,23.962385161290317,8.524429999999994,0.42885013343441714
b2,AUG2024,wx_mean_ghi,mean GHI (W/m2),200,302.13630754771503,14.923079813831247,0.04939187856949139,279.61847263440865,301.41132963709674,325.73132967741935,46.112857043010706,0.15262269343689622
b2,AUG2024,n_sessions,EV sessions,200,428.385,33.804295986393186,0.07891101692728081,368.0,430.0,482.0,114.0,0.26611576035575474
b2,AUG2024,ev_energy_mwh,EV energy (MWh),200,5.5191614092306285,0.47591831413529606,0.08623018586471076,4.749071247194621,5.509363479786605,6.300417132353081,1.5513458851584598,0.2810836230598151
b2,AUG2024,arr_hour_mean,mean arrival hour,200,8.535247284887223,0.17413353683724292,0.02040169792685084,8.254221832016388,8.536793641759493,8.834606545075294,0.5803847130589066,0.06799858207817294
b2,AUG2024,dwell_h_mean,mean dwell (h),200,7.040997030433049,0.15316989305371057,0.021754006199927345,6.775725229335767,7.0281406375920685,7.309651437682115,0.5339262083463483,0.07583105148867102
b2,AUG2024,req_soc_mean,mean required SoC (%),200,56.92498798676395,3.241156873393673,0.056937330828199705,51.960149934070245,56.69647575804436,62.34705680003763,10.386906865967383,0.18246656228337754
b2,AUG2024,peak_concurrency,peak concurrent EVs,200,19.54,1.5622429436791758,0.07995102065911852,17.0,20.0,22.0,5.0,0.25588536335721596
b2,DEC2024,bl_peak_kw,building peak (kW),200,500.0,3.2236185007074526e-14,6.447237001414905e-17,500.0,500.0,500.00000000000006,5.684341886080802e-14,1.1368683772161603e-16
b2,DEC2024,bl_mean_kw,building mean (kW),200,335.0193524122618,6.920367650006037,0.020656620580801855,322.96684233821884,334.97713497823383,347.5289628549583,24.56212051673947,0.07331552741620215
b2,DEC2024,bl_energy_mwh,building energy (MWh),200,249.25439819472277,5.14875353160449,0.02065662058080185,240.28733069963482,249.22298842380593,258.561548364089,18.27421766445417,0.07331552741620218
b2,DEC2024,bl_load_factor,load factor,200,0.6700387048245235,0.013840735300012074,0.02065662058080186,0.6459336846764377,0.6699542699564676,0.6950579257099166,0.0491242410334789,0.07331552741620209
b2,DEC2024,pv_energy_mwh,PV energy (MWh),200,37.134720404440415,1.7971521576096232,0.04839546758495931,34.44057636686656,37.194635998705564,39.9693062498044,5.528729882937839,0.14888303514133194
b2,DEC2024,pv_capacity_factor,PV capacity factor,200,0.09982451721623767,0.004831054187122642,0.0483954675849593,0.09258219453458752,0.09998558064168162,0.10744437163925913,0.014862177104671609,0.14888303514133194
b2,DEC2024,net_peak_kw,net peak (kW),200,499.9968345099494,0.04476678961141177,8.953414606172063e-05,500.0,500.0,500.00000000000006,5.684341886080802e-14,1.1368755747528016e-16
b2,DEC2024,net_min_kw,"net min (kW, <0 export)",200,-3.3934450835610535,13.453298391220123,3.96449568504652,-24.186819774727407,-3.2784933908904748,17.877292608491114,42.06411238321852,12.395695627134412
b2,DEC2024,wx_mean_temp_c,mean dry-bulb (degC),200,9.68910370967742,2.606375189572502,0.26900064935513796,5.2496487096774205,9.679938709677419,13.77407870967742,8.524429999999999,0.8797955162236366
b2,DEC2024,wx_mean_ghi,mean GHI (W/m2),200,99.54352262768818,4.916641582006191,0.04939187856949137,92.12467043010754,99.30466733870968,107.31727096774193,15.192600537634391,0.1526226934368962
b2,DEC2024,n_sessions,EV sessions,200,428.485,33.99526681508979,0.07933828912351609,372.0,431.5,479.04999999999995,107.04999999999995,0.2498337164661539
b2,DEC2024,ev_energy_mwh,EV energy (MWh),200,5.542296299883449,0.5073706946026348,0.09154521287743214,4.604697008234571,5.551601112061279,6.3901652076711875,1.7854681994366164,0.32215314787016414
b2,DEC2024,arr_hour_mean,mean arrival hour,200,8.546648430883746,0.16398105932655635,0.01918659234115709,8.274775196838956,8.542904071350762,8.790216223981432,0.5154410271424759,0.06030914121609398
b2,DEC2024,dwell_h_mean,mean dwell (h),200,7.042391741994716,0.16990256003231913,0.024125690000908022,6.7767492697500495,7.031496906678592,7.358285219399538,0.5815359496494885,0.08257648409157822
b2,DEC2024,req_soc_mean,mean required SoC (%),200,56.87993401008744,3.0832610649828958,0.054206481048942344,52.22558489643162,56.77084865564602,61.8658834928437,9.64029859641208,0.1694850524035842
b2,DEC2024,peak_concurrency,peak concurrent EVs,200,19.44,1.7526433732992717,0.09015655212444812,17.0,20.0,22.0,5.0,0.257201646090535
b2,FEB2024,bl_peak_kw,building peak (kW),200,500.0,2.7329555514381846e-14,5.465911102876369e-17,500.0,500.0,500.00000000000006,5.684341886080802e-14,1.1368683772161603e-16
b2,FEB2024,bl_mean_kw,building mean (kW),200,250.24631476151896,11.772602547797954,0.04704405960590097,234.129325538606,250.0908229615634,269.9499860124435,35.820660473837506,0.1431416103289036
b2,FEB2024,bl_energy_mwh,building energy (MWh),200,174.1714350740172,8.193731373267376,0.04704405960590097,162.95401057486978,174.06321278124813,187.88519026466068,24.931179689790895,0.14314161032890355
b2,FEB2024,bl_load_factor,load factor,200,0.500492629523038,0.023545205095595906,0.04704405960590096,0.46825865107721204,0.5001816459231267,0.539899972024887,0.071641320947675,0.14314161032890357
b2,FEB2024,pv_energy_mwh,PV energy (MWh),200,50.83236373713079,2.4216197196995144,0.047639329389096034,47.213640226468186,50.921674713602,54.646900264236926,7.43326003776874,0.14623085552755974
b2,FEB2024,pv_capacity_factor,PV capacity factor,200,0.1460700107388816,0.006958677355458374,0.04763932938909602,0.1356713799611155,0.14632665147586782,0.15703132259838198,0.021359942637266482,0.14623085552755966
b2,FEB2024,net_peak_kw,net peak (kW),200,455.08567644255936,8.64820432330516,0.019003464118908017,440.86274516193606,457.0407830926325,466.1026083274244,25.239863165488316,0.05546178329054502
b2,FEB2024,net_min_kw,"net min (kW, <0 export)",200,-168.87574181512485,16.292504399043615,0.09647628619674507,-195.64691062975407,-167.30148138958208,-143.36799135641172,52.27891927334235,0.30957033089201297
b2,FEB2024,wx_mean_temp_c,mean dry-bulb (degC),200,10.576650057471262,2.606375189572502,0.24642728797965469,6.137195057471265,10.567485057471265,14.661625057471264,8.524429999999999,0.8059669133118769
b2,FEB2024,wx_mean_ghi,mean GHI (W/m2),200,156.11270221623562,7.7106996310194775,0.04939187856949138,144.4778209770115,155.7381088362069,168.30416206896552,23.82634109195402,0.15262269343689636
b2,FEB2024,n_sessions,EV sessions,200,407.7,31.148533766116415,0.07640062243344718,361.0,405.5,459.15,98.14999999999998,0.2407407407407407
b2,FEB2024,ev_energy_mwh,EV energy (MWh),200,5.249357568777296,0.462371166367634,0.08808147669683922,4.4409526133654,5.230555199723596,6.054033615052048,1.6130810016866484,0.30729112668588404
b2,FEB2024,arr_hour_mean,mean arrival hour,200,8.556518039705232,0.17200340491380398,0.020102032639404032,8.27874919037771,8.553188953114212,8.86495623885918,0.5862070484814712,0.0685099997173226
b2,FEB2024,dwell_h_mean,mean dwell (h),200,7.02370469674361,0.1740397229898054,0.02477890664601762,6.705281020390418,7.04243446904905,7.281501619870411,0.5762205994799929,0.0820394114443828
b2,FEB2024,req_soc_mean,mean required SoC (%),200,57.27587886588967,3.298984752426381,0.0575981515735601,52.14546268926087,57.30531209313907,63.28813276217258,11.142670072911713,0.1945438515051345
b2,FEB2024,peak_concurrency,peak concurrent EVs,200,19.445,1.5456130168932811,0.0794863984002716,17.0,19.0,22.049999999999983,5.049999999999983,0.25970686551812716
b2,JAN2024,bl_peak_kw,building peak (kW),200,500.0,3.4663268599927235e-14,6.932653719985447e-17,500.0,500.0,500.00000000000006,5.684341886080802e-14,1.1368683772161603e-16
b2,JAN2024,bl_mean_kw,building mean (kW),200,264.3557130340356,15.487857521722978,0.05858718672642769,234.50902278893116,268.2072197647795,282.84197594214544,48.33295315321428,0.18283301918650588
b2,JAN2024,bl_energy_mwh,building energy (MWh),200,196.6806504973225,11.522965996161895,0.05858718672642769,174.4747129549648,199.54617150499593,210.43443010095623,35.95971714599145,0.18283301918650602
b2,JAN2024,bl_load_factor,load factor,200,0.5287114260680713,0.03097571504344595,0.05858718672642767,0.46901804557786236,0.5364144395295589,0.5656839518842909,0.09666590630642852,0.1828330191865058
b2,JAN2024,pv_energy_mwh,PV energy (MWh),200,42.329312789726636,2.0370883199636913,0.04812476711075013,39.27620824028405,42.39956315914703,45.54132009993669,6.265111859652642,0.14800882525012762
b2,JAN2024,pv_capacity_factor,PV capacity factor,200,0.11378847524120066,0.005476043870870138,0.04812476711075012,0.10558120494700012,0.11397732032028772,0.12242290349445346,0.01684169854745335,0.14800882525012768
b2,JAN2024,net_peak_kw,net peak (kW),200,488.2727445749559,12.913590754295763,0.026447494556627597,459.0855656059652,492.5669716702498,500.0,40.9144343940348,0.08379422125978185
b2,JAN2024,net_min_kw,"net min (kW, <0 export)",200,-126.9380749655007,15.480199290301629,0.12195079604373113,-153.96524177389227,-126.37517562774319,-103.42782828385397,50.537413490038304,0.398126515655554
b2,JAN2024,wx_mean_temp_c,mean dry-bulb (degC),200,8.470286505376345,2.606375189572502,0.30770803182609674,4.030831505376344,8.461121505376344,12.555261505376343,8.524429999999999,1.0063921680322487
b2,JAN2024,wx_mean_ghi,mean GHI (W/m2),200,114.09552189180107,5.635392162602585,0.04939187856949139,105.59212768817203,113.8217489919355,123.00569354838709,17.41356586021506,0.1526226934368964
b2,JAN2024,n_sessions,EV sessions,200,446.485,33.44116223545903,0.07489873620717165,387.0,450.5,495.09999999999997,108.09999999999997,0.24211339686663597
b2,JAN2024,ev_energy_mwh,EV energy (MWh),200,5.7511366715227235,0.49836246900694864,0.08665460368463086,4.981778592428837,5.759642809536437,6.589267343743555,1.607488751314718,0.27950800739518933
b2,JAN2024,arr_hour_mean,mean arrival hour,200,8.566892336265797,0.16692087666405647,0.019484413963910655,8.295806330676198,8.561228104537232,8.838552408804064,0.5427460781278661,0.06335390440595201
b2,JAN2024,dwell_h_mean,mean dwell (h),200,7.0406637513160755,0.15011893533399376,0.02132170213439504,6.774867647058824,7.040915869587575,7.299727690768931,0.524860043710107,0.07454695498162336
b2,JAN2024,req_soc_mean,mean required SoC (%),200,56.842266348084976,3.2321273467072698,0.05686133847856614,51.774856756300615,56.256898562281854,62.348889611145026,10.574032854844411,0.18602412490192083
b2,JAN2024,peak_concurrency,peak concurrent EVs,200,19.44,1.5776071187420295,0.08115262956491921,17.0,19.0,22.0,5.0,0.257201646090535
b2,JUL2024,bl_peak_kw,building peak (kW),200,500.0,3.6265708132958835e-14,7.253141626591767e-17,500.0,500.0,500.00000000000006,5.684341886080802e-14,1.1368683772161603e-16
b2,JUL2024,bl_mean_kw,building mean (kW),200,283.4902226432562,9.237042721477678,0.03258328500839185,264.39962601127803,286.4538996523198,293.49289157404576,29.093265562767726,0.10262528736089309
b2,JUL2024,bl_energy_mwh,building energy (MWh),200,210.9167256465826,6.872359784779394,0.03258328500839186,196.71332175239084,213.12170134132595,218.35871133109003,21.645389578699195,0.10262528736089313
b2,JUL2024,bl_load_factor,load factor,200,0.5669804452865123,0.018474085442955358,0.03258328500839186,0.5287992520225561,0.5729077993046396,0.5869857831480915,0.0581865311255354,0.10262528736089302
b2,JUL2024,pv_energy_mwh,PV energy (MWh),200,95.6278118904752,4.419504701835862,0.046215683643348715,89.01306981337603,95.83181451171619,102.51470977756878,13.501639964192748,0.1411894688091002
b2,JUL2024,pv_capacity_factor,PV capacity factor,200,0.25706401045826666,0.011880388983429737,0.046215683643348715,0.23928244573488183,0.25761240460138757,0.27557717682142147,0.03629473108653963,0.14118946880910013
b2,JUL2024,net_peak_kw,net peak (kW),200,342.3275515036583,23.6993617974268,0.06923007421788993,302.2367717402608,346.08774731369,375.5639895425469,73.3272178022861,0.21420191708262923
b2,JUL2024,net_min_kw,"net min (kW, <0 export)",200,-175.63759533690248,21.60319128751636,0.12299867375249474,-210.6960868878362,-176.22303333372093,-141.53108552712482,69.16500136071139,0.39379383000570733
b2,JUL2024,wx_mean_temp_c,mean dry-bulb (degC),200,20.25388865591398,2.606375189572502,0.12868517418315423,15.81443365591398,20.24472365591398,24.338863655913975,8.524429999999995,0.4208786838329403
b2,JUL2024,wx_mean_ghi,mean GHI (W/m2),200,329.13767410416665,16.25672803199783,0.04939187856949139,304.6074616666667,328.34790625,354.84134,50.23387833333328,0.15262269343689622
b2,JUL2024,n_sessions,EV sessions,200,447.84,32.60690804509539,0.07280928020073105,395.95,450.0,498.15,102.19999999999999,0.22820650232225795
b2,JUL2024,ev_energy_mwh,EV energy (MWh),200,5.81256564779859,0.4921883692752678,0.08467661254917194,4.9237597585618955,5.844734441775691,6.627918119649084,1.7041583610871882,0.2931852239350809
b2,JUL2024,arr_hour_mean,mean arrival hour,200,8.54461589690446,0.14646787310764883,0.0171415397573004,8.318317707514941,8.53114825798967,8.774222347774177,0.45590464025923616,0.053355779330513976
b2,JUL2024,dwell_h_mean,mean dwell (h),200,7.052666917686854,0.17183497912940507,0.02436453913603562,6.771007644007644,7.051180698151951,7.340920225560497,0.5699125815528534,0.08080809546295352
b2,JUL2024,req_soc_mean,mean required SoC (%),200,56.80521951946575,3.3504960854393517,0.05898218709094539,51.43651180938757,56.883349886732155,61.87539284937132,10.438881039983755,0.1837662300804349
b2,JUL2024,peak_concurrency,peak concurrent EVs,200,19.525,1.5689752761230582,0.08035724845700683,17.0,19.0,22.0,5.0,0.2560819462227913
b2,JUN2024,bl_peak_kw,building peak (kW),200,500.0,4.009324887785491e-14,8.018649775570982e-17,500.0,500.0,500.00000000000006,5.684341886080802e-14,1.1368683772161603e-16
b2,JUN2024,bl_mean_kw,building mean (kW),200,259.006340882564,4.876135924817564,0.018826318723325974,251.01458454089428,259.8114114243335,266.1872185576953,15.172634016801027,0.05858016435080424
b2,JUN2024,bl_energy_mwh,building energy (MWh),200,186.48456543544606,3.5108178658686464,0.018826318723325977,180.7305008694439,187.06421622552017,191.6547973615406,10.924296492096715,0.05858016435080412
b2,JUN2024,bl_load_factor,load factor,200,0.5180126817651279,0.009752271849635126,0.01882631872332597,0.5020291690817885,0.519622822848667,0.5323744371153906,0.030345268033602046,0.05858016435080424
b2,JUN2024,pv_energy_mwh,PV energy (MWh),200,94.13637348382574,4.311494090186443,0.0458005118598204,87.65004128841075,94.35717319849417,100.81996893721019,13.169927648799444,0.13990264508184252
b2,JUN2024,pv_capacity_factor,PV capacity factor,200,0.2614899263439604,0.01197637247274012,0.0458005118598204,0.24347233691225212,0.262103258884706,0.28005546927002833,0.036583132357776216,0.13990264508184244
b2,JUN2024,net_peak_kw,net peak (kW),200,340.8466206910822,14.22210335746048,0.041725815936283925,320.1876924352717,340.01337739098494,362.6545578858267,42.46686545055502,0.12459230302606931
b2,JUN2024,net_min_kw,"net min (kW, <0 export)",200,-206.64605802071284,20.068671883247678,0.09711616120563077,-238.20778925986622,-207.20238256374023,-173.07027158904253,65.13751767082368,0.3152129699192942
b2,JUN2024,wx_mean_temp_c,mean dry-bulb (degC),200,18.126487222222224,2.606375189572502,0.14378821211300158,13.687032222222221,18.11732222222222,22.21146222222222,8.524429999999999,0.4702747915519697
b2,JUN2024,wx_mean_ghi,mean GHI (W/m2),200,335.1748708111112,16.554916518647364,0.04939187856949138,310.1947137777778,334.37061666666665,361.35000533333334,51.15529155555555,0.15262269343689633
b2,JUN2024,n_sessions,EV sessions,200,389.185,29.983257891177274,0.07704114467715167,341.0,389.5,436.0,95.0,0.24409984968588203
b2,JUN2024,ev_energy_mwh,EV energy (MWh),200,5.003197396418554,0.46212825654659906,0.09236658479183832,4.258713460984979,5.0001845810297345,5.736909824345873,1.4781963633608939,0.2954503383014696
b2,JUN2024,arr_hour_mean,mean arrival hour,200,8.557054005196768,0.16790966349247835,0.019622368094265322,8.282705066240736,8.554362349601709,8.814003546345873,0.5312984801051375,0.06208894787650932
b2,JUN2024,dwell_h_mean,mean dwell (h),200,7.045048636289988,0.14063766722312576,0.019962625452815515,6.799886041492171,7.043225914362177,7.254224604190842,0.4543385626986707,0.0644904792222884
b2,JUN2024,req_soc_mean,mean required SoC (%),200,57.58087659088029,3.533112345791603,0.06135912745640938,52.087737228288,57.51160422928892,63.278796485535246,11.191059257247247,0.19435374936649882
b2,JUN2024,peak_concurrency,peak concurrent EVs,200,19.475,1.698173716040042,0.08719762341669021,17.0,19.0,22.049999999999983,5.049999999999983,0.2593068035943508
b2,MAR2024,bl_peak_kw,building peak (kW),200,500.0,3.419163752712976e-14,6.838327505425952e-17,500.0,500.0,500.00000000000006,5.684341886080802e-14,1.1368683772161603e-16
b2,MAR2024,bl_mean_kw,building mean (kW),200,280.13620550133635,12.872120165681524,0.045949505679372525,264.69422144626213,277.5111101622907,305.1253323742899,40.43111092802775,0.14432661731699967
b2,MAR2024,bl_energy_mwh,building energy (MWh),200,208.42133689299422,9.576857403267056,0.04594950567937254,196.93250075601904,206.4682659607443,227.01324728647168,30.080746530452643,0.14432661731699967
b2,MAR2024,bl_load_factor,load factor,200,0.5602724110026727,0.025744240331363046,0.045949505679372525,0.5293884428925243,0.5550222203245815,0.6102506647485797,0.0808622218560554,0.1443266173169995
b2,MAR2024,pv_energy_mwh,PV energy (MWh),200,69.77583049482402,3.2863987923913,0.047099386264346725,64.87317094700211,69.9047407106941,74.95266629589511,10.079495348893005,0.14445539777044578
b2,MAR2024,pv_capacity_factor,PV capacity factor,200,0.1875694368140431,0.008834405355890591,0.04709938626434672,0.17439024448118845,0.1879159696524035,0.20148566208573954,0.027095417604551086,0.14445539777044575
b2,MAR2024,net_peak_kw,net peak (kW),200,398.8566020940346,15.124158338783037,0.03791878649965874,380.5786969878775,394.97414968664094,430.1623351952702,49.58363820739271,0.12431444771648245
b2,MAR2024,net_min_kw,"net min (kW, <0 export)",200,-173.4354835836673,19.38349149704668,0.11176197105995245,-202.267656584014,-173.06534854169612,-139.79343381236853,62.47422277164546,0.3602159228362699
b2,MAR2024,wx_mean_temp_c,mean dry-bulb (degC),200,12.119883279569894,2.606375189572502,0.21504952889818557,7.6804282795698935,12.110718279569893,16.20485827956989,8.524429999999997,0.7033425820502216
b2,MAR2024,wx_mean_ghi,mean GHI (W/m2),200,212.9990542217742,10.520423421538382,0.049391878569491385,197.124505483871,212.48796169354836,229.63299483870966,32.50848935483867,0.1526226934368962
b2,MAR2024,n_sessions,EV sessions,200,408.59,30.782784133261483,0.07533905414538164,356.95,409.0,456.0,99.05000000000001,0.2424190508823026
b2,MAR2024,ev_energy_mwh,EV energy (MWh),200,5.296554401236335,0.45947418723298566,0.08674963994058742,4.633119183504056,5.3038032956549515,6.030444133458752,1.3973249499546956,0.2638177283005964
b2,MAR2024,arr_hour_mean,mean arrival hour,200,8.546121418593918,0.16287967841599219,0.019058900574664497,8.293342737332045,8.525022723756479,8.829291404061625,0.5359486667295794,0.06271250319045413
b2,MAR2024,dwell_h_mean,mean dwell (h),200,7.043335736045362,0.15545307986022883,0.02207094559821614,6.787241393298537,7.046655866137924,7.2895548553298015,0.5023134620312648,0.07131755191799219
b2,MAR2024,req_soc_mean,mean required SoC (%),200,57.09892856808194,3.2413197644034133,0.05676673530815248,51.578319490330756,57.19760192952849,62.076885112250395,10.498565621919639,0.18386624557064443
b2,MAR2024,peak_concurrency,peak concurrent EVs,200,19.44,1.587134201910592,0.08164270585959835,17.0,20.0,22.0,5.0,0.257201646090535
b2,MAY2024,bl_peak_kw,building peak (kW),200,500.0,3.3953365373179016e-14,6.790673074635803e-17,500.0,500.0,500.00000000000006,5.684341886080802e-14,1.1368683772161603e-16
b2,MAY2024,bl_mean_kw,building mean (kW),200,232.7082593213415,4.455104036113441,0.019144589234202855,226.0272346717565,232.58422626437994,239.28210144188634,13.254866770129837,0.05695915911530452
b2,MAY2024,bl_energy_mwh,building energy (MWh),200,173.1349449350781,3.314597402868401,0.01914458923420286,168.16426259578685,173.04266434069868,178.02588347276344,9.861620876976588,0.05695915911530445
b2,MAY2024,bl_load_factor,load factor,200,0.465416518642683,0.008910208072226882,0.019144589234202855,0.45205446934351307,0.4651684525287598,0.47856420288377266,0.026509733540259595,0.05695915911530435
b2,MAY2024,pv_energy_mwh,PV energy (MWh),200,94.27267173937202,4.298770572998043,0.04559932898563122,87.78737801938726,94.51156265980444,100.91381250820115,13.126434488813885,0.1392390206687201
b2,MAY2024,pv_capacity_factor,PV capacity factor,200,0.2534211605897097,0.011555834873650653,0.04559932898563122,0.2359875753209335,0.2540633404833452,0.2712736895381751,0.03528611421724159,0.13923902066872
b2,MAY2024,net_peak_kw,net peak (kW),200,290.2572680879047,10.303178020816608,0.03549670982811111,272.5407178789923,290.13486903174726,309.0244478187587,36.48372993976636,0.12569445781704672
b2,MAY2024,net_min_kw,"net min (kW, <0 export)",200,-247.32576145459305,18.821491446192777,0.07610000404122175,-273.17009791459856,-248.15958836260654,-214.28801189208716,58.8820860225114,0.23807502168884118
b2,MAY2024,wx_mean_temp_c,mean dry-bulb (degC),200,15.697840268817204,2.606375189572502,0.16603399862272178,11.258385268817205,15.688675268817205,19.782815268817203,8.524429999999997,0.5430320256814725
b2,MAY2024,wx_mean_ghi,mean GHI (W/m2),200,317.4717198823925,15.680524637678714,0.049391878569491385,293.8109561827956,316.7099445564516,342.2643451612903,48.45338897849467,0.1526226934368965
b2,MAY2024,n_sessions,EV sessions,200,448.535,34.04547321203152,0.07590371590183935,392.95,450.0,503.0,110.05000000000001,0.24535432017568307
b2,MAY2024,ev_energy_mwh,EV energy (MWh),200,5.788727113265086,0.5222312623156267,0.09021521521007858,4.976235888089944,5.7667489464759605,6.665055048874205,1.688819160784261,0.2917427489221712
b2,MAY2024,arr_hour_mean,mean arrival hour,200,8.55910010014761,0.1612336887250398,0.018837691677686907,8.311947168617525,8.548810956705694,8.799342992245315,0.4873958236277893,0.056944750958033974
b2,MAY2024,dwell_h_mean,mean dwell (h),200,7.0460533219055534,0.15304169412946522,0.02172020096039753,6.804095534282052,7.043333047000742,7.292004504504504,0.4879089702224526,0.06924571074499067
b2,MAY2024,req_soc_mean,mean required SoC (%),200,56.82464293305888,3.1661527979602653,0.05571795324240026,51.482627399876044,56.76275820059042,61.5973539785023,10.114726578626254,0.177998946522932
b2,MAY2024,peak_concurrency,peak concurrent EVs,200,19.63,1.7488258803548724,0.08908944882093084,16.950000000000003,20.0,22.049999999999983,5.09999999999998,0.2598064187468151
b2,NOV2024,bl_peak_kw,building peak (kW),200,500.0,3.015418993828294e-14,6.030837987656588e-17,500.0,500.0,500.00000000000006,5.684341886080802e-14,1.1368683772161603e-16
b2,NOV2024,bl_mean_kw,building mean (kW),200,271.1092627634269,11.047906300211174,0.04075075188357436,255.14640670758286,268.9976923690115,288.94235996598553,33.795953258402676,0.12465805451986131
b2,NOV2024,bl_energy_mwh,building energy (MWh),200,195.19866918966738,7.9544925361520455,0.040750751883574354,183.70541282945965,193.6783385056883,208.03849917550954,24.333086346049896,0.12465805451986114
b2,NOV2024,bl_load_factor,load factor,200,0.5422185255268539,0.022095812600422347,0.04075075188357435,0.5102928134151656,0.537995384738023,0.577884719931971,0.06759190651680536,0.1246580545198613
b2,NOV2024,pv_energy_mwh,PV energy (MWh),200,43.29851185162368,2.080021471935814,0.0480390984120581,40.188490512403774,43.37323917782955,46.57666932350333,6.388178811099557,0.1475380685828352
b2,NOV2024,pv_capacity_factor,PV capacity factor,200,0.12027364403228802,0.005777837422043926,0.04803909841205808,0.11163469586778825,0.12048121993841543,0.12937963700973146,0.017744941141943207,0.1475380685828351
b2,NOV2024,net_peak_kw,net peak (kW),200,482.86608445851095,13.32306621025067,0.027591638011170816,459.36128345818304,484.21566002664,500.0,40.63871654181696,0.08416146391269015
b2,NOV2024,net_min_kw,"net min (kW, <0 export)",200,-107.15941874989137,16.622739156984025,0.1551215875459466,-133.96754746884022,-107.2758314248062,-81.852235056212,52.11531241262823,0.4863344073773362
b2,NOV2024,wx_mean_temp_c,mean dry-bulb (degC),200,12.953987222222223,2.606375189572502,0.20120254442596133,8.514532222222224,12.944822222222221,17.03896222222222,8.524429999999997,0.6580545320730719
b2,NOV2024,wx_mean_ghi,mean GHI (W/m2),200,125.06979949583332,6.177432349408834,0.049391878569491385,115.74850633333335,124.76969375000002,134.83699599999997,19.088489666666618,0.152622693436896
b2,NOV2024,n_sessions,EV sessions,200,409.825,30.724654546225977,0.07497018128768615,356.95,409.0,461.04999999999995,104.09999999999997,0.2540108582931738
b2,NOV2024,ev_energy_mwh,EV energy (MWh),200,5.27935244956437,0.4541386721198535,0.08602166202359289,4.5422188995738235,5.263318332398269,6.0378722762287,1.495653376654876,0.2833024297853596
b2,NOV2024,arr_hour_mean,mean arrival hour,200,8.53950296437746,0.1521582366372411,0.0178181607608744,8.322337777408407,8.531160836647121,8.815684686288472,0.49334690888006527,0.05777232128591817
b2,NOV2024,dwell_h_mean,mean dwell (h),200,7.037678891321431,0.1531284678514204,0.021758376620486616,6.778719779915267,7.045934916378284,7.283858411703239,0.5051386317879718,0.07177631142149543
b2,NOV2024,req_soc_mean,mean required SoC (%),200,57.123676728203165,3.4028180389397478,0.05956931055279403,52.09256817805624,56.87652453575073,62.60297050628089,10.51040232822465,0.18399379959790724
b2,NOV2024,peak_concurrency,peak concurrent EVs,200,19.6,1.5787534042901663,0.08054864307602888,17.0,20.0,22.0,5.0,0.25510204081632654
b2,OCT2024,bl_peak_kw,building peak (kW),200,500.0,3.5358921927807854e-14,7.07178438556157e-17,500.0,500.0,500.00000000000006,5.684341886080802e-14,1.1368683772161603e-16
b2,OCT2024,bl_mean_kw,building mean (kW),200,253.86510533483315,6.581040335802029,0.02592337504251332,243.69269106617074,253.48884057660933,265.09461200859687,21.40192094242613,0.08430430371357361
b2,OCT2024,bl_energy_mwh,building energy (MWh),200,188.87563836911585,4.896294009836709,0.02592337504251332,181.30736215323103,188.59569738899734,197.2303913343961,15.923029181165077,0.08430430371357381
b2,OCT2024,bl_load_factor,load factor,200,0.5077302106696663,0.013162080671604058,0.02592337504251332,0.48738538213234145,0.5069776811532187,0.5301892240171936,0.042803841884852145,0.08430430371357339
b2,OCT2024,pv_energy_mwh,PV energy (MWh),200,60.17939972431821,2.8560048605982202,0.047458181266040816,55.926791282778424,60.290533747667425,64.67413781223242,8.747346529453992,0.145354499538473
b2,OCT2024,pv_capacity_factor,PV capacity factor,200,0.16177257990408123,0.007677432420962956,0.0474581812660408,0.1503408367816624,0.16207132727867585,0.1738552091726678,0.0235143723910054,0.14535449953847324
b2,OCT2024,net_peak_kw,net peak (kW),200,393.53411230163647,11.681729566799024,0.02968416002993204,369.26253150662154,396.15939681525106,405.88263198601487,36.62010047939333,0.09305445026154356
b2,OCT2024,net_min_kw,"net min (kW, <0 export)",200,-154.37446573548002,17.243691378291178,0.1117004116978657,-180.0712470953098,-154.92442197034575,-126.45970504133912,53.611542053970666,0.34728244595731145
b2,OCT2024,wx_mean_temp_c,mean dry-bulb (degC),200,16.789910161290322,2.606375189572502,0.15523461201010974,12.350455161290324,16.780745161290323,20.87488516129032,8.524429999999995,0.5077114718370169
b2,OCT2024,wx_mean_ghi,mean GHI (W/m2),200,179.55989942741937,8.868800748469182,0.04939187856949138,166.17752838709677,179.1290443548387,193.58244387096772,27.40491548387095,0.15262269343689627
b2,OCT2024,n_sessions,EV sessions,200,447.825,34.81183266458887,0.07773534899701641,390.95,449.5,504.0,113.05000000000001,0.252442360296991
b2,OCT2024,ev_energy_mwh,EV energy (MWh),200,5.78250503432787,0.5172516498449189,0.08945113696819144,5.013160062704242,5.746727292755821,6.60270701786206,1.589546955157818,0.27488898768292713
b2,OCT2024,arr_hour_mean,mean arrival hour,200,8.575723099331775,0.14611486385754247,0.017038197498345977,8.347192781934053,8.57703636569616,8.792107118608659,0.44491433667460534,0.0518806789259874
b2,OCT2024,dwell_h_mean,mean dwell (h),200,7.0214975066881085,0.157832525215949,0.022478470592008408,6.7532099374089,7.029979005118459,7.264884213744485,0.5116742763355848,0.07287252838133254
b2,OCT2024,req_soc_mean,mean required SoC (%),200,56.945280883846664,3.25011332078193,0.05707432240805525,51.74070292007716,56.93452896976896,62.68980590835067,10.94910298827351,0.19227410627066338
b2,OCT2024,peak_concurrency,peak concurrent EVs,200,19.42,1.5639146862053066,0.08053113729172535,17.0,19.0,22.0,5.0,0.2574665293511843
b2,SEP2024,bl_peak_kw,building peak (kW),200,500.0,4.2261995083337174e-14,8.452399016667435e-17,500.0,500.0,500.0000000000001,1.1368683772161603e-13,2.2737367544323206e-16
b2,SEP2024,bl_mean_kw,building mean (kW),200,229.00117388885118,6.716946633416478,0.029331494329704347,215.0040793546083,231.27959503759112,235.85471414805141,20.850634793443106,0.09105034022036605
b2,SEP2024,bl_energy_mwh,building energy (MWh),200,164.88084519997284,4.836201576059864,0.02933149432970435,154.802937135318,166.5213084270656,169.81539418659702,15.012457051279029,0.09105034022036601
b2,SEP2024,bl_load_factor,load factor,200,0.45800234777770227,0.013433893266832949,0.02933149432970434,0.4300081587092167,0.46255919007518226,0.47170942829610285,0.041701269586886136,0.0910503402203659
b2,SEP2024,pv_energy_mwh,PV energy (MWh),200,74.10450004567693,3.4757889988437602,0.04690388568442314,68.92996211161267,74.24809570548382,79.5401532910014,10.610191179388735,0.14317877015361777
b2,SEP2024,pv_capacity_factor,PV capacity factor,200,0.20584583346021368,0.009654969441232666,0.04690388568442314,0.19147211697670188,0.2062447102930106,0.22094487025278167,0.02947275327607979,0.14317877015361763
b2,SEP2024,net_peak_kw,net peak (kW),200,378.1410135309632,12.519968545398443,0.033109258444332365,352.042702785271,381.14525769049345,391.88169908399624,39.83899629872525,0.10535486729334405
b2,SEP2024,net_min_kw,"net min (kW, <0 export)",200,-218.47242432324308,19.863214195111603,0.09091863312562863,-251.5969891385099,-219.09448748394675,-185.74218085328928,65.85480828522063,0.3014330457915571
b2,SEP2024,wx_mean_temp_c,mean dry-bulb (degC),200,19.42162611111111,2.606375189572502,0.13419963779868027,14.982171111111112,19.412461111111114,23.506601111111113,8.52443,0.4389143293785877
b2,SEP2024,wx_mean_ghi,mean GHI (W/m2),200,243.84933776319443,12.04417688005059,0.04939187856949139,225.6755566111111,243.26421979166668,262.8924993333333,37.21694272222223,0.1526226934368964
b2,SEP2024,n_sessions,EV sessions,200,408.93,31.82908344209458,0.07783504130803458,355.9,408.5,460.04999999999995,104.14999999999998,0.2546890665884136
b2,SEP2024,ev_energy_mwh,EV energy (MWh),200,5.280212736622864,0.4738236218236466,0.08973570677129504,4.573009718417069,5.2395958894135894,5.991558167102327,1.4185484486852582,0.2686536545859965
b2,SEP2024,arr_hour_mean,mean arrival hour,200,8.562603189013895,0.16014940610932343,0.018703354876330184,8.289909185434272,8.56301646988902,8.82557611063239,0.5356669251981181,0.06255888698490625
b2,SEP2024,dwell_h_mean,mean dwell (h),200,7.027907339521387,0.15907863904656616,0.022635278378243345,6.794281699152252,7.003274041210551,7.302264670848678,0.5079829716964257,0.0722808294354974
b2,SEP2024,req_soc_mean,mean required SoC (%),200,57.204702173331974,3.1124070862749935,0.054408238624235924,51.768911659970755,57.17875540680103,62.58582109735759,10.816909437386833,0.18909126394210168
b2,SEP2024,peak_concurrency,peak concurrent EVs,200,19.435,1.797758235516343,0.0925010669161998,17.0,19.0,22.0,5.0,0.2572678157962439
b3,APR2024,bl_peak_kw,building peak (kW),200,400.0,3.0687933851566436e-14,7.671983462891609e-17,400.0,400.0,400.00000000000006,5.684341886080802e-14,1.4210854715202004e-16
b3,APR2024,bl_mean_kw,building mean (kW),200,244.01097663671592,8.00208338055701,0.03279394841515892,235.3968440301498,241.84443049115794,260.8631333417257,25.466289311575906,0.10436534316032091
b3,APR2024,bl_energy_mwh,building energy (MWh),200,175.68790317843545,5.761500034001048,0.032793948415158924,169.48572770170782,174.12798995363372,187.82145600604247,18.33572830433465,0.10436534316032092
b3,APR2024,bl_load_factor,load factor,200,0.6100274415917898,0.02000520845139252,0.03279394841515891,0.5884921100753745,0.6046110762278949,0.6521578333543141,0.0636657232789396,0.10436534316032064
b3,APR2024,pv_energy_mwh,PV energy (MWh),200,62.04242296186521,2.829575650104536,0.045607110667546844,57.509699278891375,61.90048812666584,66.53129820274987,9.021598923858491,0.14541016441933088
b3,APR2024,pv_capacity_factor,PV capacity factor,200,0.21542507972869862,0.00982491545175186,0.045607110667546844,0.19968645582948394,0.21493225043981196,0.23101145209288146,0.03132499626339752,0.14541016441933083
b3,APR2024,net_peak_kw,net peak (kW),200,287.233008446688,11.889517468294072,0.04139328391465436,275.20427583370747,284.0989105075637,314.54979209056853,39.34551625686106,0.13698117939033388
b3,APR2024,net_min_kw,"net min (kW, <0 export)",200,-84.98753583102945,13.65558399917682,0.16067749071259796,-108.07623132476687,-84.45522609412507,-63.30165830231405,44.77457302245281,0.5268369365535288
b3,APR2024,wx_mean_temp_c,mean dry-bulb (degC),200,13.593497500000003,2.5122143786538853,0.18481000777422327,9.402075,13.808,17.546435,8.144359999999999,0.5991364621209514
b3,APR2024,wx_mean_ghi,mean GHI (W/m2),200,259.0323742875,12.911207177452136,0.049843990400682464,239.26120604166667,258.6068858333333,279.07227208333336,39.81106604166669,0.15369146868676886
b3,APR2024,n_sessions,EV sessions,200,326.735,30.845779053658795,0.09440610602983701,269.95,326.0,375.04999999999995,105.09999999999997,0.32166740630786406
b3,APR2024,ev_energy_mwh,EV energy (MWh),200,4.243925358427149,0.4385271416003371,0.10333055003654934,3.6417832463071664,4.194577806297174,4.909348710502326,1.2675654641951595,0.2986776055516996
b3,APR2024,arr_hour_mean,mean arrival hour,200,8.588194872790316,0.18002489176250228,0.02096190112463202,8.256254781211751,8.598351134846462,8.862770767968083,0.6065159867563317,0.07062205687459835
b3,APR2024,dwell_h_mean,mean dwell (h),200,7.007360018401368,0.185306202796054,0.026444510102155285,6.7042814753029605,7.018412946716553,7.310266941583786,0.605985466280826,0.0864784262103709
b3,APR2024,req_soc_mean,mean required SoC (%),200,56.68850024285417,4.066636666245347,0.0717365364901846,49.60857192540988,56.63759322395349,62.918752967238646,13.310181041828763,0.23479508162692253
b3,APR2024,peak_concurrency,peak concurrent EVs,200,15.695,1.4977285985030364,0.09542711682083697,13.0,16.0,18.0,5.0,0.31857279388340237
b3,AUG2024,bl_peak_kw,building peak (kW),200,400.0,1.2742470962115827e-14,3.185617740528957e-17,400.0,400.0,400.0,0.0,0.0
b3,AUG2024,bl_mean_kw,building mean (kW),200,245.10660453124328,8.66864446980587,0.03536683349020444,228.44579013467515,246.34712873717075,256.49654989390524,28.05075975923009,0.11444310043328315
b3,AUG2024,bl_energy_mwh,building energy (MWh),200,182.35931377124498,6.449471485535567,0.03536683349020444,169.9636678601983,183.28226378045503,190.8334331210655,20.869765260867183,0.11444310043328314
b3,AUG2024,bl_load_factor,load factor,200,0.6127665113281081,0.021671611174514674,0.03536683349020444,0.5711144753366879,0.6158678218429268,0.6412413747347632,0.07012689939807526,0.11444310043328322
b3,AUG2024,pv_energy_mwh,PV energy (MWh),200,71.52978534970403,3.2712139732705787,0.045732193341247236,66.3344819978998,71.35176931824978,76.7725043682198,10.438022370319999,0.1459255374427485
b3,AUG2024,pv_capacity_factor,PV capacity factor,200,0.24035546152454315,0.01099198243706512,0.045732193341247236,0.22289812499294293,0.2397572893758393,0.2579721248932117,0.03507399990026877,0.1459255374427483
b3,AUG2024,net_peak_kw,net peak (kW),200,266.2138056906899,13.988673396993718,0.05254676165535518,246.63472435552956,263.43917542319787,290.7953953249952,44.16067096946563,0.1658842254814361
b3,AUG2024,net_min_kw,"net min (kW, <0 export)",200,-113.86912543866173,15.69899559410156,0.13786876410637044,-139.90934368247017,-113.8903299155841,-88.0222441583982,51.88709952407197,0.455673118803588
b3,AUG2024,wx_mean_temp_c,mean dry-bulb (degC),200,19.92289266129032,2.5122143786538853,0.12609686863068106,15.731470161290323,20.13739516129032,23.87583016129032,8.144359999999997,0.40879405106790967
b3,AUG2024,wx_mean_ghi,mean GHI (W/m2),200,300.29887646975806,14.968094316094351,0.04984399040068247,277.3779592405914,299.80560336021506,323.531334610215,46.15337536962363,0.15369146868676867
b3,AUG2024,n_sessions,EV sessions,200,328.02,29.848858803299272,0.09099706970093066,279.0,329.0,372.19999999999993,93.19999999999993,0.2841290165233825
b3,AUG2024,ev_energy_mwh,EV energy (MWh),200,4.252041565969308,0.4449189363224785,0.1046365444503959,3.5912302090101216,4.253832340688511,5.026667850578597,1.435437641568475,0.33758786674542973
b3,AUG2024,arr_hour_mean,mean arrival hour,200,8.603003586277442,0.18172836109575355,0.02112382719282211,8.328579615588081,8.594075932364095,8.902009820355934,0.5734302047678526,0.06665465136879925
b3,AUG2024,dwell_h_mean,mean dwell (h),200,7.02303153857304,0.17749353369027102,0.02527306515931362,6.7039549059929495,7.021989197119232,7.305523726140739,0.6015688201477891,0.08565657392306367
b3,AUG2024,req_soc_mean,mean required SoC (%),200,56.86562129353115,3.980139844967462,0.06999202249849032,50.24215206651106,57.132616694682454,62.97731494260273,12.735162876091671,0.223951881407482
b3,AUG2024,peak_concurrency,peak concurrent EVs,200,15.795,1.5637138501097716,0.09900056031084341,13.0,16.0,18.0,5.0,0.31655587211142766
b3,DEC2024,bl_peak_kw,building peak (kW),200,400.0,2.7329555514381846e-14,6.832388878595461e-17,400.0,400.0,400.00000000000006,5.684341886080802e-14,1.4210854715202004e-16
b3,DEC2024,bl_mean_kw,building mean (kW),200,268.05000683539305,5.697825716111782,0.021256577395316997,258.9429406431279,267.99089678300993,278.3260869995522,19.383146356424334,0.0723116801423077
b3,DEC2024,bl_energy_mwh,building energy (MWh),200,199.42920508553246,4.239182332787167,0.021256577395317,192.65354783848716,199.38522720655942,207.07460872766683,14.421060889179671,0.07231168014230752
b3,DEC2024,bl_load_factor,load factor,200,0.6701250170884826,0.014244564290279456,0.021256577395316997,0.6473573516078197,0.669977241957525,0.6958152174988806,0.048457865891060936,0.07231168014230785
b3,DEC2024,pv_energy_mwh,PV energy (MWh),200,29.52925898118225,1.411369634956379,0.04779563333627116,27.287151911197324,29.426867499400913,31.76470732165733,4.477555410460006,0.15163114703668532
b3,DEC2024,pv_capacity_factor,PV capacity factor,200,0.09922466055504789,0.004742505493805036,0.047795633336271154,0.0916906986263351,0.09888060315658909,0.10673624772062275,0.015045549094287652,0.1516311470366853
b3,DEC2024,net_peak_kw,net peak (kW),200,399.9413090743759,0.8300150300583937,0.0020753420845158015,400.0,400.0,400.00000000000006,5.684341886080802e-14,1.4212940141733898e-16
b3,DEC2024,net_min_kw,"net min (kW, <0 export)",200,-1.277316024201049,10.375514427854704,8.122903205840938,-17.70316776603109,-0.899398146309963,15.22726208745394,32.93042985348503,25.780957280390144
b3,DEC2024,wx_mean_temp_c,mean dry-bulb (degC),200,9.73458620967742,2.5122143786538853,0.2580709980416449,5.54316370967742,9.949088709677419,13.687523709677418,8.144359999999999,0.8366416224146709
b3,DEC2024,wx_mean_ghi,mean GHI (W/m2),200,98.93815227822583,4.931472312417146,0.04984399040068244,91.38649831989248,98.77563575268817,106.59244825268817,15.20594993279569,0.1536914686867686
b3,DEC2024,n_sessions,EV sessions,200,326.66,30.981343064664777,0.09484278168329387,272.0,327.0,376.04999999999995,104.04999999999995,0.31852690871242256
b3,DEC2024,ev_energy_mwh,EV energy (MWh),200,4.2098786341508365,0.4362394175247141,0.10362280137624605,3.4877609939240073,4.220582389771934,4.852954509344662,1.3651935154206547,0.3242833425995009
b3,DEC2024,arr_hour_mean,mean arrival hour,200,8.61279235619979,0.18072978282281096,0.020983877858464256,8.333507640132247,8.5988897536492,8.927233175551901,0.5937255354196544,0.06893531283060249
b3,DEC2024,dwell_h_mean,mean dwell (h),200,7.00646888365324,0.16384717541299643,0.023385128533899225,6.725217079530639,7.011333088954057,7.267716613381046,0.5424995338504068,0.07742837980999387
b3,DEC2024,req_soc_mean,mean required SoC (%),200,57.083659880994084,3.8430374019838878,0.0673228978309329,50.919685454577575,57.137684669090646,63.541805767411624,12.62212031283405,0.22111617123268168
b3,DEC2024,peak_concurrency,peak concurrent EVs,200,15.77,1.694537484516693,0.10745323300676557,13.0,16.0,19.0,6.0,0.3804692454026633
b3,FEB2024,bl_peak_kw,building peak (kW),200,400.0,2.5801537192646036e-14,6.450384298161509e-17,400.0,400.0,400.00000000000006,5.684341886080802e-14,1.4210854715202004e-16
b3,FEB2024,bl_mean_kw,building mean (kW),200,199.82005907506343,8.863090052180981,0.04435535698070991,187.7352546940263,198.25978724351796,213.718153442282,25.98289874825568,0.1300314836684893
b3,FEB2024,bl_energy_mwh,building energy (MWh),200,139.07476111624416,6.168710676317962,0.0443553569807099,130.6637372670423,137.9888119214885,148.74783479582825,18.084097528785946,0.13003148366848924
b3,FEB2024,bl_load_factor,load factor,200,0.49955014768765865,0.022157725130452454,0.04435535698070991,0.46933813673506575,0.49564946810879495,0.5342953836057049,0.0649572468706392,0.1300314836684893
b3,FEB2024,pv_energy_mwh,PV energy (MWh),200,40.425376501819635,1.9005931255727344,0.047014852798889444,37.40336672123637,40.305440030139685,43.44435784962802,6.040991128391653,0.14943561819689508
b3,FEB2024,pv_capacity_factor,PV capacity factor,200,0.14520609375653604,0.006826843123465283,0.04701485279888946,0.13435117356765935,0.1447752874645822,0.15605013595412365,0.021698962386464293,0.14943561819689524
b3,FEB2024,net_peak_kw,net peak (kW),200,363.6505392977271,7.313026285280933,0.020110038333515653,352.1182305073255,365.2110840823377,372.9666071095837,20.848376602258213,0.05733080072566393
b3,FEB2024,net_min_kw,"net min (kW, <0 export)",200,-133.72222554111303,13.14402322534713,0.09829348241968937,-154.68013343968116,-133.46673576508448,-113.67253680178484,41.00759663789631,0.30666253475783267
b3,FEB2024,wx_mean_temp_c,mean dry-bulb (degC),200,10.622132557471264,2.5122143786538853,0.2365075341567711,6.4307100574712655,10.836635057471264,14.575070057471262,8.144359999999995,0.7667349240780766
b3,FEB2024,wx_mean_ghi,mean GHI (W/m2),200,155.1633084375,7.733958456296883,0.04984399040068247,143.3201560704023,154.9084360632184,167.16743283045977,23.84727676005747,0.15369146868676872
b3,FEB2024,n_sessions,EV sessions,200,312.595,29.16218682992614,0.09329063750196304,262.8,313.0,359.04999999999995,96.24999999999994,0.30790639645547735
b3,FEB2024,ev_energy_mwh,EV energy (MWh),200,4.0334998506955415,0.4306440508654716,0.10676684437987789,3.3065265279264295,4.039889367978904,4.686151825783242,1.3796252978568129,0.3420417376782371
b3,FEB2024,arr_hour_mean,mean arrival hour,200,8.631554083857466,0.18842414904332022,0.02182968990435995,8.322763984018264,8.637884565147496,8.93240661736822,0.6096426333499565,0.0706295329238678
b3,FEB2024,dwell_h_mean,mean dwell (h),200,7.008017158413593,0.17833128104171658,0.025446752913214254,6.735471121200965,7.005511891064183,7.309692028985507,0.5742209077845422,0.08193771430698504
b3,FEB2024,req_soc_mean,mean required SoC (%),200,56.85594403242788,3.741481998849361,0.06580634729616662,50.93117512199807,56.68470956314778,63.24898374914957,12.3178086271515,0.21664944337439931
b3,FEB2024,peak_concurrency,peak concurrent EVs,200,15.56,1.4755630898612244,0.09483053276743088,13.0,16.0,18.0,5.0,0.3213367609254499
b3,JAN2024,bl_peak_kw,building peak (kW),200,400.0,2.279442501808651e-14,5.698606254521627e-17,400.0,400.0,400.00000000000006,5.684341886080802e-14,1.4210854715202004e-16
b3,JAN2024,bl_mean_kw,building mean (kW),200,211.77455916326383,11.999376680403795,0.056661086807660827,187.81583975576467,214.75861117273968,225.96529658556383,38.14945682979916,0.18014183091930563
b3,JAN2024,bl_energy_mwh,building energy (MWh),200,157.56027201746826,8.927536250220422,0.056661086807660827,139.73498477828892,159.78040671251836,168.1181806596595,28.38319588137057,0.1801418309193056
b3,JAN2024,bl_load_factor,load factor,200,0.5294363979081596,0.029998441701009487,0.056661086807660827,0.4695395993894117,0.5368965279318492,0.5649132414639095,0.09537364207449783,0.18014183091930552
b3,JAN2024,pv_energy_mwh,PV energy (MWh),200,33.661091731311124,1.599729944175363,0.04752460071541038,31.118872825970076,33.54742881562606,36.19569388655292,5.076821060582841,0.15082164004385057
b3,JAN2024,pv_capacity_factor,PV capacity factor,200,0.11310850716166371,0.005375436640374204,0.04752460071541039,0.1045661049259747,0.11272657532132416,0.12162531547900847,0.017059210553033763,0.1508216400438508
b3,JAN2024,net_peak_kw,net peak (kW),200,390.700736659471,10.558699038555737,0.027025029767882274,369.2183280328527,394.3208001097487,400.0,30.781671967147304,0.07878580478330696
b3,JAN2024,net_min_kw,"net min (kW, <0 export)",200,-100.0122756493171,13.151603217086421,0.13149988970555157,-122.60344568477434,-98.89806724512053,-81.52011089128699,41.08333479348735,0.4107829216639555
b3,JAN2024,wx_mean_temp_c,mean dry-bulb (degC),200,8.515769005376345,2.5122143786538853,0.2950073419168397,4.324346505376344,8.730271505376344,12.46870650537634,8.144359999999997,0.9563857350825437
b3,JAN2024,wx_mean_ghi,mean GHI (W/m2),200,113.4016540826613,5.6523909575176825,0.04984399040068246,104.74604418682797,113.21537970430107,122.17491095430107,17.428866767473096,0.15369146868676853
b3,JAN2024,n_sessions,EV sessions,200,341.91,31.781634025117913,0.09295321583199646,292.85,342.0,394.09999999999997,101.24999999999994,0.29613056067386134
b3,JAN2024,ev_energy_mwh,EV energy (MWh),200,4.405722316212051,0.48269810645834194,0.10956162731412356,3.6109478286116112,4.406152178495706,5.190935548933769,1.579987720322158,0.3586217212347143
b3,JAN2024,arr_hour_mean,mean arrival hour,200,8.605461272282396,0.17961851529046,0.02087261909701447,8.320581664342756,8.60373077217418,8.925913571264056,0.6053319069213003,0.07034276115692173
b3,JAN2024,dwell_h_mean,mean dwell (h),200,6.991461652914518,0.1649103353316375,0.023587390379648524,6.73532352588576,6.984832929886746,7.276746760738374,0.5414232348526138,0.07744063569695925
b3,JAN2024,req_soc_mean,mean required SoC (%),200,56.740774726852194,3.7580524146749146,0.06623195458232686,50.63273471156397,56.84893123525793,62.43374604173817,11.801011330174198,0.2079811456044404
b3,JAN2024,peak_concurrency,peak concurrent EVs,200,15.83,1.494075401889966,0.09438252696714883,14.0,16.0,18.0,4.0,0.2526847757422615
b3,JUL2024,bl_peak_kw,building peak (kW),200,400.0,2.3495955506198105e-14,5.873988876549526e-17,400.0,400.0,400.00000000000006,5.684341886080802e-14,1.4210854715202004e-16
b3,JUL2024,bl_mean_kw,building mean (kW),200,226.7413515336188,7.267475754096212,0.03205183220855358,213.01891293524213,228.36841636113263,235.16987724581355,22.150964310571425,0.09769265359295133
b3,JUL2024,bl_energy_mwh,building energy (MWh),200,168.6955655410124,5.407001961047583,0.03205183220855358,158.48607122382015,169.90610177268266,174.96638867088527,16.48031744706512,0.09769265359295119
b3,JUL2024,bl_load_factor,load factor,200,0.5668533788340471,0.018168689385240532,0.03205183220855358,0.5325472823381053,0.5709210409028316,0.587924693114534,0.05537741077642866,0.09769265359295148
b3,JUL2024,pv_energy_mwh,PV energy (MWh),200,76.06370365154102,3.467258077051851,0.04558360835196599,70.55219801212961,75.87789131784172,81.62196747924723,11.069769467117624,0.1455328748890517
b3,JUL2024,pv_capacity_factor,PV capacity factor,200,0.2555904020549093,0.01165073278579251,0.045583608351965996,0.237070557836457,0.25496603265403806,0.2742673638415566,0.037196806005099586,0.1455328748890519
b3,JUL2024,net_peak_kw,net peak (kW),200,274.31574781215386,19.978214599435994,0.07282926612407499,242.30078284518984,276.24542400487854,302.9921154004089,60.69133255521908,0.22124625742150003
b3,JUL2024,net_min_kw,"net min (kW, <0 export)",200,-138.65064931602973,16.252168789152545,0.11721667997463603,-168.68537908116474,-138.7441105088322,-112.37188975617443,56.313489324990314,0.40615380889153746
b3,JUL2024,wx_mean_temp_c,mean dry-bulb (degC),200,20.299371155913978,2.512214378653885,0.12375823661522546,16.107948655913983,20.513873655913983,24.25230865591397,8.144359999999988,0.4012124285745289
b3,JUL2024,wx_mean_ghi,mean GHI (W/m2),200,327.13603518749994,16.305765397603064,0.04984399040068245,302.16671770833335,326.5986791666666,352.4447354166667,50.27801770833332,0.15369146868676872
b3,JUL2024,n_sessions,EV sessions,200,342.04,32.15693927783851,0.09401514231621597,290.0,342.0,396.0,106.0,0.3099052742369313
b3,JUL2024,ev_energy_mwh,EV energy (MWh),200,4.41258505851032,0.4791910180056777,0.10859643761007785,3.6538553183699936,4.379326364695605,5.276746408829679,1.6228910904596852,0.3677869251108714
b3,JUL2024,arr_hour_mean,mean arrival hour,200,8.602790625205218,0.1719676116489909,0.01998974741348987,8.338379434324066,8.597315611577157,8.896862954583543,0.5584835202594771,0.06491887860471492
b3,JUL2024,dwell_h_mean,mean dwell (h),200,7.005473394444299,0.17812130893497316,0.025426020328081257,6.712957772139006,6.995574605108567,7.281359274141837,0.568401502002831,0.0811367726346092
b3,JUL2024,req_soc_mean,mean required SoC (%),200,56.92673327261089,3.9270870224203964,0.06898493548917257,50.577844997569585,57.101583971020226,63.2397009440503,12.661855946480713,0.22242372289036128
b3,JUL2024,peak_concurrency,peak concurrent EVs,200,15.705,1.55242556202484,0.09884912843201782,13.0,16.0,18.0,5.0,0.3183699458771092
b3,JUN2024,bl_peak_kw,building peak (kW),200,400.0,2.7625018755391202e-14,6.9062546888478e-17,400.0,400.0,400.00000000000006,5.684341886080802e-14,1.4210854715202004e-16
b3,JUN2024,bl_mean_kw,building mean (kW),200,206.91739828801553,4.345316340432121,0.021000246361032066,196.76243840166543,207.5464064457371,212.50947392449766,15.74703552283222,0.07610300367740645
b3,JUN2024,bl_energy_mwh,building energy (MWh),200,148.9805267673712,3.1286277651111285,0.021000246361032072,141.66895564919912,149.43341264093073,153.00682122563833,11.337865576439214,0.07610300367740654
b3,JUN2024,bl_load_factor,load factor,200,0.5172934957200388,0.010863290851080301,0.021000246361032066,0.49190609600416363,0.5188660161143428,0.5312736848112442,0.03936758880708052,0.0761030036774064
b3,JUN2024,pv_energy_mwh,PV energy (MWh),200,74.88101776686045,3.3865727043104648,0.045226050677548826,69.46618890016094,74.71242203052694,80.28405883240089,10.817869932239944,0.1444674532325538
b3,JUN2024,pv_capacity_factor,PV capacity factor,200,0.2600035339127099,0.011758933001078003,0.045226050677548826,0.2412020447922255,0.25941813205044073,0.2787640931680586,0.0375620483758331,0.14446745323255367
b3,JUN2024,net_peak_kw,net peak (kW),200,272.33577724762415,10.186231205244445,0.03740320610164454,257.3440493972189,271.7794698541261,288.8854098750948,31.541360477875912,0.11581790977538953
b3,JUN2024,net_min_kw,"net min (kW, <0 export)",200,-163.70400845524324,15.426694444252348,0.09423528837090152,-191.21361017458338,-164.93418359970048,-136.9709743144337,54.242635860149676,0.33134580131542496
b3,JUN2024,wx_mean_temp_c,mean dry-bulb (degC),200,18.17196972222222,2.512214378653885,0.13824667424917272,13.980547222222224,18.386472222222224,22.124907222222216,8.144359999999992,0.44818256493352954
b3,JUN2024,wx_mean_ghi,mean GHI (W/m2),200,333.1365169,16.604853350480386,0.04984399040068245,307.7092005555556,332.58930444444445,358.9094411111111,51.200240555555524,0.15369146868676864
b3,JUN2024,n_sessions,EV sessions,200,297.075,28.713265804603786,0.09665325525407317,243.9,296.5,347.04999999999995,103.14999999999995,0.3472187158125051
b3,JUN2024,ev_energy_mwh,EV energy (MWh),200,3.865612762310755,0.41507148125810106,0.1073753391195819,3.1804617633236014,3.883074127491832,4.509590900459863,1.329129137136262,0.34383400999062974
b3,JUN2024,arr_hour_mean,mean arrival hour,200,8.621129953325772,0.18967302319258914,0.02200094700108528,8.310567560854446,8.62283039965373,8.925550965906256,0.6149834050518095,0.07133443160946291
b3,JUN2024,dwell_h_mean,mean dwell (h),200,6.99783893693806,0.18475488984541685,0.026401706514019498,6.670560447271908,7.000004944473562,7.260791204031814,0.5902307567599063,0.08434471871657064
b3,JUN2024,req_soc_mean,mean required SoC (%),200,56.803893963547296,3.5517691302376804,0.06252686008668619,51.16645021491001,56.963851548011135,62.47371935191026,11.307269137000254,0.19905799317660258
b3,JUN2024,peak_concurrency,peak concurrent EVs,200,15.605,1.5752402704183697,0.10094458637733865,13.0,16.0,18.0,5.0,0.32041012495994875
b3,MAR2024,bl_peak_kw,building peak (kW),200,400.0,2.5484941924231654e-14,6.371235481057914e-17,400.0,400.0,400.00000000000006,5.684341886080802e-14,1.4210854715202004e-16
b3,MAR2024,bl_mean_kw,building mean (kW),200,224.23415056616068,9.589018734783302,0.04276341810813534,212.3386374195864,221.83995367911007,243.1990648352622,30.860427415675787,0.13762590282415685
b3,MAR2024,bl_energy_mwh,building energy (MWh),200,166.8302080212235,7.134229938678776,0.042763418108135345,157.9799462401723,165.0489255372579,180.94010423743507,22.96015799726277,0.1376259028241568
b3,MAR2024,bl_load_factor,load factor,200,0.5605853764154017,0.02397254683695825,0.04276341810813533,0.530846593548966,0.5545998841977752,0.6079976620881555,0.07715106853918952,0.13762590282415693
b3,MAR2024,pv_energy_mwh,PV energy (MWh),200,55.494321250636425,2.5788414905651025,0.0464703672816888,51.390065931976785,55.34916310525283,59.601688871331255,8.21162293935447,0.14797231057691865
b3,MAR2024,pv_capacity_factor,PV capacity factor,200,0.18647285366477293,0.008665461997866608,0.0464703672816888,0.17268167315852415,0.18598509107947858,0.20027449217517224,0.02759281901664809,0.1479723105769187
b3,MAR2024,net_peak_kw,net peak (kW),200,319.5890256827946,11.69169547930329,0.03658353241111534,304.8576560359565,317.12396314164914,343.36232283036776,38.504666794411264,0.12048181789767946
b3,MAR2024,net_min_kw,"net min (kW, <0 export)",200,-136.83199949693358,15.09496599745864,0.11031751383415925,-162.1996528155918,-135.96882761221966,-112.98369407162255,49.21595874396925,0.3596816455574209
b3,MAR2024,wx_mean_temp_c,mean dry-bulb (degC),200,12.165365779569893,2.5122143786538853,0.20650545361100558,7.973943279569892,12.37986827956989,16.118303279569886,8.144359999999995,0.6694710333886845
b3,MAR2024,wx_mean_ghi,mean GHI (W/m2),200,211.70370814112903,10.552157596375316,0.04984399040068246,195.5449957661291,211.3559620967742,228.08204959677423,32.537053830645135,0.1536914686867686
b3,MAR2024,n_sessions,EV sessions,200,311.225,29.505716591158887,0.09480509789110414,257.0,312.5,359.0,102.0,0.32773716764398747
b3,MAR2024,ev_energy_mwh,EV energy (MWh),200,4.026680001739347,0.44046763327265254,0.10938729501286172,3.27744549853014,4.013310942075156,4.818221670332777,1.5407761718026372,0.3826418218326488
b3,MAR2024,arr_hour_mean,mean arrival hour,200,8.604500800175002,0.17926718843139028,0.020834118398564652,8.314661670964044,8.604519200905694,8.90315517998244,0.5884935090183951,0.06839368403643198
b3,MAR2024,dwell_h_mean,mean dwell (h),200,7.009338974149075,0.16844494413967756,0.024031502080426433,6.716755054641611,7.018566010297528,7.269410991406952,0.5526559367653405,0.07884565703036674
b3,MAR2024,req_soc_mean,mean required SoC (%),200,57.11040341869105,3.796445244498361,0.06647554591176051,51.37720532936421,56.74673980508714,63.734308482521364,12.357103153157155,0.2163721916401825
b3,MAR2024,peak_concurrency,peak concurrent EVs,200,15.72,1.5176019168047485,0.09653956213770665,13.0,16.0,18.0,5.0,0.31806615776081426
b3,MAY2024,bl_peak_kw,building peak (kW),200,400.0,2.383898030057657e-14,5.959745075144142e-17,400.0,400.0,400.00000000000006,5.684341886080802e-14,1.4210854715202004e-16
b3,MAY2024,bl_mean_kw,building mean (kW),200,186.02529836981682,3.6341694550346046,0.01953588832745697,179.47374950017382,186.403274585862,191.14950597334962,11.675756473175795,0.06276434751344671
b3,MAY2024,bl_energy_mwh,building energy (MWh),200,138.40282198714368,2.703822074545745,0.01953588832745697,133.52846962812933,138.6840362918813,142.2152324441721,8.686762816042773,0.06276434751344659
b3,MAY2024,bl_load_factor,load factor,200,0.465063245924542,0.009085423637586514,0.019535888327456976,0.4486843737504346,0.466008186464655,0.4778737649333741,0.029189391182939506,0.06276434751344676
b3,MAY2024,pv_energy_mwh,PV energy (MWh),200,74.99197859110973,3.3804809072098347,0.04507789993969554,69.56215844671729,74.83543606935052,80.33563409240334,10.773475645686048,0.14366170686638263
b3,MAY2024,pv_capacity_factor,PV capacity factor,200,0.2519891753733526,0.01135914283336638,0.04507789993969554,0.23374381198493716,0.2514631588351832,0.2699450070309252,0.036201195045988066,0.14366170686638263
b3,MAY2024,net_peak_kw,net peak (kW),200,232.49193103031203,7.954055337388473,0.0342121780404991,219.66694546789049,233.67826478692504,244.21783597635084,24.550890508460355,0.10559889282892763
b3,MAY2024,net_min_kw,"net min (kW, <0 export)",200,-196.45193461050314,13.898349369968292,0.07074681854125771,-216.88752601921183,-197.56137759176752,-173.15490032518534,43.732625694026495,0.2226123442394869
b3,MAY2024,wx_mean_temp_c,mean dry-bulb (degC),200,15.743322768817205,2.5122143786538853,0.15957332613607006,11.551900268817207,15.957825268817206,19.6962602688172,8.144359999999992,0.5173215413033089
b3,MAY2024,wx_mean_ghi,mean GHI (W/m2),200,315.54102704637097,15.727823923120798,0.04984399040068246,291.4567219422043,315.02271706989245,339.95268581989245,48.495963877688155,0.1536914686867687
b3,MAY2024,n_sessions,EV sessions,200,342.395,33.17320125352745,0.09688576425919611,284.85,342.0,393.15,108.29999999999995,0.3163013478584674
b3,MAY2024,ev_energy_mwh,EV energy (MWh),200,4.434712543769194,0.4822968831399256,0.10875493696148501,3.621367856336992,4.401160849630955,5.230238884823092,1.6088710284860999,0.36279037538669245
b3,MAY2024,arr_hour_mean,mean arrival hour,200,8.625361999475434,0.17818325381440356,0.020658060939962877,8.369565483340008,8.628946722043587,8.897885113113496,0.5283196297734882,0.06125187902903309
b3,MAY2024,dwell_h_mean,mean dwell (h),200,7.018173271997175,0.1939415915435281,0.027634198248903844,6.733710502930772,7.004031280087608,7.330116782654245,0.5964062797234728,0.08498027287287997
b3,MAY2024,req_soc_mean,mean required SoC (%),200,56.91001410484241,3.8275941136286193,0.06725695246845728,51.04479964753312,56.87324512149248,62.964452294416205,11.919652646883087,0.20944736764471925
b3,MAY2024,peak_concurrency,peak concurrent EVs,200,15.74,1.611017344544158,0.10235180079696048,13.0,16.0,18.0,5.0,0.3176620076238882
b3,NOV2024,bl_peak_kw,building peak (kW),200,400.0,2.451063228509927e-14,6.127658071274817e-17,400.0,400.0,400.00000000000006,5.684341886080802e-14,1.4210854715202004e-16
b3,NOV2024,bl_mean_kw,building mean (kW),200,216.89140665922977,7.922251504133502,0.03652635033429699,205.3053746251316,216.66902209420195,229.1781219544177,23.872747329286085,0.11006774171921847
b3,NOV2024,bl_energy_mwh,building energy (MWh),200,156.16181279464544,5.704021082976123,0.036526350334297,147.81986973009472,156.00169590782542,165.00824780718074,17.188378077086014,0.11006774171921868
b3,NOV2024,bl_load_factor,load factor,200,0.5422285166480745,0.019805628760333753,0.036526350334296985,0.513263436562829,0.5416725552355048,0.5729453048860443,0.059681868323215315,0.11006774171921865
b3,NOV2024,pv_energy_mwh,PV energy (MWh),200,34.43222795959838,1.6326641361665464,0.04741674393194247,31.837358484868886,34.32485955910024,37.024001096938974,5.186642612070088,0.1506333722626349
b3,NOV2024,pv_capacity_factor,PV capacity factor,200,0.1195563470819388,0.005668972695022731,0.047416743931942486,0.11054638362801696,0.11918354013576472,0.1285555593643714,0.018009175736354452,0.15063337226263473
b3,NOV2024,net_peak_kw,net peak (kW),200,385.9908215285321,9.976698603298113,0.02584698403912862,370.29658439686756,387.26919364713746,400.0,29.70341560313244,0.07695368373140653
b3,NOV2024,net_min_kw,"net min (kW, <0 export)",200,-84.49687176620455,12.648767859909706,0.14969510226257535,-104.66480426724121,-84.38351036355792,-63.73078834333813,40.934015923903075,0.48444415832533916
b3,NOV2024,wx_mean_temp_c,mean dry-bulb (degC),200,12.999469722222221,2.5122143786538853,0.19325514288935391,8.808047222222223,13.213972222222221,16.95240722222222,8.144359999999997,0.6265147866822173
b3,NOV2024,wx_mean_ghi,mean GHI (W/m2),200,124.30919201249999,6.196066173387643,0.049843990400682464,114.82104229166667,124.10500083333332,133.92630458333335,19.105262291666676,0.15369146868676883
b3,NOV2024,n_sessions,EV sessions,200,311.77,29.765365526474273,0.09547219272692778,260.85,311.0,358.04999999999995,97.19999999999993,0.3117682907271384
b3,NOV2024,ev_energy_mwh,EV energy (MWh),200,4.008870542123122,0.43735921559526353,0.10909786459795118,3.307657314045829,4.009176035917544,4.694553590189373,1.3868962761435437,0.3459568628048126
b3,NOV2024,arr_hour_mean,mean arrival hour,200,8.60354393085595,0.18663209687180238,0.021692467472905052,8.3101491267648,8.574922014260249,8.943349377709033,0.6332002509442329,0.07359760768737506
b3,NOV2024,dwell_h_mean,mean dwell (h),200,7.018894670032544,0.18742381413695702,0.026702753488689696,6.704083528951487,7.01785192271918,7.322049006010171,0.617965477058684,0.08804313301595944
b3,NOV2024,req_soc_mean,mean required SoC (%),200,57.1134777076677,3.6047122824593942,0.06311491485267143,50.73116403480585,57.18165701139156,62.78713181777111,12.055967782965261,0.2110879649926606
b3,NOV2024,peak_concurrency,peak concurrent EVs,200,15.56,1.4857446570422685,0.09548487513125119,13.0,15.5,18.0,5.0,0.3213367609254499
b3,OCT2024,bl_peak_kw,building peak (kW),200,400.0,2.383898030057657e-14,5.959745075144142e-17,400.0,400.0,400.00000000000006,5.684341886080802e-14,1.4210854715202004e-16
b3,OCT2024,bl_mean_kw,building mean (kW),200,203.56300161042083,4.96635477774508,0.024397138666925815,194.6324563790508,203.4879529794453,211.17823724562737,16.545780866576564,0.0812808847171644
b3,OCT2024,bl_energy_mwh,building energy (MWh),200,151.4508731981531,3.6949679546423386,0.024397138666925812,144.80654754601377,151.3950370167073,157.11660851074677,12.310060964732997,0.08128088471716462
b3,OCT2024,bl_load_factor,load factor,200,0.5089075040260521,0.012415886944362704,0.02439713866692582,0.486581140947627,0.5087198824486132,0.5279455931140684,0.04136445216644141,0.08128088471716438
b3,OCT2024,pv_energy_mwh,PV energy (MWh),200,47.85995685800048,2.2399386610013736,0.046801936484130696,44.29866638419201,47.73351087608097,51.4280028269762,7.1293364427841865,0.14896245025746227
b3,OCT2024,pv_capacity_factor,PV capacity factor,200,0.160819747506722,0.0075266756082035405,0.0468019364841307,0.1488530456458065,0.16039486181478824,0.1728091492841942,0.023956103638387682,0.14896245025746205
b3,OCT2024,net_peak_kw,net peak (kW),200,314.85415527647694,8.975734036274782,0.028507592756376644,296.9341741577011,316.8317721172872,325.70269516601104,28.76852100830996,0.09137094278793303
b3,OCT2024,net_min_kw,"net min (kW, <0 export)",200,-122.11857798025994,13.045637616355352,0.1068276246916676,-143.08851374031065,-121.7361549558444,-101.72726628056279,41.36124745974786,0.3386974213410327
b3,OCT2024,wx_mean_temp_c,mean dry-bulb (degC),200,16.83539266129032,2.512214378653885,0.14922220284355045,12.643970161290325,17.049895161290323,20.78833016129032,8.144359999999997,0.4837641844093339
b3,OCT2024,wx_mean_ghi,mean GHI (W/m2),200,178.46791236290323,8.895552910646387,0.04984399040068246,164.84598911290323,178.17475967741936,192.27498467741938,27.428995564516157,0.1536914686867689
b3,OCT2024,n_sessions,EV sessions,200,342.055,32.51813525716097,0.09506697828466466,283.85,345.0,396.09999999999997,112.24999999999994,0.32816359942114554
b3,OCT2024,ev_energy_mwh,EV energy (MWh),200,4.416673154421131,0.46294926984118356,0.10481854863490793,3.618326161695864,4.408996318100963,5.176369415077525,1.5580432533816606,0.3527639920155841
b3,OCT2024,arr_hour_mean,mean arrival hour,200,8.609502885983519,0.18272373395714755,0.021223494129333095,8.322849280093756,8.60472777991535,8.952625668960245,0.6297763888664889,0.07314898400136206
b3,OCT2024,dwell_h_mean,mean dwell (h),200,7.015316514228566,0.17453547235700714,0.024879201387850682,6.711811321238212,7.027256944444444,7.299605645496056,0.5877943242578443,0.08378728501638827
b3,OCT2024,req_soc_mean,mean required SoC (%),200,56.575370692536396,4.069763091722951,0.0719352439392827,50.433282720785044,56.79056401329635,63.20621316893068,12.772930448145637,0.22576839164804063
b3,OCT2024,peak_concurrency,peak concurrent EVs,200,15.725,1.4104331278157787,0.08969368062421486,13.0,16.0,18.0,5.0,0.3179650238473768
b3,SEP2024,bl_peak_kw,building peak (kW),200,400.0,2.054661704935752e-14,5.13665426233938e-17,400.0,400.0,400.00000000000006,5.684341886080802e-14,1.4210854715202004e-16
b3,SEP2024,bl_mean_kw,building mean (kW),200,183.28485355662193,5.112670368810902,0.02789466925171453,172.4811443685287,184.570932536358,188.94485109295948,16.46370672443078,0.08982578977451985
b3,SEP2024,bl_energy_mwh,building energy (MWh),200,131.9650945607678,3.681122665543849,0.027894669251714525,124.18642394534066,132.89107142617775,136.04029278693082,11.853868841590156,0.08982578977451981
b3,SEP2024,bl_load_factor,load factor,200,0.4582121338915549,0.012781675922027254,0.02789466925171452,0.43120286092132176,0.461427331340895,0.4723621277323988,0.04115926681107701,0.08982578977451998
b3,SEP2024,pv_energy_mwh,PV energy (MWh),200,58.93861306994774,2.7246322544507655,0.046228306241566965,54.614093132569316,58.78666074958066,63.289468377971865,8.675375245402549,0.14719340672483594
b3,SEP2024,pv_capacity_factor,PV capacity factor,200,0.20464796204842967,0.009460528661287378,0.04622830624156696,0.1896322678214212,0.20412034982493285,0.21975509853462452,0.03012283071320332,0.14719340672483605
b3,SEP2024,net_peak_kw,net peak (kW),200,303.10815550427634,10.335438531085089,0.0340981868794991,281.7316919447697,305.0561285628355,315.952723161898,34.22103121712831,0.11290039741819323
b3,SEP2024,net_min_kw,"net min (kW, <0 export)",200,-173.06815711102564,14.814177402123178,0.08559736030828408,-197.9890696359242,-173.8992383812187,-147.78398337148502,50.20508626443919,0.2900885240965033
b3,SEP2024,wx_mean_temp_c,mean dry-bulb (degC),200,19.46710861111111,2.5122143786538853,0.129049178737309,15.275686111111114,19.68161111111111,23.420046111111105,8.144359999999992,0.4183651595466771
b3,SEP2024,wx_mean_ghi,mean GHI (W/m2),200,242.36637679375002,12.080507358355865,0.049843990400682464,223.86727440972223,241.96826402777776,261.11691881944444,37.24964440972221,0.15369146868676867
b3,SEP2024,n_sessions,EV sessions,200,312.675,29.232036102080997,0.09349016103647875,260.95,312.0,360.0,99.05000000000001,0.3167826017430239
b3,SEP2024,ev_energy_mwh,EV energy (MWh),200,4.042259641901312,0.4192108262600956,0.10370705085705878,3.362348319392268,4.039783345009795,4.693486560497941,1.3311382411056734,0.3293054773887708
b3,SEP2024,arr_hour_mean,mean arrival hour,200,8.628728916363006,0.19179014180010143,0.02222692863098319,8.356797769443348,8.606332255830063,8.987964133182254,0.631166363738906,0.07314708456560733
b3,SEP2024,dwell_h_mean,mean dwell (h),200,7.002023372475028,0.1916334976866965,0.027368303059371133,6.699175168070517,7.019822291469087,7.3019153439153435,0.6027401758448265,0.08608085745817412
b3,SEP2024,req_soc_mean,mean required SoC (%),200,56.875306733809246,3.81020130032052,0.06699218903826262,50.750666688113036,56.831968326300505,62.83218962194163,12.081522933828595,0.21242123564050674
b3,SEP2024,peak_concurrency,peak concurrent EVs,200,15.525,1.4386534044343176,0.0926668859539013,13.0,15.0,18.0,5.0,0.322061191626409
b4,APR2024,bl_peak_kw,building peak (kW),200,350.0,1.709581876356488e-14,4.884519646732823e-17,350.0,350.0,350.0,0.0,0.0
b4,APR2024,bl_mean_kw,building mean (kW),200,212.45320597191005,5.958829753741362,0.02804772809373007,206.28251583898833,211.38245186031162,225.29954651297552,19.017030673987193,0.08951162015649493
b4,APR2024,bl_energy_mwh,building energy (MWh),200,152.96630829977528,4.2903574226937815,0.028047728093730066,148.52341140407157,152.19536533942437,162.2156734893424,13.69226208527084,0.0895116201564953
b4,APR2024,bl_load_factor,load factor,200,0.6070091599197431,0.01702522786783246,0.028047728093730056,0.5893786166828238,0.6039498624580333,0.6437129900370729,0.05433437335424918,0.089511620156495
b4,APR2024,pv_energy_mwh,PV energy (MWh),200,54.130696337538694,2.4471342662678315,0.04520788446925606,50.027361374464554,54.27340119162862,58.19690947405019,8.169548099585633,0.15092264929760738
b4,APR2024,pv_capacity_factor,PV capacity factor,200,0.21480435054578845,0.009710850262967587,0.045207884469256075,0.19852127529549426,0.21537063964931993,0.2309401169605166,0.03241884166502235,0.15092264929760738
b4,APR2024,net_peak_kw,net peak (kW),200,249.852997413684,9.14947426297809,0.0366194296553874,239.1865336088215,248.16465360617292,271.61405034136993,32.42751673254844,0.1297863826658757
b4,APR2024,net_min_kw,"net min (kW, <0 export)",200,-73.99109968106097,12.392380724169799,0.1674847485385029,-94.3001795287855,-74.22198763107298,-53.6447631181852,40.6554164106003,0.5494636055666924
b4,APR2024,wx_mean_temp_c,mean dry-bulb (degC),200,14.0133855,2.436772303269152,0.17388890809213461,10.382515,14.180050000000001,18.07577,7.693254999999999,0.548993317853134
b4,APR2024,wx_mean_ghi,mean GHI (W/m2),200,258.6198304166667,12.587897000931038,0.04867336344877525,237.02826541666664,259.2411704166667,279.8114077916667,42.78314237500004,0.16542870013514205
b4,APR2024,n_sessions,EV sessions,200,353.7,28.949618339626696,0.08184794554601836,307.0,354.0,400.0,93.0,0.26293469041560646
b4,APR2024,ev_energy_mwh,EV energy (MWh),200,4.554389809639629,0.4407742367297527,0.09678008584088006,3.812415574379227,4.596135084122448,5.184110539103223,1.371694964723996,0.30118084355026536
b4,APR2024,arr_hour_mean,mean arrival hour,200,8.558214758560531,0.16349363228364935,0.01910370759510463,8.256128327778548,8.567819005604829,8.821572177822178,0.5654438500436303,0.06607030391216034
b4,APR2024,dwell_h_mean,mean dwell (h),200,7.040022720416125,0.17553937264941283,0.02493448950673798,6.787947563559322,7.019819407810772,7.32747260541154,0.539525041852218,0.07663683247606443
b4,APR2024,req_soc_mean,mean required SoC (%),200,57.14878354365855,3.7124076782833932,0.06496039719633431,51.4014837432554,57.253714905933975,63.15580250283498,11.754318759579583,0.2056792468837053
b4,APR2024,peak_concurrency,peak concurrent EVs,200,16.59,1.3970176417845577,0.0842084172263145,14.0,17.0,19.0,5.0,0.3013863773357444
b4,AUG2024,bl_peak_kw,building peak (kW),200,350.0,1.4528652246043834e-14,4.151043498869667e-17,350.0,350.0,350.0,0.0,0.0
b4,AUG2024,bl_mean_kw,building mean (kW),200,214.94988565178195,7.886902339378435,0.03669181919061445,198.83299566251458,216.30437318176678,224.6813052884543,25.84830962593972,0.12025272564142643
b4,AUG2024,bl_energy_mwh,building energy (MWh),200,159.9227149249258,5.867855340497555,0.03669181919061444,147.93174877291085,160.93045364723446,167.16289113461,19.231142361699142,0.12025272564142636
b4,AUG2024,bl_load_factor,load factor,200,0.6141425304336628,0.02253400668393839,0.036691819190614455,0.5680942733214702,0.6180124948050479,0.6419465865384408,0.07385231321697061,0.12025272564142639
b4,AUG2024,pv_energy_mwh,PV energy (MWh),200,62.402309441588606,2.82123667916836,0.04521045301711414,57.69811136425368,62.53028920878612,67.11649289318336,9.418381528929686,0.1509300154627405
b4,AUG2024,pv_capacity_factor,PV capacity factor,200,0.23964020522883486,0.010834242239509831,0.04521045301711415,0.2215749284341539,0.24013167898919402,0.2577438283148362,0.03616889988068231,0.15093001546274032
b4,AUG2024,net_peak_kw,net peak (kW),200,235.02040645660475,13.760303628900962,0.058549399332443616,213.1415152429264,234.4080829136284,260.83635930289825,47.69484405997184,0.2029391608118865
b4,AUG2024,net_min_kw,"net min (kW, <0 export)",200,-98.98774670491497,14.920386913868487,0.1507296348339613,-123.1151602349302,-99.9674991366272,-73.63911466721154,49.47604556771866,0.4998198990750646
b4,AUG2024,wx_mean_temp_c,mean dry-bulb (degC),200,20.34278066129032,2.436772303269152,0.11978560570659912,16.711910161290323,20.509445161290323,24.40516516129032,7.693254999999997,0.37818109176388387
b4,AUG2024,wx_mean_ghi,mean GHI (W/m2),200,299.82061014784944,14.59327752715983,0.04867336344877525,274.7892883736559,300.54093595430106,324.3882221841398,49.59893381048391,0.16542870013514205
b4,AUG2024,n_sessions,EV sessions,200,352.29,30.174798963080292,0.08565329405626129,297.95,352.5,395.09999999999997,97.14999999999998,0.2757671236765164
b4,AUG2024,ev_energy_mwh,EV energy (MWh),200,4.540820251705285,0.45862740374669186,0.1010010038548556,3.7981219231141354,4.556767711297872,5.291774168390056,1.4936522452759204,0.3289388618091601
b4,AUG2024,arr_hour_mean,mean arrival hour,200,8.564743264698999,0.18254149300301317,0.021313130745598416,8.293277358343712,8.564809327760797,8.860761624942981,0.5674842665992692,0.0662581759967341
b4,AUG2024,dwell_h_mean,mean dwell (h),200,7.025637284079434,0.1555264875124404,0.02213699358844981,6.782573088455772,7.022060037173388,7.310784656569554,0.5282115681137824,0.07518343842070317
b4,AUG2024,req_soc_mean,mean required SoC (%),200,56.89689549764909,3.6889612590220024,0.06483589705126223,50.977650695173914,56.604524787504204,63.41299565730703,12.435344962133115,0.2185592878726912
b4,AUG2024,peak_concurrency,peak concurrent EVs,200,16.555,1.4095777905950042,0.08514513987284834,14.0,17.0,19.0,5.0,0.30202355783751134
b4,DEC2024,bl_peak_kw,building peak (kW),200,350.0,3.489669392152698e-14,9.970483977579137e-17,349.99999999999994,350.0,350.00000000000006,1.1368683772161603e-13,3.2481953634747437e-16
b4,DEC2024,bl_mean_kw,building mean (kW),200,233.87408297578725,5.178782794305299,0.022143465955744457,226.26922696486795,234.12448817784355,242.83078593605026,16.561558971182308,0.07081399854338247
b4,DEC2024,bl_energy_mwh,building energy (MWh),200,174.0023177339857,3.8530143989631416,0.022143465955744453,168.34430486186176,174.18861920431561,180.66610473642137,12.321799874559616,0.07081399854338234
b4,DEC2024,bl_load_factor,load factor,200,0.6682116656451064,0.014796522269443705,0.022143465955744446,0.6464835056139085,0.668927109079553,0.6938022455315721,0.047318739917663555,0.0708139985433822
b4,DEC2024,pv_energy_mwh,PV energy (MWh),200,25.7615004060434,1.2132579041498648,0.047095778003102884,23.731989224385,25.870015071117237,27.815894564403198,4.083905340018198,0.158527464458559
b4,DEC2024,pv_capacity_factor,PV capacity factor,200,0.09893049311076575,0.004659208541282121,0.04709577800310286,0.091136671368606,0.09934721609492027,0.10681987159909062,0.015683200230484626,0.15852746445855892
b4,DEC2024,net_peak_kw,net peak (kW),200,349.93870268832006,0.6802120687281116,0.0019438034818742417,349.99999999999994,350.0,350.00000000000006,1.1368683772161603e-13,3.248764336389322e-16
b4,DEC2024,net_min_kw,"net min (kW, <0 export)",200,-0.7013579329608806,8.877291420676018,12.657290954419366,-14.985524552757719,-1.8279826079116503,14.918542181423854,29.904066734181573,42.63738289511801
b4,DEC2024,wx_mean_temp_c,mean dry-bulb (degC),200,10.15447420967742,2.436772303269152,0.23997030796009688,6.5236037096774195,10.32113870967742,14.21685870967742,7.693255,0.7576221910798858
b4,DEC2024,wx_mean_ghi,mean GHI (W/m2),200,98.7805799731183,4.807983070712396,0.04867336344877524,90.53362029569892,99.01790255376343,106.87476323924732,16.34114294354839,0.1654287001351419
b4,DEC2024,n_sessions,EV sessions,200,352.88,30.21556722142682,0.08562561556740768,303.85,353.5,398.04999999999995,94.19999999999993,0.2669462706869189
b4,DEC2024,ev_energy_mwh,EV energy (MWh),200,4.563534504694639,0.471737959054329,0.10337118270258254,3.832285300590896,4.518256575398624,5.328534665357197,1.4962493647663013,0.3278707245945148
b4,DEC2024,arr_hour_mean,mean arrival hour,200,8.548874507626563,0.17976328676474065,0.021027713835823823,8.272944688109163,8.531425753378663,8.871884106254443,0.5989394181452798,0.07006061647190612
b4,DEC2024,dwell_h_mean,mean dwell (h),200,7.0424874835522076,0.16046452736420655,0.022785205900468106,6.807521759585979,7.051432095036747,7.297769886363636,0.49024812677765706,0.06961292127570491
b4,DEC2024,req_soc_mean,mean required SoC (%),200,57.059256420062226,3.698095894141952,0.06481149818912973,51.25979493671355,57.117874854569834,63.239096005929234,11.979301069215687,0.209944920785959
b4,DEC2024,peak_concurrency,peak concurrent EVs,200,16.585,1.4743280557869074,0.0888952701710526,14.0,16.0,19.0,5.0,0.3014772384684956
b4,FEB2024,bl_peak_kw,building peak (kW),200,350.0,2.905730449208767e-14,8.302086997739334e-17,349.99999999999994,350.0,350.00000000000006,1.1368683772161603e-13,3.2481953634747437e-16
b4,FEB2024,bl_mean_kw,building mean (kW),200,173.5933475685659,7.50689621043935,0.04324414682696453,163.4116820486872,172.613636351093,186.16001488953722,22.748332840850026,0.1310438053040304
b4,FEB2024,bl_energy_mwh,building energy (MWh),200,120.82096990772186,5.224799762465788,0.043244146826964536,113.7345307058863,120.13909090036073,129.5673703631179,15.832839657231602,0.13104380530403026
b4,FEB2024,bl_load_factor,load factor,200,0.49598099305304544,0.021448274886969577,0.04324414682696454,0.46689052013910626,0.49318181814597994,0.5318857568272491,0.06499523668814289,0.1310438053040303
b4,FEB2024,pv_energy_mwh,PV energy (MWh),200,35.267234938794765,1.6346451213794158,0.04635024901204457,32.53470626939238,35.388933074008115,38.02372419628673,5.489017926894348,0.15564072251256372
b4,FEB2024,pv_capacity_factor,PV capacity factor,200,0.14477518447781101,0.00671036585131123,0.04635024901204457,0.13355790750982097,0.14527476631366223,0.15609082182383716,0.02253291431401619,0.1556407225125636
b4,FEB2024,net_peak_kw,net peak (kW),200,318.0792484942551,6.518870669422288,0.020494485887657732,307.4419534562767,319.2713600903909,326.2349954144973,18.793041958220613,0.059082892226337856
b4,FEB2024,net_min_kw,"net min (kW, <0 export)",200,-116.91129638496722,11.088852603809894,0.09484842736921126,-135.47946827295556,-116.76243262223869,-99.3884342214984,36.09103405145716,0.3087044209365028
b4,FEB2024,wx_mean_temp_c,mean dry-bulb (degC),200,11.042020557471265,2.436772303269152,0.22068173941411295,7.411150057471265,11.208685057471264,15.104405057471263,7.693254999999998,0.6967252922559158
b4,FEB2024,wx_mean_ghi,mean GHI (W/m2),200,154.91619001436783,7.540292020668852,0.04867336344877525,141.98259949712642,155.28837966954023,167.61018344109195,25.627583943965533,0.165428700135142
b4,FEB2024,n_sessions,EV sessions,200,336.76,27.86764121944443,0.08275223072646523,289.95,337.0,384.0,94.05000000000001,0.27927901175911635
b4,FEB2024,ev_energy_mwh,EV energy (MWh),200,4.348326357790622,0.42384580840854724,0.0974733204303236,3.648413880040486,4.33835852248624,5.036652815469904,1.3882389354294182,0.3192582205662181
b4,FEB2024,arr_hour_mean,mean arrival hour,200,8.554008369840718,0.17849193196894672,0.02086646683656102,8.26385653409091,8.545920608701763,8.85971244305803,0.5958559089671187,0.06965809281505461
b4,FEB2024,dwell_h_mean,mean dwell (h),200,7.04701850433649,0.18808715124792605,0.026690316072277055,6.736882603570529,7.040430169073617,7.343138993710691,0.6062563901401621,0.08603019699282653
b4,FEB2024,req_soc_mean,mean required SoC (%),200,57.384320058913765,3.985969605031622,0.06946095381002015,51.34580694331891,57.603407301240495,64.12310056957726,12.777293626258349,0.22266175870238605
b4,FEB2024,peak_concurrency,peak concurrent EVs,200,16.535,1.5494447052000153,0.0937069673540983,14.0,17.0,19.0,5.0,0.3023888720895071
b4,JAN2024,bl_peak_kw,building peak (kW),200,350.0,2.383898030057657e-14,6.811137228736163e-17,349.99999999999994,350.0,350.00000000000006,1.1368683772161603e-13,3.2481953634747437e-16
b4,JAN2024,bl_mean_kw,building mean (kW),200,183.529163279825,10.938151292949694,0.05959898196818131,164.40106355628092,186.0321705039887,197.11578781752803,32.71472426124711,0.17825354661137593
b4,JAN2024,bl_energy_mwh,building energy (MWh),200,136.54569748018983,8.137984561954573,0.0595989819681813,122.314391285873,138.40793485496758,146.65414613624085,24.339754850367854,0.17825354661137593
b4,JAN2024,bl_load_factor,load factor,200,0.5243690379423572,0.03125186083699913,0.05959898196818131,0.4697173244465169,0.5315204871542534,0.5631879651929372,0.09347064074642031,0.17825354661137588
b4,JAN2024,pv_energy_mwh,PV energy (MWh),200,29.366423310536817,1.3753461533902265,0.046833968810111974,27.065587986995737,29.486680357130943,31.6933658267931,4.627777839797364,0.15758738443768516
b4,JAN2024,pv_capacity_factor,PV capacity factor,200,0.11277428306657761,0.005281667255722836,0.04683396881011198,0.10393850993469946,0.11323609968176244,0.12171031423499655,0.017771804300297095,0.15758738443768516
b4,JAN2024,net_peak_kw,net peak (kW),200,341.15068140634435,9.896144722824593,0.029008134124279533,315.46348217283975,345.0306416075905,350.0,34.53651782716025,0.1012353769448399
b4,JAN2024,net_min_kw,"net min (kW, <0 export)",200,-88.07614132034728,10.886010821655193,0.12359772644967491,-103.5683705947327,-87.04250857761849,-71.50680612969674,32.06156446503596,0.3640209934768012
b4,JAN2024,wx_mean_temp_c,mean dry-bulb (degC),200,8.935657005376346,2.436772303269152,0.2727020857898878,5.304786505376345,9.102321505376343,12.998041505376342,7.693254999999997,0.8609613143578778
b4,JAN2024,wx_mean_ghi,mean GHI (W/m2),200,113.22104670698926,5.510849156420047,0.04867336344877526,103.76848622311829,113.49306283602151,122.49849680779569,18.7300105846774,0.16542870013514174
b4,JAN2024,n_sessions,EV sessions,200,369.395,31.114942927263005,0.08423217132679925,313.85,369.0,417.0,103.14999999999998,0.27924037953951725
b4,JAN2024,ev_energy_mwh,EV energy (MWh),200,4.759430617768333,0.467252433514536,0.0981740193396553,3.9057567507394073,4.7498938129270964,5.510002543631353,1.604245792891946,0.3370667463672717
b4,JAN2024,arr_hour_mean,mean arrival hour,200,8.54703128766074,0.17611712515994948,0.02060564881916461,8.265916053921568,8.52587474543116,8.831942011362777,0.5660259574412088,0.06622486081902783
b4,JAN2024,dwell_h_mean,mean dwell (h),200,7.042648539387696,0.1725113610793519,0.024495239271779764,6.755191256830601,7.041744872733932,7.300597726506016,0.5454064696754148,0.07744337469420755
b4,JAN2024,req_soc_mean,mean required SoC (%),200,56.83213172876341,3.5946509028066855,0.06325032676871051,50.75757636219356,56.94478558353018,62.312409333938305,11.554832971744744,0.2033151426888446
b4,JAN2024,peak_concurrency,peak concurrent EVs,200,16.69,1.4678805696766244,0.08794970459416562,14.0,17.0,19.0,5.0,0.29958058717795083
b4,JUL2024,bl_peak_kw,building peak (kW),200,350.0,1.6118092503537263e-14,4.605169286724932e-17,349.99999999999994,350.0,350.0,5.684341886080802e-14,1.6240976817373719e-16
b4,JUL2024,bl_mean_kw,building mean (kW),200,198.68611463667781,6.424316527249446,0.03233399847290338,185.902261291787,201.21639145790388,205.67279470999887,19.77053341821187,0.09950636688610444
b4,JUL2024,bl_energy_mwh,building energy (MWh),200,147.82246928968829,4.779691496273587,0.03233399847290338,138.3112824010895,149.7049952446805,153.02055926423915,14.709276863149654,0.0995063668861046
b4,JUL2024,bl_load_factor,load factor,200,0.5676746132476509,0.018355190077855563,0.032333998472903386,0.5311493179765343,0.5749039755940111,0.5876365563142825,0.05648723833774816,0.09950636688610438
b4,JUL2024,pv_energy_mwh,PV energy (MWh),200,66.35875509156753,2.993466147382262,0.045110342158342476,61.36589089904396,66.49266078305168,71.35225065972341,9.986359760679449,0.1504904627414937
b4,JUL2024,pv_capacity_factor,PV capacity factor,200,0.2548339289230704,0.011495645727274434,0.04511034215834248,0.23566010329893994,0.2553481596891386,0.27401017918480575,0.03835007588586581,0.15049046274149383
b4,JUL2024,net_peak_kw,net peak (kW),200,242.09843831765377,17.130970889442615,0.07076035272464386,211.5579513615334,243.15054658039048,265.8126495385201,54.254698176986665,0.22410180980101937
b4,JUL2024,net_min_kw,"net min (kW, <0 export)",200,-120.45093419630003,14.76101931927383,0.12254798534993226,-141.7307955214466,-120.41989475218153,-96.15305138107033,45.57774414037627,0.37839261641672106
b4,JUL2024,wx_mean_temp_c,mean dry-bulb (degC),200,20.719259155913978,2.436772303269152,0.11760904600556699,17.088388655913977,20.885923655913977,24.781643655913975,7.693254999999997,0.3713093669087141
b4,JUL2024,wx_mean_ghi,mean GHI (W/m2),200,326.61502708333336,15.897451921058654,0.04867336344877524,299.3467020833333,327.39972708333335,353.37820145833336,54.03149937500007,0.1654287001351421
b4,JUL2024,n_sessions,EV sessions,200,370.08,30.428656157935887,0.08222183354392533,315.85,370.0,419.04999999999995,103.19999999999993,0.27885862516212695
b4,JUL2024,ev_energy_mwh,EV energy (MWh),200,4.7705342990624455,0.4530694512133576,0.09497247536872326,4.029145636554262,4.772936763191325,5.544227452206595,1.5150818156523327,0.31759164082524094
b4,JUL2024,arr_hour_mean,mean arrival hour,200,8.557729796411309,0.18290200681826574,0.021372725146681523,8.28093151907121,8.557801429556712,8.854859689922481,0.5739281708512713,0.06706546999087873
b4,JUL2024,dwell_h_mean,mean dwell (h),200,7.029207631799164,0.16831033582042595,0.023944425123966072,6.759787060091419,7.0178510854816825,7.296063790078757,0.5362767299873381,0.0762926289958055
b4,JUL2024,req_soc_mean,mean required SoC (%),200,56.77748318333726,3.7059234548992923,0.06527100616511453,50.65918831354096,57.119695610159326,62.48097892516503,11.821790611624074,0.20821265665212627
b4,JUL2024,peak_concurrency,peak concurrent EVs,200,16.59,1.5341669862529772,0.09247540604297633,14.0,17.0,19.0,5.0,0.3013863773357444
b4,JUN2024,bl_peak_kw,building peak (kW),200,350.0,2.383898030057657e-14,6.811137228736163e-17,349.99999999999994,350.0,350.00000000000006,1.1368683772161603e-13,3.2481953634747437e-16
b4,JUN2024,bl_mean_kw,building mean (kW),200,181.1263634485317,4.103986000582404,0.022658137238804447,173.33031764060058,181.97315785301183,185.95825738729897,12.627939746698388,0.06971894928087984
b4,JUN2024,bl_energy_mwh,building energy (MWh),200,130.41098168294283,2.954869920419331,0.022658137238804443,124.79782870123242,131.0206736541685,133.88994531885527,9.09211661762285,0.0697189492808799
b4,JUN2024,bl_load_factor,load factor,200,0.5175038955672335,0.0117256742873783,0.022658137238804443,0.49522947897314457,0.5199233081514624,0.5313093068208543,0.036079827847709744,0.06971894928087995
b4,JUN2024,pv_energy_mwh,PV energy (MWh),200,65.33177767371002,2.9325905135381394,0.04488765831820056,60.42300735536513,65.47614892900708,70.19652825741925,9.773520902054116,0.1495982697863593
b4,JUN2024,pv_capacity_factor,PV capacity factor,200,0.2592530860067858,0.011637263942611662,0.04488765831820055,0.23977383871176638,0.25982598781352007,0.2785576518151557,0.0387838131033893,0.14959826978635907
b4,JUN2024,net_peak_kw,net peak (kW),200,239.86806435217022,9.627491816487078,0.04013661361085633,223.94820521331724,239.70628488140082,255.82217256308562,31.873967349768378,0.1328812463462062
b4,JUN2024,net_min_kw,"net min (kW, <0 export)",200,-142.16163953857475,14.33841454202918,0.10085994075876238,-164.3891214045049,-142.54667507823663,-118.71891028433681,45.67021112016808,0.3212555177923066
b4,JUN2024,wx_mean_temp_c,mean dry-bulb (degC),200,18.591857722222223,2.436772303269152,0.13106663893821432,14.960987222222222,18.758522222222222,22.65424222222222,7.693254999999997,0.4137970026956751
b4,JUN2024,wx_mean_ghi,mean GHI (W/m2),200,332.6059522222222,16.189050397738203,0.04867336344877527,304.8374588888889,333.4050455555556,359.86002922222224,55.02257033333336,0.165428700135142
b4,JUN2024,n_sessions,EV sessions,200,321.355,26.66126573237402,0.08296514985724204,277.7,321.0,362.0,84.30000000000001,0.26232671033592136
b4,JUN2024,ev_energy_mwh,EV energy (MWh),200,4.130286465854989,0.41658462790998324,0.10086095270966834,3.4416994701085724,4.157027215827048,4.785802618793509,1.3441031486849369,0.3254261320120567
b4,JUN2024,arr_hour_mean,mean arrival hour,200,8.550379149664057,0.17543212511060158,0.020517467359034515,8.272752300637917,8.553991652500926,8.840615380475729,0.5678630798378119,0.0664137893651328
b4,JUN2024,dwell_h_mean,mean dwell (h),200,7.045203936076984,0.16858915520761658,0.023929634505582945,6.773670795306388,7.041756348315893,7.320659019502392,0.5469882241960038,0.07763979994886933
b4,JUN2024,req_soc_mean,mean required SoC (%),200,57.40850104118716,4.028259521026117,0.07016834524448011,50.95301100539519,57.2962258539424,64.58501194462009,13.632000939224902,0.23745613788879036
b4,JUN2024,peak_concurrency,peak concurrent EVs,200,16.695,1.4113591581758465,0.0845378351707605,15.0,17.0,19.0,4.0,0.2395926924228811
b4,MAR2024,bl_peak_kw,building peak (kW),200,350.0,2.3495955506198105e-14,6.71313014462803e-17,349.99999999999994,350.0,350.00000000000006,1.1368683772161603e-13,3.2481953634747437e-16
b4,MAR2024,bl_mean_kw,building mean (kW),200,195.88565804354886,7.743636223311117,0.03953140980637576,184.98689589155813,194.721155566254,210.1599679741192,25.173072082561077,0.1285090104808217
b4,MAR2024,bl_energy_mwh,building energy (MWh),200,145.73892958440035,5.7612653501434705,0.03953140980637576,137.63025054331928,144.87253974129297,156.3590161727447,18.728765629425425,0.12850901048082158
b4,MAR2024,bl_load_factor,load factor,200,0.5596733086958539,0.022124674923746045,0.03953140980637576,0.5285339882615947,0.5563461587607257,0.6004570513546262,0.07192306309303154,0.1285090104808215
b4,MAR2024,pv_energy_mwh,PV energy (MWh),200,48.41373707750418,2.2198153897662403,0.04585094074048861,44.70479830701149,48.555763547711294,52.14638848014319,7.441590173131701,0.15370823700758052
b4,MAR2024,pv_capacity_factor,PV capacity factor,200,0.1859206492991712,0.008524636673449465,0.045850940740488615,0.17167741285334673,0.1864660658514259,0.200254948080427,0.02857753522708026,0.15370823700758046
b4,MAR2024,net_peak_kw,net peak (kW),200,279.37832098724954,9.236064238327442,0.033059344782693297,267.0475595216555,277.78856574444353,296.79318215327606,29.745622631620563,0.10647076167723878
b4,MAR2024,net_min_kw,"net min (kW, <0 export)",200,-119.33344880825182,12.874874041609868,0.10788990153379008,-140.6347586919423,-118.92930469485198,-97.05392431325633,43.580834378685964,0.36520216933236227
b4,MAR2024,wx_mean_temp_c,mean dry-bulb (degC),200,12.585253779569893,2.436772303269152,0.19362122893579264,8.954383279569893,12.751918279569892,16.64763827956989,7.693254999999997,0.6112912091203708
b4,MAR2024,wx_mean_ghi,mean GHI (W/m2),200,211.36654153225805,10.287920496910246,0.04867336344877526,193.7200431451613,211.8743544354839,228.68613536290323,34.96609221774193,0.16542870013514188
b4,MAR2024,n_sessions,EV sessions,200,336.66,27.997386812731445,0.08316220166557192,289.85,338.0,380.0,90.14999999999998,0.2677775797540545
b4,MAR2024,ev_energy_mwh,EV energy (MWh),200,4.345246341224575,0.4393872256430011,0.10111906003450502,3.658720984465612,4.288977041306195,5.092509375069536,1.4337883906039242,0.32996711302675064
b4,MAR2024,arr_hour_mean,mean arrival hour,200,8.568746177282486,0.17618033044825232,0.02056080630738517,8.293839276196568,8.556453379383417,8.871706766425268,0.5778674902286998,0.06743897861751882
b4,MAR2024,dwell_h_mean,mean dwell (h),200,7.022377663291518,0.15495556132598168,0.02206596807460098,6.762768182494237,7.0237625258761245,7.284264705882354,0.5214965233881168,0.07426210158336624
b4,MAR2024,req_soc_mean,mean required SoC (%),200,57.19494198918713,3.539200360202897,0.06187960398442214,51.346250056408685,57.30013668853172,62.847766716392,11.501516659983317,0.2010932481085078
b4,MAR2024,peak_concurrency,peak concurrent EVs,200,16.495,1.5104244137154759,0.09156862162567297,14.0,17.0,19.0,5.0,0.30312215822976657
b4,MAY2024,bl_peak_kw,building peak (kW),200,350.0,2.383898030057657e-14,6.811137228736163e-17,349.99999999999994,350.0,350.00000000000006,1.1368683772161603e-13,3.2481953634747437e-16
b4,MAY2024,bl_mean_kw,building mean (kW),200,162.5106083299014,3.112246465275431,0.019151035721664874,156.83349939452424,162.7325981274235,167.1578593546583,10.324359960134075,0.06353037543970862
b4,MAY2024,bl_energy_mwh,building energy (MWh),200,120.90789259744666,2.3155113701649213,0.019151035721664877,116.68412354952605,121.07305300680308,124.36544735986578,7.681323810339734,0.06353037543970846
b4,MAY2024,bl_load_factor,load factor,200,0.46431602379971837,0.008892132757929806,0.019151035721664877,0.44809571255578357,0.46495028036406716,0.47759388387045226,0.029498171314668697,0.06353037543970842
b4,MAY2024,pv_energy_mwh,PV energy (MWh),200,65.43081874882633,2.9292621298767108,0.04476884419132009,60.50908809296127,65.59444611461086,70.25818444107655,9.74909634811528,0.1489985382200365
b4,MAY2024,pv_capacity_factor,PV capacity factor,200,0.25127042530271243,0.011249086520263863,0.04476884419132008,0.23236976994224762,0.2518987946029603,0.2698086960102786,0.03743892606803101,0.14899853822003645
b4,MAY2024,net_peak_kw,net peak (kW),200,202.64481922676129,6.87809653370775,0.03394163522143195,190.87021770080483,202.9501193811892,214.1962555821287,23.326037881323884,0.11510799027742154
b4,MAY2024,net_min_kw,"net min (kW, <0 export)",200,-171.05061461177908,12.98873350794747,0.07593502974208563,-190.15005675498406,-172.18638727099318,-149.76935621996572,40.38070053501835,0.23607457141658003
b4,MAY2024,wx_mean_temp_c,mean dry-bulb (degC),200,16.163210768817205,2.436772303269152,0.15076041128971002,12.532340268817206,16.329875268817204,20.225595268817205,7.693254999999999,0.4759731906015959
b4,MAY2024,wx_mean_ghi,mean GHI (W/m2),200,315.03848555107527,15.333982707579219,0.04867336344877526,288.736658938172,315.7953726478495,340.8530660954301,52.116407157258095,0.165428700135142
b4,MAY2024,n_sessions,EV sessions,200,369.105,30.3290824326426,0.08216925382382412,319.0,370.0,418.0,99.0,0.26821636119803305
b4,MAY2024,ev_energy_mwh,EV energy (MWh),200,4.772805837276825,0.466992672367474,0.09784447310220389,4.010241674113762,4.800113993871725,5.458759231759417,1.4485175576456548,0.3034939209829918
b4,MAY2024,arr_hour_mean,mean arrival hour,200,8.555048902046543,0.1923800137697473,0.02248730731670348,8.28348245251858,8.535144739953852,8.881800110416428,0.598317657897848,0.06993737437955709
b4,MAY2024,dwell_h_mean,mean dwell (h),200,7.039859556706421,0.17445895654196786,0.024781596157805737,6.774500473366884,7.02549568607931,7.350218694939878,0.5757182215729939,0.08177978792553385
b4,MAY2024,req_soc_mean,mean required SoC (%),200,56.559822612353145,3.5688377778074827,0.06309846129234532,50.42794988613227,56.53801092240201,62.54620997347791,12.11826008734564,0.2142556240036529
b4,MAY2024,peak_concurrency,peak concurrent EVs,200,16.675,1.4456223990389105,0.08669399694386269,14.0,17.0,19.0,5.0,0.29985007496251875
b4,NOV2024,bl_peak_kw,building peak (kW),200,350.0,2.2435435259498125e-14,6.410124359856608e-17,349.99999999999994,350.0,350.00000000000006,1.1368683772161603e-13,3.2481953634747437e-16
b4,NOV2024,bl_mean_kw,building mean (kW),200,189.1444018091249,6.232587201169268,0.03295147591763717,181.29191183180518,188.14121776455437,198.89116512509477,17.599253293289593,0.09304665179067727
b4,NOV2024,bl_energy_mwh,building energy (MWh),200,136.1839693025699,4.487462784841873,0.03295147591763718,130.53017651889974,135.46167679047915,143.2016388900682,12.671462371168474,0.09304665179067706
b4,NOV2024,bl_load_factor,load factor,200,0.5404125765974996,0.017807392003340763,0.032951475917637175,0.5179768909480148,0.5375463364701554,0.568260471785985,0.05028358083797024,0.09304665179067724
b4,NOV2024,pv_energy_mwh,PV energy (MWh),200,30.038420343251865,1.40393179100744,0.04673787019971686,27.691659114735838,30.14818844574076,32.409153945257195,4.717494830521357,0.15704869885347159
b4,NOV2024,pv_capacity_factor,PV capacity factor,200,0.11920008072718993,0.005571157900823175,0.04673787019971686,0.10988753616958666,0.11963566843547921,0.12860775375102063,0.018720217581433968,0.1570486988534717
b4,NOV2024,net_peak_kw,net peak (kW),200,337.6608355495882,9.22236116859511,0.027312498808410763,320.1335214892216,339.78183616555793,350.0,29.866478510778393,0.08845111830090303
b4,NOV2024,net_min_kw,"net min (kW, <0 export)",200,-73.93896877385845,10.969267219859695,0.14835569662066944,-91.38939723503462,-74.36507952765254,-56.9155541235962,34.47384311143842,0.4662472804682508
b4,NOV2024,wx_mean_temp_c,mean dry-bulb (degC),200,13.419357722222223,2.436772303269152,0.1815863585806271,9.788487222222223,13.586022222222223,17.48174222222222,7.693254999999997,0.573295321523481
b4,NOV2024,wx_mean_ghi,mean GHI (W/m2),200,124.11121291666666,6.0409101743612466,0.04867336344877526,113.74945791666666,124.40939291666668,134.28101454166668,20.53155662500002,0.16542870013514208
b4,NOV2024,n_sessions,EV sessions,200,335.795,28.340055907570495,0.08439689664101757,291.8,336.0,380.04999999999995,88.24999999999994,0.26280915439479424
b4,NOV2024,ev_energy_mwh,EV energy (MWh),200,4.345358710286601,0.44296902558097656,0.10194072690301792,3.705535627851768,4.315362438796418,5.162577437599929,1.4570418097481612,0.33530990348367834
b4,NOV2024,arr_hour_mean,mean arrival hour,200,8.556475553199228,0.171967138801284,0.020097894013965396,8.291932890404915,8.556044307191762,8.838031914893616,0.5460990244887007,0.0638228930934673
b4,NOV2024,dwell_h_mean,mean dwell (h),200,7.038396325976549,0.16917750203078186,0.02403637053037208,6.77625605645671,7.051371849363377,7.293101078572601,0.5168450221158913,0.07343221355813338
b4,NOV2024,req_soc_mean,mean required SoC (%),200,57.143765500388454,3.7669608385427327,0.06592076678106075,50.5591769631292,56.9204037407923,63.059335962314734,12.500158999185537,0.21874930519061722
b4,NOV2024,peak_concurrency,peak concurrent EVs,200,16.56,1.4058027624937917,0.08489147116508404,14.0,16.0,19.0,5.0,0.30193236714975846
b4,OCT2024,bl_peak_kw,building peak (kW),200,350.0,2.4177138755305894e-14,6.907753930087399e-17,349.99999999999994,350.0,350.00000000000006,1.1368683772161603e-13,3.2481953634747437e-16
b4,OCT2024,bl_mean_kw,building mean (kW),200,177.92933640289465,3.732283263331405,0.02097621077437282,171.0848291113205,177.81892398887987,183.94369874099118,12.858869629670693,0.07226953064419735
b4,OCT2024,bl_energy_mwh,building energy (MWh),200,132.37942628375362,2.7768187479185653,0.02097621077437282,127.28711285882247,132.29727944772662,136.85411186329745,9.56699900447498,0.07226953064419722
b4,OCT2024,bl_load_factor,load factor,200,0.508369532579699,0.01066366646666116,0.02097621077437283,0.48881379746091574,0.5080540685396568,0.5255534249742605,0.03673962751334475,0.07226953064419718
b4,OCT2024,pv_energy_mwh,PV energy (MWh),200,41.75178548729803,1.9270983619508768,0.046156070679591654,38.534540361785325,41.86848221656153,44.9913221182692,6.456781756483878,0.15464684159311456
b4,OCT2024,pv_capacity_factor,PV capacity factor,200,0.16033711784676663,0.007400531343897376,0.04615607067959165,0.14798210584402968,0.16078526196836224,0.17277773470917512,0.02479562886514544,0.15464684159311445
b4,OCT2024,net_peak_kw,net peak (kW),200,275.835693656026,8.695085188648736,0.03152269770964349,257.4522903170892,278.2905302994268,284.99093933186833,27.53864901477914,0.0998371481579194
b4,OCT2024,net_min_kw,"net min (kW, <0 export)",200,-106.27848104526024,11.45748344925096,0.10780624013972898,-124.14643676891912,-106.57907301012519,-88.16750696379827,35.97892980512084,0.33853447519445345
b4,OCT2024,wx_mean_temp_c,mean dry-bulb (degC),200,17.25528066129032,2.436772303269152,0.14121893182158962,13.624410161290324,17.421945161290324,21.317665161290318,7.6932549999999935,0.4458493113507378
b4,OCT2024,wx_mean_ghi,mean GHI (W/m2),200,178.18367822580643,8.6727989309243,0.048673363448775264,163.307539516129,178.6117685483871,192.78423379032256,29.476694274193562,0.165428700135142
b4,OCT2024,n_sessions,EV sessions,200,369.2,30.0976634763177,0.08152129868991793,316.9,368.0,415.09999999999997,98.19999999999999,0.26598049837486454
b4,OCT2024,ev_energy_mwh,EV energy (MWh),200,4.761233456739879,0.4484684607174894,0.09419165533306272,3.947761644360806,4.7641815737903634,5.489282224364985,1.5415205800041787,0.32376496427034934
b4,OCT2024,arr_hour_mean,mean arrival hour,200,8.562588542305058,0.1867500341437656,0.021809997434898618,8.256315896940896,8.562087507951654,8.875964680036052,0.6196487830951565,0.0723669927655249
b4,OCT2024,dwell_h_mean,mean dwell (h),200,7.030246566692039,0.16725595000269117,0.023790908102017047,6.77408222708657,7.038072758102432,7.275108385155972,0.5010261580694024,0.07126722417435091
b4,OCT2024,req_soc_mean,mean required SoC (%),200,57.078222839643246,3.744373701408332,0.06560074079264615,50.6566478717379,57.799383207814145,62.44913370805155,11.792485836313645,0.20660218993579568
b4,OCT2024,peak_concurrency,peak concurrent EVs,200,16.705,1.5426841452025417,0.09234864682445626,14.0,17.0,19.0,5.0,0.299311583358276
b4,SEP2024,bl_peak_kw,building peak (kW),200,350.0,2.8206661881190207e-14,8.059046251768631e-17,349.99999999999994,350.0,350.00000000000006,1.1368683772161603e-13,3.2481953634747437e-16
b4,SEP2024,bl_mean_kw,building mean (kW),200,160.6445797591835,4.595703475171666,0.02860789627674285,151.1479834419176,162.02514534534149,165.8839048630007,14.735921421083106,0.09172996339604607
b4,SEP2024,bl_energy_mwh,building energy (MWh),200,115.66409742661212,3.3089065021236004,0.028607896276742862,108.82654807818068,116.65810464864586,119.4364115013605,10.609863423179817,0.0917299633960459
b4,SEP2024,bl_load_factor,load factor,200,0.4589845135976672,0.013130581357633331,0.02860789627674285,0.4318513812626218,0.4629289867009757,0.47395401389428776,0.04210263263166597,0.09172996339604596
b4,SEP2024,pv_energy_mwh,PV energy (MWh),200,51.4161818723812,2.3451293287812605,0.045610724938737114,47.505039493150484,51.53053820490021,55.34346076413237,7.838421270981883,0.15245047348006954
b4,SEP2024,pv_capacity_factor,PV capacity factor,200,0.20403246774754447,0.009306068765005004,0.04561072493873713,0.1885120614807559,0.20448626271785797,0.21961690779417609,0.031104846313420198,0.15245047348006968
b4,SEP2024,net_peak_kw,net peak (kW),200,266.4707039413091,9.749266073749215,0.03658663383835439,246.88014351181695,268.0970176120075,280.82850190495793,33.94835839314098,0.1273999651407015
b4,SEP2024,net_min_kw,"net min (kW, <0 export)",200,-150.22184114485933,13.358095436923913,0.0889224585128248,-171.77730218140394,-150.8220919090594,-128.9477795900112,42.82952259139273,0.2851084919808173
b4,SEP2024,wx_mean_temp_c,mean dry-bulb (degC),200,19.886996611111112,2.436772303269152,0.12253093571241909,16.25612611111111,20.05366111111111,23.949381111111112,7.693255000000001,0.3868485096287332
b4,SEP2024,wx_mean_ghi,mean GHI (W/m2),200,241.9803757638889,11.777998777026975,0.048673363448775264,221.77799993055558,242.56173909722224,261.80849895138886,40.030499020833275,0.16542870013514166
b4,SEP2024,n_sessions,EV sessions,200,338.15,28.10474843193069,0.08311325870746915,289.0,340.0,378.15,89.14999999999998,0.2636403962738429
b4,SEP2024,ev_energy_mwh,EV energy (MWh),200,4.35598278434629,0.4301120142597343,0.098740522071251,3.6594186381349663,4.3689544920294825,5.036222590688317,1.376803952553351,0.31607194534860183
b4,SEP2024,arr_hour_mean,mean arrival hour,200,8.548955464861105,0.17556398218857563,0.020536307963025285,8.285884847992856,8.537990709402855,8.866878064831129,0.580993216838273,0.06796072563792592
b4,SEP2024,dwell_h_mean,mean dwell (h),200,7.0586440908749,0.16440406315437975,0.023291167685719413,6.80252304681779,7.069606305843854,7.313782775945988,0.5112597291281977,0.07243030283806652
b4,SEP2024,req_soc_mean,mean required SoC (%),200,57.518195693446735,3.544488405230744,0.061623775963378855,51.82647001167907,57.611383548048636,63.07735107946935,11.250881067790282,0.19560559805724465
b4,SEP2024,peak_concurrency,peak concurrent EVs,200,16.7,1.526976847059996,0.09143573934490995,14.950000000000001,17.0,19.049999999999983,4.099999999999982,0.24550898203592708
b5,APR2024,bl_peak_kw,building peak (kW),200,300.0,1.4528652246043834e-14,4.8428840820146116e-17,300.0,300.0,300.0,0.0,0.0
b5,APR2024,bl_mean_kw,building mean (kW),200,182.76573832496993,5.67413422097188,0.031045940409700223,175.93773964753385,181.6037808462196,194.664399310793,18.72665966325914,0.10246263788217169
b5,APR2024,bl_energy_mwh,building energy (MWh),200,131.59133159397837,4.085376639099755,0.031045940409700223,126.67517254622437,130.7547222092781,140.15836750377096,13.483194957546587,0.1024626378821717
b5,APR2024,bl_load_factor,load factor,200,0.6092191277498997,0.018913780736572933,0.03104594040970022,0.5864591321584463,0.6053459361540654,0.6488813310359767,0.06242219887753042,0.10246263788217161
b5,APR2024,pv_energy_mwh,PV energy (MWh),200,46.4864327959619,2.2119937886820207,0.04758364227237862,42.824988398075476,46.501712285984894,49.973971768684954,7.1489833706094785,0.1537864478005394
b5,APR2024,pv_capacity_factor,PV capacity factor,200,0.21521496664797177,0.010240711984638983,0.047583642272378615,0.19826383517627538,0.21528570502770786,0.23136098041057845,0.03309714523430307,0.1537864478005391
b5,APR2024,net_peak_kw,net peak (kW),200,214.72442855606081,8.38206335117657,0.039036375169526454,205.2408287077824,212.66414093041146,232.57997337155638,27.339144663773965,0.1273220045228165
b5,APR2024,net_min_kw,"net min (kW, <0 export)",200,-63.941193101408324,10.760053469212933,0.16828046126927743,-81.77628002715389,-64.06687040829223,-46.355579975222966,35.42070005193092,0.5539574464266724
b5,APR2024,wx_mean_temp_c,mean dry-bulb (degC),200,13.614372000000001,2.3965355552240957,0.17602982753990382,9.658594999999998,13.596049999999998,17.812694999999998,8.1541,0.5989332449561389
b5,APR2024,wx_mean_ghi,mean GHI (W/m2),200,258.80623241666666,13.488342855251743,0.052117534919082255,238.1583275416667,259.40945,279.1149892083333,40.95666166666663,0.15825222323366697
b5,APR2024,n_sessions,EV sessions,200,327.145,34.024141222515055,0.10400324389036988,276.95,324.0,380.04999999999995,103.09999999999997,0.3151507741215668
b5,APR2024,ev_energy_mwh,EV energy (MWh),200,4.2312901698397125,0.4817743840253191,0.1138599256225364,3.4438363113993566,4.215919794848489,5.0723872771925755,1.628550965793219,0.38488283724935624
b5,APR2024,arr_hour_mean,mean arrival hour,200,8.617224637126592,0.18268451504130687,0.021199924886978798,8.312617355560818,8.609831574675324,8.896043686816588,0.5834263312557706,0.06770466778156473
b5,APR2024,dwell_h_mean,mean dwell (h),200,6.995063546309134,0.17541958520301604,0.025077625677264105,6.716818038412336,6.972140699411961,7.267753273539206,0.5509352351268699,0.07876057615195857
b5,APR2024,req_soc_mean,mean required SoC (%),200,56.87750315389345,3.632164450930513,0.06385942155553077,51.6529556690731,56.74363675809552,63.0847891278558,11.431833458782698,0.20099042371553458
b5,APR2024,peak_concurrency,peak concurrent EVs,200,15.715,1.6726517327571444,0.10643663587382401,13.0,16.0,18.0,5.0,0.3181673560292714
b5,AUG2024,bl_peak_kw,building peak (kW),200,300.0,1.8465594738939945e-14,6.155198246313315e-17,300.0,300.0,300.00000000000006,5.684341886080802e-14,1.8947806286936006e-16
b5,AUG2024,bl_mean_kw,building mean (kW),200,183.59002664996024,6.514829212722689,0.03548574686545534,170.08821259408683,184.23338508057947,192.35370823225693,22.26549563817011,0.1212783507059583
b5,AUG2024,bl_energy_mwh,building energy (MWh),200,136.59097982757044,4.84703293426568,0.03548574686545533,126.54563017000059,137.0696384999511,143.11115892479916,16.565528754798564,0.1212783507059583
b5,AUG2024,bl_load_factor,load factor,200,0.6119667554998675,0.0217160973757423,0.035485746865455345,0.5669607086469561,0.6141112836019316,0.6411790274408564,0.07421831879390028,0.12127835070595817
b5,AUG2024,pv_energy_mwh,PV energy (MWh),200,53.59621734812154,2.560539020712922,0.04777462193052817,49.389990153651844,53.586981220603626,57.68260138764736,8.292611233995515,0.15472381530459178
b5,AUG2024,pv_capacity_factor,PV capacity factor,200,0.24012642181058041,0.011471949017531012,0.047774621930528165,0.22128131789270536,0.24008504131094816,0.25843459403067814,0.037153276137972785,0.15472381530459195
b5,AUG2024,net_peak_kw,net peak (kW),200,199.47130200513354,10.283253561031861,0.05155254644483753,183.9632721929981,197.62498964392472,218.39010875899072,34.42683656599263,0.17259042388516935
b5,AUG2024,net_min_kw,"net min (kW, <0 export)",200,-85.32720541364176,12.306200113052457,0.14422363949921407,-104.0898312484775,-85.9442050370146,-64.90743424170476,39.18239700677273,0.4592016909123853
b5,AUG2024,wx_mean_temp_c,mean dry-bulb (degC),200,19.943767161290324,2.3965355552240957,0.12016463769571226,15.98799016129032,19.92544516129032,24.14209016129032,8.1541,0.4088545526056194
b5,AUG2024,wx_mean_ghi,mean GHI (W/m2),200,300.0367078897849,15.637173600452352,0.05211753491908227,276.09938093413984,300.73602419354836,323.5808570094086,47.481476075268745,0.1582522232336669
b5,AUG2024,n_sessions,EV sessions,200,328.46,33.86135491654047,0.10309125895555159,276.65000000000003,326.0,381.09999999999997,104.44999999999993,0.3179991475369906
b5,AUG2024,ev_energy_mwh,EV energy (MWh),200,4.234047687213692,0.47352468705910145,0.11183735329412758,3.4877082012408236,4.213168124500571,4.988268726250064,1.5005605250092406,0.3544033123530353
b5,AUG2024,arr_hour_mean,mean arrival hour,200,8.587711522396381,0.19154943636860908,0.022305061816417147,8.286107242339833,8.587629056047199,8.900404167415124,0.6142969250752905,0.0715320866884304
b5,AUG2024,dwell_h_mean,mean dwell (h),200,7.020904995725195,0.1883019985030716,0.02682018893828113,6.663520494579946,7.027979196729197,7.297149564526653,0.6336290699467071,0.09024891667562851
b5,AUG2024,req_soc_mean,mean required SoC (%),200,56.8367193528845,3.8756665022817995,0.06818948289782154,50.5797387360229,56.540070273586366,63.185482139610386,12.60574340358749,0.22178872297891944
b5,AUG2024,peak_concurrency,peak concurrent EVs,200,15.705,1.5907948141427661,0.10129225177604369,13.0,16.0,18.0,5.0,0.3183699458771092
b5,DEC2024,bl_peak_kw,building peak (kW),200,300.0,2.642335018023963e-14,8.807783393413209e-17,299.99999999999994,300.0,300.00000000000006,1.1368683772161603e-13,3.789561257387201e-16
b5,DEC2024,bl_mean_kw,building mean (kW),200,201.00613843049302,4.574229305426186,0.02275666475234503,193.88792957242035,200.97915841055573,209.07880855657314,15.19087898415279,0.07557420436394147
b5,DEC2024,bl_energy_mwh,building energy (MWh),200,149.5485669922868,3.403226603237082,0.02275666475234503,144.25261960188075,149.52849385745344,155.5546335660904,11.302013964209635,0.07557420436394122
b5,DEC2024,bl_load_factor,load factor,200,0.6700204614349766,0.015247431018087296,0.022756664752345047,0.6462930985747345,0.6699305280351857,0.6969293618552438,0.0506362632805093,0.07557420436394148
b5,DEC2024,pv_energy_mwh,PV energy (MWh),200,22.126866100882708,1.1102750233955232,0.05017768979725651,20.32129560448852,22.13400240195699,23.854668345271627,3.5333727407831077,0.15968699429342822
b5,DEC2024,pv_capacity_factor,PV capacity factor,200,0.09913470475305872,0.0049743504632415916,0.050177689797256515,0.09104523120290556,0.09916667742812274,0.10687575423508794,0.01583052303218238,0.15968699429342825
b5,DEC2024,net_peak_kw,net peak (kW),200,299.91417711982217,0.9634981822114839,0.003212579650166206,299.99999999999994,300.0,300.00000000000006,1.1368683772161603e-13,3.790645671151307e-16
b5,DEC2024,net_min_kw,"net min (kW, <0 export)",200,-1.1592045902068664,8.30757219795074,7.166614304441469,-14.277351229587017,-1.3089585826546681,12.247700618383638,26.525051847970655,22.882114229065564
b5,DEC2024,wx_mean_temp_c,mean dry-bulb (degC),200,9.755460709677418,2.3965355552240957,0.2456609304824253,5.79968370967742,9.737138709677419,13.953783709677419,8.1541,0.8358498119838801
b5,DEC2024,wx_mean_ghi,mean GHI (W/m2),200,98.85177674731183,5.151910926441348,0.052117534919082255,90.96525073924731,99.08217741935484,106.60876418010751,15.643513440860204,0.158252223233667
b5,DEC2024,n_sessions,EV sessions,200,327.73,34.23635112995348,0.10446511192125676,270.95,327.0,382.04999999999995,111.09999999999997,0.3389985658926554
b5,DEC2024,ev_energy_mwh,EV energy (MWh),200,4.217196207538445,0.4901512430619934,0.11622680542722297,3.4660076701643776,4.190624103538642,5.0356913895367,1.569683719372322,0.37221026533373897
b5,DEC2024,arr_hour_mean,mean arrival hour,200,8.616354637241882,0.1778594452070487,0.020642075761169224,8.379164312617704,8.593523207852556,8.950195592274895,0.5710312796571912,0.06627295459602622
b5,DEC2024,dwell_h_mean,mean dwell (h),200,7.001815802807233,0.17611169685555908,0.02515228932257126,6.710735017179033,7.002219332855093,7.282997097336278,0.5722620801572447,0.08173052480583795
b5,DEC2024,req_soc_mean,mean required SoC (%),200,57.25985976778793,3.3544385834923176,0.0585827243918503,51.90230977613273,57.223518299392126,62.37830060156506,10.475990825432326,0.18295523020693272
b5,DEC2024,peak_concurrency,peak concurrent EVs,200,15.555,1.4926873677664214,0.09596190085287183,13.0,16.0,18.0,5.0,0.3214400514304082
b5,FEB2024,bl_peak_kw,building peak (kW),200,300.0,1.7564284096389855e-14,5.854761365463285e-17,300.0,300.0,300.00000000000006,5.684341886080802e-14,1.8947806286936006e-16
b5,FEB2024,bl_mean_kw,building mean (kW),200,149.8381117710744,6.662761002538103,0.044466397258913666,140.4721960796882,149.91724492303865,160.1959782699054,19.723782190217207,0.1316339478460032
b5,FEB2024,bl_energy_mwh,building energy (MWh),200,104.2873257926678,4.637281657766518,0.04446639725891365,97.76864847146297,104.34240246643492,111.49640087585416,13.727752404391197,0.13163394784600338
b5,FEB2024,bl_load_factor,load factor,200,0.499460372570248,0.02220920334179367,0.04446639725891366,0.4682406535989606,0.49972414974346224,0.533986594233018,0.06574594063405736,0.1316339478460032
b5,FEB2024,pv_energy_mwh,PV energy (MWh),200,30.291824470386747,1.495139616981973,0.0493578595255502,27.851095164379952,30.30060894865145,32.63136196464156,4.780266800261611,0.15780716030936975
b5,FEB2024,pv_capacity_factor,PV capacity factor,200,0.1450757876934231,0.007160630349530524,0.04935785952555021,0.13338647109377372,0.14511785894948015,0.15628046917931784,0.022893998085544126,0.15780716030936984
b5,FEB2024,net_peak_kw,net peak (kW),200,272.81348580276483,5.553909746506726,0.02035790030747241,263.51395814752084,274.78376610328576,278.9859721138927,15.472013966371833,0.056712790135153325
b5,FEB2024,net_min_kw,"net min (kW, <0 export)",200,-100.32554847607013,10.329445619822984,0.10295927385123428,-115.9255696519906,-100.86076404994057,-84.02988102334832,31.895688628642276,0.3179218963976071
b5,FEB2024,wx_mean_temp_c,mean dry-bulb (degC),200,10.643007057471266,2.3965355552240957,0.22517466560747565,6.687230057471265,10.624685057471265,14.841330057471263,8.154099999999998,0.7661462550920621
b5,FEB2024,wx_mean_ghi,mean GHI (W/m2),200,155.02784691091955,8.079669224809988,0.05211753491908226,142.65951943247126,155.38918103448276,167.19302086925285,24.53350143678159,0.158252223233667
b5,FEB2024,n_sessions,EV sessions,200,313.02,32.76150455801019,0.10466265592617145,261.8,313.0,364.0,102.19999999999999,0.32649670947543286
b5,FEB2024,ev_energy_mwh,EV energy (MWh),200,4.025131565646253,0.4656693828459957,0.1156904750195986,3.302233727641877,4.019954193126959,4.7747333947145165,1.4724996670726394,0.3658264687892811
b5,FEB2024,arr_hour_mean,mean arrival hour,200,8.623110800957456,0.19139147062156595,0.022195177012026224,8.380078148280589,8.599513751634758,8.976550892301308,0.5964727440207191,0.06917141131417337
b5,FEB2024,dwell_h_mean,mean dwell (h),200,6.996595301249246,0.18075792038113556,0.025835125885995024,6.655187616447853,7.012346060240082,7.271066468253968,0.6158788518061149,0.08802550744876574
b5,FEB2024,req_soc_mean,mean required SoC (%),200,57.18524604062454,3.7548908902094658,0.06566188221944488,51.183457073895916,57.3536739293296,63.207200529755085,12.023743455859169,0.21025953875091263
b5,FEB2024,peak_concurrency,peak concurrent EVs,200,15.62,1.608894873373596,0.10300223261034545,13.0,16.0,18.0,5.0,0.32010243277848915
b5,JAN2024,bl_peak_kw,building peak (kW),200,300.0,1.890013877422076e-14,6.300046258073587e-17,300.0,300.0,300.00000000000006,5.684341886080802e-14,1.8947806286936006e-16
b5,JAN2024,bl_mean_kw,building mean (kW),200,159.11475898037412,8.798952729968875,0.0552994127405502,142.41601883676609,161.13154822602183,169.19317014689986,26.777151310133775,0.16828829381840424
b5,JAN2024,bl_energy_mwh,building energy (MWh),200,118.38138068139833,6.546420831096843,0.05529941274055021,105.95751801455395,119.88187188016025,125.8797185892935,19.92220057473955,0.16828829381840443
b5,JAN2024,bl_load_factor,load factor,200,0.5303825299345803,0.029329842433229576,0.05529941274055019,0.47472006278922024,0.5371051607534061,0.5639772338229996,0.08925717103377934,0.16828829381840443
b5,JAN2024,pv_energy_mwh,PV energy (MWh),200,25.223021229907253,1.2584443462632164,0.049892688698650545,23.174928244359005,25.23191369953259,27.182913098946276,4.007984854587271,0.15890185470069512
b5,JAN2024,pv_capacity_factor,PV capacity factor,200,0.11300636751750559,0.0056381915155162025,0.04989268869865056,0.10383032367544356,0.11304620833123918,0.1217872450669636,0.01795692139152004,0.15890185470069523
b5,JAN2024,net_peak_kw,net peak (kW),200,292.30625477502423,8.802307901494776,0.030113306703852576,269.48794454398194,295.2462564956062,300.0,30.51205545601806,0.10438386095946493
b5,JAN2024,net_min_kw,"net min (kW, <0 export)",200,-74.91923838760503,9.795045157325692,0.13074138723420642,-90.46648837805627,-75.29656037652182,-58.028403350547244,32.438085027509025,0.4329740361172134
b5,JAN2024,wx_mean_temp_c,mean dry-bulb (degC),200,8.536643505376343,2.3965355552240957,0.2807351102004866,4.5808665053763455,8.518321505376345,12.734966505376342,8.154099999999996,0.9551880659962639
b5,JAN2024,wx_mean_ghi,mean GHI (W/m2),200,113.30265154569894,5.905054898357574,0.05211753491908226,104.2632155577957,113.56673387096774,122.19361206317203,17.930396505376322,0.1582522232336669
b5,JAN2024,n_sessions,EV sessions,200,342.26,34.99149071003624,0.10223657660853222,288.8,339.5,400.09999999999997,111.29999999999995,0.3251913749780867
b5,JAN2024,ev_energy_mwh,EV energy (MWh),200,4.425492785073781,0.5025951441444644,0.11356817614517592,3.6382739587356525,4.40654403886955,5.29177228237422,1.6534983236385674,0.3736303286303969
b5,JAN2024,arr_hour_mean,mean arrival hour,200,8.60449060045053,0.18941782482186317,0.022013833661686525,8.308685248608647,8.589254647010346,8.925194258897216,0.6165090102885689,0.07164968141824556
b5,JAN2024,dwell_h_mean,mean dwell (h),200,7.023015923973848,0.18110122548418867,0.025786816866807814,6.730312185906828,7.028185896116371,7.295305143853531,0.5649929579467026,0.0804487650409614
b5,JAN2024,req_soc_mean,mean required SoC (%),200,57.2601451583468,3.581096606096466,0.0625408230487947,51.71983760014119,57.014937483404616,63.47005313805063,11.75021553790944,0.20520757510159077
b5,JAN2024,peak_concurrency,peak concurrent EVs,200,15.7,1.5627575164677283,0.09953869531641582,13.0,16.0,18.0,5.0,0.3184713375796179
b5,JUL2024,bl_peak_kw,building peak (kW),200,300.0,1.8020575252769543e-14,6.006858417589848e-17,300.0,300.0,300.00000000000006,5.684341886080802e-14,1.8947806286936006e-16
b5,JUL2024,bl_mean_kw,building mean (kW),200,170.57315188337117,5.099698549925979,0.02989742813343146,159.5515986372203,172.06287835998472,176.73254029806176,17.180941660841455,0.10072477099203084
b5,JUL2024,bl_energy_mwh,building energy (MWh),200,126.90642500122816,3.794175721144929,0.029897428133431467,118.70638938609191,128.01478149982862,131.48900998175796,12.782620595666046,0.10072477099203087
b5,JUL2024,bl_load_factor,load factor,200,0.5685771729445706,0.016998995166419926,0.029897428133431457,0.5318386621240677,0.5735429278666156,0.5891084676602059,0.05726980553613814,0.10072477099203077
b5,JUL2024,pv_energy_mwh,PV energy (MWh),200,56.99189424603603,2.7088001908323163,0.04752956936539659,52.52943345672261,56.98374467754223,61.326442523718605,8.797009066995997,0.1543554427059223
b5,JUL2024,pv_capacity_factor,PV capacity factor,200,0.25534002798403244,0.012136201571829373,0.047529569365396575,0.23534692408925897,0.25530351558038633,0.27476004714927693,0.03941312306001796,0.15435544270592247
b5,JUL2024,net_peak_kw,net peak (kW),200,206.76613116343145,13.91626083921334,0.06730435376872092,182.31576629332318,209.72283751274296,225.8360100850148,43.52024379169163,0.21048052476879053
b5,JUL2024,net_min_kw,"net min (kW, <0 export)",200,-103.47144973240654,12.738074874688094,0.12310714605459536,-126.46427551544404,-103.60286100043933,-83.3475349664801,43.116740548963946,0.4167018115670615
b5,JUL2024,wx_mean_temp_c,mean dry-bulb (degC),200,20.32024565591398,2.3965355552240957,0.11793831609149917,16.36446865591398,20.30192365591398,24.518568655913977,8.154099999999996,0.4012795976030357
b5,JUL2024,wx_mean_ghi,mean GHI (W/m2),200,326.85043708333336,17.034639068007923,0.052117534919082255,300.7738752083334,327.61225,352.49868354166665,51.72480833333327,0.15825222323366692
b5,JUL2024,n_sessions,EV sessions,200,341.295,35.723364467029434,0.10467004927417464,280.8,339.5,398.15,117.34999999999997,0.34383744268155103
b5,JUL2024,ev_energy_mwh,EV energy (MWh),200,4.430115530286713,0.5045955615453191,0.11390121952703616,3.5862552963009553,4.411000918927124,5.253111858963485,1.6668565626625296,0.37625577736449056
b5,JUL2024,arr_hour_mean,mean arrival hour,200,8.619585828081425,0.18716286039114255,0.021713672109556784,8.343122217382888,8.608231812435353,8.933878526327984,0.590756308945096,0.06853650752226322
b5,JUL2024,dwell_h_mean,mean dwell (h),200,7.002311964883985,0.18328093191270753,0.026174345392185643,6.6823035668951505,7.009531584907187,7.295654717910816,0.6133511510156655,0.08759266283644185
b5,JUL2024,req_soc_mean,mean required SoC (%),200,56.91333425239469,3.652369571369313,0.06417423296923841,50.65559499175601,56.80589292821192,62.778973636570704,12.123378644814693,0.21301473203188037
b5,JUL2024,peak_concurrency,peak concurrent EVs,200,15.74,1.6871968367173837,0.10719166688166351,13.0,16.0,19.0,6.0,0.3811944091486658
b5,JUN2024,bl_peak_kw,building peak (kW),200,300.0,1.9324914031033607e-14,6.441638010344536e-17,299.99999999999994,300.0,300.0,5.684341886080802e-14,1.8947806286936006e-16
b5,JUN2024,bl_mean_kw,building mean (kW),200,155.2223796050284,3.2252294985738277,0.020778121729486402,148.6818268850605,155.78539977274738,159.10858767419342,10.426760789132913,0.06717305079115757
b5,JUN2024,bl_energy_mwh,building energy (MWh),200,111.76011331562044,2.322165238973156,0.020778121729486405,107.05091535724355,112.1654878363781,114.55818312541925,7.507267768175694,0.06717305079115754
b5,JUN2024,bl_load_factor,load factor,200,0.5174079320167614,0.010750764995246092,0.0207781217294864,0.49560608961686836,0.5192846659091579,0.5303619589139781,0.03475586929710972,0.06717305079115758
b5,JUN2024,pv_energy_mwh,PV energy (MWh),200,56.10556208092519,2.644999318424939,0.04714326388192781,51.722709614262556,56.11134496413417,60.31202700220172,8.589317387939161,0.15309208337580069
b5,JUN2024,pv_capacity_factor,PV capacity factor,200,0.25974797259687593,0.012245367214930273,0.0471432638819278,0.2394569889549193,0.25977474520432486,0.27922234723241535,0.039765358277496055,0.15309208337580044
b5,JUN2024,net_peak_kw,net peak (kW),200,204.63565494080095,8.8452743239211,0.04322450223290731,191.12192975604094,204.8235448105473,216.75273857628645,25.630808820245505,0.12525094332979383
b5,JUN2024,net_min_kw,"net min (kW, <0 export)",200,-122.31497897904146,12.068020163872394,0.0986634692218705,-141.99304776370965,-122.6883562064941,-102.86141940318176,39.1316283605279,0.3199250712149741
b5,JUN2024,wx_mean_temp_c,mean dry-bulb (degC),200,18.19284422222222,2.3965355552240957,0.13172957048116601,14.237067222222224,18.174522222222222,22.391167222222222,8.154099999999998,0.4482036948373315
b5,JUN2024,wx_mean_ghi,mean GHI (W/m2),200,332.8456802222222,17.347096361647353,0.05211753491908226,306.2908098888889,333.62146666666666,358.96437877777777,52.673568888888894,0.15825222323366714
b5,JUN2024,n_sessions,EV sessions,200,297.18,31.297528279113507,0.10531505578812002,244.0,296.5,346.19999999999993,102.19999999999993,0.34389932027727277
b5,JUN2024,ev_energy_mwh,EV energy (MWh),200,3.832074682214791,0.4379892307902795,0.11429558845057233,3.0928910123479256,3.8362520785539775,4.525956810448047,1.4330657981001216,0.3739660410980991
b5,JUN2024,arr_hour_mean,mean arrival hour,200,8.601395416999114,0.21562373257790812,0.025068459491092168,8.25147897379871,8.590919826407,8.944014360075712,0.6925353862770027,0.08051430642385429
b5,JUN2024,dwell_h_mean,mean dwell (h),200,7.021857547802129,0.19044971829982144,0.027122412695403227,6.720339492674393,7.017321189038996,7.289063800201463,0.56872430752707,0.080993427117456
b5,JUN2024,req_soc_mean,mean required SoC (%),200,57.30244682439285,3.7645991488338773,0.06569700523209315,50.83774614952452,57.163247915882536,63.612789949838756,12.775043800314236,0.2229406335730166
b5,JUN2024,peak_concurrency,peak concurrent EVs,200,15.56,1.709094796997998,0.10983899723637519,13.0,16.0,18.0,5.0,0.3213367609254499
b5,MAR2024,bl_peak_kw,building peak (kW),200,300.0,1.7564284096389855e-14,5.854761365463285e-17,300.0,300.0,300.0,0.0,0.0
b5,MAR2024,bl_mean_kw,building mean (kW),200,168.47642125700716,6.888099439462482,0.0408846495436583,159.63373971317802,167.04459227904206,181.71983992564165,22.086100212463634,0.13109312298824155
b5,MAR2024,bl_energy_mwh,building energy (MWh),200,125.34645741521334,5.124745982960087,0.04088464954365831,118.76750234660443,124.2811766556073,135.19956090467738,16.432058558072953,0.13109312298824163
b5,MAR2024,bl_load_factor,load factor,200,0.5615880708566906,0.02296033146487494,0.0408846495436583,0.5321124657105935,0.5568153075968069,0.6057327997521388,0.07362033404154533,0.13109312298824133
b5,MAR2024,pv_energy_mwh,PV energy (MWh),200,41.58250858443709,2.024679399459684,0.04869065066982159,38.269314434495655,41.58917775522521,44.771822816302766,6.502508381807111,0.15637604856386123
b5,MAR2024,pv_capacity_factor,PV capacity factor,200,0.18630156175823068,0.009071144262812204,0.048690650669821596,0.17145750194666512,0.1863314415556685,0.20059060401569342,0.029133102069028305,0.1563760485638614
b5,MAR2024,net_peak_kw,net peak (kW),200,239.6638897369066,8.489010815348594,0.0354204833471888,228.73433854282376,237.328900712825,256.07436457572476,27.340026032900994,0.11407653469579325
b5,MAR2024,net_min_kw,"net min (kW, <0 export)",200,-102.45215252453094,10.962014406472916,0.10699642844349407,-118.53079307387961,-102.24640518207039,-85.60819900831567,32.92259406556394,0.3213460454887077
b5,MAR2024,wx_mean_temp_c,mean dry-bulb (degC),200,12.186240279569892,2.3965355552240957,0.19665914180617816,8.230463279569893,12.167918279569893,16.38456327956989,8.154099999999996,0.6691235207031213
b5,MAR2024,wx_mean_ghi,mean GHI (W/m2),200,211.5188854032258,11.023842896047979,0.05211753491908226,194.6436278629032,212.01188709677416,228.116961733871,33.47333387096779,0.15825222323366736
b5,MAR2024,n_sessions,EV sessions,200,314.125,32.41966298002947,0.1032062490410807,262.9,312.0,366.04999999999995,103.14999999999998,0.3283724631914046
b5,MAR2024,ev_energy_mwh,EV energy (MWh),200,4.082294932039194,0.469715763030398,0.11506169222216506,3.3941837261001435,4.022379303922045,4.888548938236859,1.4943652121367155,0.36606008066895057
b5,MAR2024,arr_hour_mean,mean arrival hour,200,8.602563394598695,0.2095067033851816,0.024353985408201106,8.285657964892135,8.61101697141656,8.931763021327765,0.6461050564356299,0.07510610812136541
b5,MAR2024,dwell_h_mean,mean dwell (h),200,7.011697407933383,0.18180333702261056,0.02592857712554869,6.720244372990353,7.010966256019952,7.277879063301968,0.5576346903116143,0.07952920068693761
b5,MAR2024,req_soc_mean,mean required SoC (%),200,56.84135650646665,4.032934745931206,0.07095071254100686,50.79706979999688,56.432356564988126,63.46866120190096,12.671591401904074,0.22292908158274632
b5,MAR2024,peak_concurrency,peak concurrent EVs,200,15.795,1.6873680852962645,0.10682925516278978,13.0,16.0,18.0,5.0,0.31655587211142766
b5,MAY2024,bl_peak_kw,building peak (kW),200,300.0,2.2070607120355687e-14,7.356869040118562e-17,299.99999999999994,300.0,300.00000000000006,1.1368683772161603e-13,3.789561257387201e-16
b5,MAY2024,bl_mean_kw,building mean (kW),200,139.6010547748745,2.779339004288633,0.019909154760833943,135.09218580943337,139.7018169064712,143.42036623529856,8.328180425865185,0.059657002157293845
b5,MAY2024,bl_energy_mwh,building energy (MWh),200,103.86318475250664,2.067828219190743,0.019909154760833943,100.50858624221841,103.93815177841458,106.70475247906214,6.196166236843723,0.05965700215729409
b5,MAY2024,bl_load_factor,load factor,200,0.4653368492495817,0.009264463347628775,0.019909154760833943,0.4503072860314445,0.46567272302157064,0.47806788745099515,0.027760601419550668,0.059657002157293956
b5,MAY2024,pv_energy_mwh,PV energy (MWh),200,56.18868638622437,2.6405216671891094,0.04699383162366435,51.79701396640424,56.21017418949896,60.34386432350669,8.54685035710245,0.15210980905219842
b5,MAY2024,pv_capacity_factor,PV capacity factor,200,0.2517414264615787,0.011830294207836515,0.04699383162366437,0.23206547475987563,0.25183769798162614,0.2703578150694744,0.0382923403095988,0.15210980905219845
b5,MAY2024,net_peak_kw,net peak (kW),200,174.1894844722052,5.747688075279413,0.032996756909264235,165.093192217016,174.93947356196693,183.83377912430998,18.740586907293988,0.1075873607645033
b5,MAY2024,net_min_kw,"net min (kW, <0 export)",200,-146.93357285586708,10.867065835929852,0.0739590389365253,-163.137727139772,-147.70281231052786,-128.48685871552973,34.650868424242276,0.23582676001646455
b5,MAY2024,wx_mean_temp_c,mean dry-bulb (degC),200,15.764197268817204,2.3965355552240957,0.15202395113163342,11.808420268817205,15.745875268817205,19.9625202688172,8.154099999999996,0.5172543746410376
b5,MAY2024,wx_mean_ghi,mean GHI (W/m2),200,315.26555168010754,16.430863398471736,0.052117534919082255,290.1132473454301,316.0003629032258,340.00472180779565,49.89147446236552,0.1582522232336669
b5,MAY2024,n_sessions,EV sessions,200,343.24,34.42306110267348,0.10028860593949854,287.95,343.0,398.15,110.19999999999999,0.3210581517305675
b5,MAY2024,ev_energy_mwh,EV energy (MWh),200,4.426164619343378,0.4780270903473505,0.10800029629676672,3.6217372017876137,4.440575483873499,5.205182090162351,1.5834448883747374,0.35774649714895634
b5,MAY2024,arr_hour_mean,mean arrival hour,200,8.575068848116775,0.17554881994587376,0.020472001222990432,8.284851745317702,8.578163585589328,8.856011597938144,0.5711598526204416,0.0666070282043132
b5,MAY2024,dwell_h_mean,mean dwell (h),200,7.02123167574404,0.16940586858062642,0.02412765685625585,6.740067512274959,7.021104399008674,7.303825781008351,0.563758268733392,0.0802933580273365
b5,MAY2024,req_soc_mean,mean required SoC (%),200,56.87972132111427,3.4334656421508436,0.06036361575625917,50.97299680841628,56.84962423287837,62.921881283853196,11.948884475436913,0.21007283787449532
b5,MAY2024,peak_concurrency,peak concurrent EVs,200,15.675,1.578554456094015,0.10070522845894832,13.0,16.0,18.0,5.0,0.31897926634768736
b5,NOV2024,bl_peak_kw,building peak (kW),200,300.0,1.661414946889008e-14,5.53804982296336e-17,300.0,300.0,300.0,0.0,0.0
b5,NOV2024,bl_mean_kw,building mean (kW),200,162.27598453176103,6.323685622652262,0.03896870902308146,153.56087681247882,161.94534964384417,171.42190707360712,17.861030261128292,0.1100657642759979
b5,NOV2024,bl_energy_mwh,building energy (MWh),200,116.83870886286793,4.553053648309629,0.03896870902308146,110.56383130498475,116.60065174356781,123.42377309299711,12.859941788012364,0.11006576427599786
b5,NOV2024,bl_load_factor,load factor,200,0.5409199484392034,0.021078952075507543,0.03896870902308146,0.5118695893749294,0.5398178321461472,0.5714063569120237,0.05953676753709425,0.1100657642759978
b5,NOV2024,pv_energy_mwh,PV energy (MWh),200,25.80086199457868,1.2843791650961636,0.049780474984364456,23.706000730573038,25.80850849320541,27.808025033198447,4.102024302625409,0.15898787813706897
b5,NOV2024,pv_capacity_factor,PV capacity factor,200,0.11944843516008648,0.005946199838408164,0.04978047498436445,0.10975000338228258,0.11948383561669172,0.128740856635178,0.01899085325289543,0.1589878781370691
b5,NOV2024,net_peak_kw,net peak (kW),200,289.6669207632923,8.588340247648986,0.029649019725891096,272.96402963897225,291.1314030712333,300.0,27.03597036102775,0.0933346834695039
b5,NOV2024,net_min_kw,"net min (kW, <0 export)",200,-63.23432298529182,9.692144295490484,0.15327347297993305,-78.44746964481037,-62.690873752962595,-47.283215523397416,31.164254121412952,0.4928376339011599
b5,NOV2024,wx_mean_temp_c,mean dry-bulb (degC),200,13.02034422222222,2.3965355552240957,0.18406084465369624,9.064567222222223,13.002022222222223,17.21866722222222,8.154099999999996,0.6262584046037081
b5,NOV2024,wx_mean_ghi,mean GHI (W/m2),200,124.20066691666666,6.473032595002681,0.05211753491908227,114.29177279166667,124.49015,133.94680445833333,19.65503166666666,0.15825222323366706
b5,NOV2024,n_sessions,EV sessions,200,313.77,32.28760672051574,0.10290214717951283,263.0,312.0,365.15,102.14999999999998,0.32555693660961843
b5,NOV2024,ev_energy_mwh,EV energy (MWh),200,4.0474017820728925,0.4728292176791486,0.11682290099625031,3.2848682943253533,4.024172664405832,4.812446121082813,1.5275778267574593,0.3774218397401368
b5,NOV2024,arr_hour_mean,mean arrival hour,200,8.600763162743709,0.16798613878598836,0.019531538725965743,8.340541465378422,8.595849054819523,8.893009068209327,0.5524676028309052,0.06423471875426737
b5,NOV2024,dwell_h_mean,mean dwell (h),200,7.015263657818155,0.1685741417983922,0.024029623121937106,6.728765188608662,7.025005508408318,7.2635919416722565,0.5348267530635944,0.07623758409529728
b5,NOV2024,req_soc_mean,mean required SoC (%),200,57.712673522613834,3.721937537179943,0.06449081822074242,51.22184144345051,57.8155475147651,63.155166028253724,11.933324584803216,0.20677130093665344
b5,NOV2024,peak_concurrency,peak concurrent EVs,200,15.64,1.5205130052041564,0.09721950161151895,13.0,15.5,18.0,5.0,0.319693094629156
b5,OCT2024,bl_peak_kw,building peak (kW),200,300.0,2.054661704935752e-14,6.84887234978584e-17,299.99999999999994,300.0,300.00000000000006,1.1368683772161603e-13,3.789561257387201e-16
b5,OCT2024,bl_mean_kw,building mean (kW),200,152.67287333832022,3.1449743751173664,0.020599431361641843,147.920138800108,152.40979628362734,157.62077171138185,9.700632911273857,0.06353868044244793
b5,OCT2024,bl_energy_mwh,building energy (MWh),200,113.58861776371025,2.3398609350873207,0.020599431361641843,110.05258326728033,113.39288843501875,117.2698541532681,7.217270885987773,0.06353868044244813
b5,OCT2024,bl_load_factor,load factor,200,0.5089095777944008,0.010483247917057893,0.02059943136164185,0.4930671293336933,0.5080326542787579,0.5254025723712729,0.03233544303757957,0.06353868044244801
b5,OCT2024,pv_energy_mwh,PV energy (MWh),200,35.862806399874906,1.762127850807859,0.049135247006603634,32.986738466358105,35.86456879862857,38.633402131526154,5.646663665168049,0.15745180681642765
b5,OCT2024,pv_capacity_factor,PV capacity factor,200,0.16067565591341804,0.007894838041253847,0.04913524700660362,0.14779004689228542,0.1606835519651818,0.17308871922726773,0.025298672334982314,0.15745180681642776
b5,OCT2024,net_peak_kw,net peak (kW),200,236.19849531128443,6.469535679222377,0.02739024933539995,222.7305237257084,237.33794906066322,244.20603541006741,21.47551168435902,0.09092145847947332
b5,OCT2024,net_min_kw,"net min (kW, <0 export)",200,-91.42493565368372,10.131815343513079,0.11082113726491691,-108.1448623877278,-91.65466679960323,-75.64316293231305,32.50169945541475,0.35550147476757
b5,OCT2024,wx_mean_temp_c,mean dry-bulb (degC),200,16.856267161290322,2.3965355552240957,0.14217474914776115,12.900490161290323,16.83794516129032,21.05459016129032,8.154099999999998,0.48374292611625963
b5,OCT2024,wx_mean_ghi,mean GHI (W/m2),200,178.31210532258063,9.293187375644672,0.052117534919082276,164.0861287903226,178.72770967741937,192.30441588709678,28.21828709677419,0.1582522232336671
b5,OCT2024,n_sessions,EV sessions,200,342.08,35.05807959263625,0.10248503155003581,287.0,340.0,401.04999999999995,114.04999999999995,0.3334015434985967
b5,OCT2024,ev_energy_mwh,EV energy (MWh),200,4.4051752470306695,0.5199056323669613,0.11802155492392868,3.6432536529517487,4.386084838646715,5.254825574901878,1.6115719219501297,0.3658360522742921
b5,OCT2024,arr_hour_mean,mean arrival hour,200,8.62106106510219,0.18418904921606077,0.02136500922858009,8.31066282206583,8.60917536553513,8.907041139240505,0.5963783171746755,0.0691769044055143
b5,OCT2024,dwell_h_mean,mean dwell (h),200,7.0003815985498905,0.16435881578384687,0.023478550914694897,6.757559754521964,6.981400941465411,7.279691847869295,0.5221320933473317,0.07458623304985115
b5,OCT2024,req_soc_mean,mean required SoC (%),200,56.80355811798434,3.7590165080831808,0.06617572265940598,50.637582018929955,56.66656111929335,62.242570458766025,11.60498843983607,0.20430037878493149
b5,OCT2024,peak_concurrency,peak concurrent EVs,200,15.605,1.5942657924842478,0.10216378035784991,13.0,16.0,18.0,5.0,0.32041012495994875
b5,SEP2024,bl_peak_kw,building peak (kW),200,300.0,1.661414946889008e-14,5.53804982296336e-17,300.0,300.0,300.00000000000006,5.684341886080802e-14,1.8947806286936006e-16
b5,SEP2024,bl_mean_kw,building mean (kW),200,137.60649068223353,4.016449715090466,0.02918793797572684,128.99108986850575,138.8993046529282,141.85474029928034,12.863650430774584,0.09348142203902172
b5,SEP2024,bl_energy_mwh,building energy (MWh),200,99.07667329120814,2.8918437948651348,0.029187937975726837,92.87358470532413,100.0074993501083,102.13541301548183,9.261828310157696,0.0934814220390217
b5,SEP2024,bl_load_factor,load factor,200,0.4586883022741117,0.013388165716968218,0.02918793797572684,0.42997029956168586,0.46299768217642734,0.4728491343309344,0.04287883476924853,0.09348142203902156
b5,SEP2024,pv_energy_mwh,PV energy (MWh),200,44.16421784542751,2.1419323640486,0.04849927087003449,40.665039308402015,44.15756505892232,47.549858298378425,6.884818989976409,0.15589133750931403
b5,SEP2024,pv_capacity_factor,PV capacity factor,200,0.20446397150660883,0.009916353537262036,0.04849927087003449,0.18826407087223151,0.20443317156908483,0.22013823286286308,0.03187416199063156,0.15589133750931422
b5,SEP2024,net_peak_kw,net peak (kW),200,227.7847970293107,8.114937899084056,0.03562545878792714,211.50148848638912,229.34859756875096,238.30369731489202,26.8022088285029,0.11766460790205444
b5,SEP2024,net_min_kw,"net min (kW, <0 export)",200,-129.74181355125563,11.590201120660113,0.0893328126331555,-147.58502004712315,-130.380001683251,-111.36305123583013,36.221968811293024,0.2791850045859211
b5,SEP2024,wx_mean_temp_c,mean dry-bulb (degC),200,19.487983111111113,2.3965355552240957,0.12297504269991419,15.532206111111112,19.469661111111108,23.68630611111111,8.1541,0.41841682402479724
b5,SEP2024,wx_mean_ghi,mean GHI (W/m2),200,242.1547847638889,12.620510450754827,0.052117534919082255,222.83535449305555,242.7191916666667,261.1568875486111,38.32153305555556,0.15825222323366714
b5,SEP2024,n_sessions,EV sessions,200,313.035,32.59163771960886,0.10411499582988758,259.9,314.0,363.19999999999993,103.29999999999995,0.32999504847700717
b5,SEP2024,ev_energy_mwh,EV energy (MWh),200,4.061949727391579,0.48230858680664535,0.11873819696837176,3.2491263479775885,4.071726093204518,4.823775185519209,1.5746488375416208,0.38765837669605946
b5,SEP2024,arr_hour_mean,mean arrival hour,200,8.61617500538528,0.19279418000245446,0.022375843095335725,8.310970234222511,8.625258135725986,8.896782178217823,0.5858119439953118,0.06798979171490455
b5,SEP2024,dwell_h_mean,mean dwell (h),200,7.002784919874225,0.17030099706688173,0.02431903864183515,6.705011966126658,7.008034849083014,7.28137587822014,0.5763639120934823,0.08230495705469049
b5,SEP2024,req_soc_mean,mean required SoC (%),200,57.3391362807951,3.526169399053979,0.061496730292308524,51.7242416160704,57.21727733665371,63.34978691040232,11.625545294331921,0.20275061761308263
b5,SEP2024,peak_concurrency,peak concurrent EVs,200,15.51,1.5755353241958572,0.1015819035587271,13.0,15.0,18.0,5.0,0.3223726627981947
b6,APR2024,bl_peak_kw,building peak (kW),200,250.0,1.7331634299963617e-14,6.932653719985447e-17,250.0,250.0,250.00000000000003,2.842170943040401e-14,1.1368683772161603e-16
b6,APR2024,bl_mean_kw,building mean (kW),200,86.31897695436605,3.3649644286179576,0.03898290442432956,81.69485511113783,85.6808488154206,92.22984392246822,10.534988811330393,0.1220471926688831
b6,APR2024,bl_energy_mwh,building energy (MWh),200,62.14966340714354,2.42277438860493,0.03898290442432958,58.820295680019235,61.69021114710284,66.40548762417713,7.585191944157891,0.12204719266888325
b6,APR2024,bl_load_factor,load factor,200,0.3452759078174641,0.013459857714471828,0.03898290442432956,0.3267794204445513,0.34272339526168244,0.3689193756898729,0.04213995524532155,0.12204719266888306
b6,APR2024,pv_energy_mwh,PV energy (MWh),200,38.72549144527378,1.815602921048957,0.04688392201851684,35.58179960613726,38.92786561154025,41.575549342859716,5.993749736722457,0.1547753046644411
b6,APR2024,pv_capacity_factor,PV capacity factor,200,0.2151416191404099,0.01008668289471643,0.04688392201851685,0.19767666447854032,0.2162659200641125,0.23097527412699842,0.0332986096484581,0.15477530466444112
b6,APR2024,net_peak_kw,net peak (kW),200,162.4846812090114,14.690456818172432,0.09041133421848815,144.2110636603809,159.1567273639838,187.58591007055404,43.37484641017315,0.26694729673856527
b6,APR2024,net_min_kw,"net min (kW, <0 export)",200,-144.8175812531801,8.156399778707515,0.05632188929083088,-158.38752262443114,-145.69367848379022,-130.30802106948283,28.07950155494831,0.1938956673075335
b6,APR2024,wx_mean_temp_c,mean dry-bulb (degC),200,13.7047915,2.784354155986185,0.20316647327222634,9.14018,13.591900000000003,18.299334999999996,9.159154999999995,0.668317719390331
b6,APR2024,wx_mean_ghi,mean GHI (W/m2),200,258.7601497,12.94805185044666,0.05003881728101605,235.32993608333337,259.72012,278.2153406666667,42.885404583333326,0.16573419297002875
b6,APR2024,n_sessions,EV sessions,200,286.045,27.89504692980602,0.09751978510306428,237.0,287.0,331.09999999999997,94.09999999999997,0.3289692181300144
b6,APR2024,ev_energy_mwh,EV energy (MWh),200,3.672731168162103,0.42180668132918825,0.11484823201483256,2.9932769145599005,3.6625486144143666,4.335294410559867,1.3420174959999667,0.3654004158086896
b6,APR2024,arr_hour_mean,mean arrival hour,200,8.539743118376848,0.18763172026871414,0.021971588333253914,8.225299137473796,8.521546695625194,8.847686825843319,0.622387688369523,0.07288131267440517
b6,APR2024,dwell_h_mean,mean dwell (h),200,7.024514060438305,0.17338083303531196,0.024682252970605285,6.761337148866958,7.011334299262382,7.294047892396191,0.5327107435292326,0.0758359566150535
b6,APR2024,req_soc_mean,mean required SoC (%),200,57.289336127782136,3.8554213135076947,0.06729736411866065,50.80770684321572,57.54569136516752,63.19323764590511,12.385530802689388,0.2161926047644161
b6,APR2024,peak_concurrency,peak concurrent EVs,200,13.875,1.3961090942383676,0.10062047526042289,12.0,14.0,17.0,5.0,0.36036036036036034
b6,AUG2024,bl_peak_kw,building peak (kW),200,250.0,1.6976682686589508e-14,6.790673074635803e-17,250.0,250.0,250.00000000000003,2.842170943040401e-14,1.1368683772161603e-16
b6,AUG2024,bl_mean_kw,building mean (kW),200,88.6846125510364,4.712783756928259,0.053140940929477895,79.39554802078946,89.78167287392827,94.84731840363798,15.451770382848522,0.174232822790496
b6,AUG2024,bl_energy_mwh,building energy (MWh),200,65.98135173797107,3.5063111151546247,0.0531409409294779,59.07028772746735,66.79756461820264,70.56640489230666,11.496117164839312,0.1742328227904962
b6,AUG2024,bl_load_factor,load factor,200,0.3547384502041456,0.018851135027713035,0.053140940929477895,0.3175821920831578,0.3591266914957131,0.37938927361455194,0.06180708153139414,0.17423282279049615
b6,AUG2024,pv_energy_mwh,PV energy (MWh),200,44.64599385421492,2.0980688661768747,0.0469934407335139,41.028708711686235,44.86826290688154,47.973634673282376,6.944925961596141,0.15555541185338598
b6,AUG2024,pv_capacity_factor,PV capacity factor,200,0.24003222502266083,0.011279940140735885,0.04699344073351391,0.22058445543917335,0.24122721992947066,0.257922767060658,0.03733831162148463,0.15555541185338598
b6,AUG2024,net_peak_kw,net peak (kW),200,153.621795500521,14.195344954794168,0.09240449838868096,127.27522669529893,153.87565230122846,176.1910787130293,48.91585201773037,0.3184173955157586
b6,AUG2024,net_min_kw,"net min (kW, <0 export)",200,-164.70361217663856,8.855518081195994,0.05376638656654826,-178.24408881285467,-165.47894552738035,-149.05456097580716,29.189527837047507,0.1772245760204871
b6,AUG2024,wx_mean_temp_c,mean dry-bulb (degC),200,20.034186661290324,2.7843541559861844,0.1389801444431014,15.469575161290322,19.921295161290324,24.628730161290317,9.159154999999995,0.4571762834623649
b6,AUG2024,wx_mean_ghi,mean GHI (W/m2),200,299.9832837258065,15.010808721714826,0.05003881728101605,272.8203978360215,301.0961870967742,322.53788526881726,49.717487432795735,0.1657341929700289
b6,AUG2024,n_sessions,EV sessions,200,285.085,27.295659731924506,0.09574568894162971,240.95,285.5,330.04999999999995,89.09999999999997,0.31253836575056554
b6,AUG2024,ev_energy_mwh,EV energy (MWh),200,3.687691340111601,0.402969368394166,0.10927415860731199,3.038552340377442,3.6420094502561486,4.333835965509974,1.295283625132532,0.351245130264436
b6,AUG2024,arr_hour_mean,mean arrival hour,200,8.553090892934904,0.17430667000935202,0.020379377723360133,8.284672155688623,8.549394600111338,8.835395557855758,0.5507234021671348,0.06438881675185376
b6,AUG2024,dwell_h_mean,mean dwell (h),200,7.047632215962751,0.19054820279259668,0.027037194472351818,6.728258228629725,7.0533712719731385,7.348198600386101,0.6199403717563756,0.0879643478489446
b6,AUG2024,req_soc_mean,mean required SoC (%),200,57.130904565990335,3.7206635005263804,0.06512523351050296,51.25313102774222,56.95479924317465,63.76607762405559,12.51294659631337,0.21902237836721122
b6,AUG2024,peak_concurrency,peak concurrent EVs,200,13.785,1.3104815180097833,0.09506576119040866,12.0,14.0,16.0,4.0,0.29017047515415306
b6,DEC2024,bl_peak_kw,building peak (kW),200,250.0,1.395867756861079e-14,5.583471027444316e-17,250.0,250.0,250.00000000000003,2.842170943040401e-14,1.1368683772161603e-16
b6,DEC2024,bl_mean_kw,building mean (kW),200,96.10294949700224,2.7529572699838565,0.028645918615325432,92.35225730995423,95.96286545222125,99.82409521019521,7.471837900240985,0.0777482682825885
b6,DEC2024,bl_energy_mwh,building energy (MWh),200,71.50059442576966,2.0482002088679896,0.02864591861532544,68.71007943860594,71.39637189645259,74.26912683638524,5.559047397779295,0.07774826828258856
b6,DEC2024,bl_load_factor,load factor,200,0.38441179798800895,0.011011829079935425,0.028645918615325432,0.3694090292398169,0.38385146180888496,0.39929638084078084,0.02988735160096395,0.07774826828258855
b6,DEC2024,pv_energy_mwh,PV energy (MWh),200,18.430702438004786,0.9021061238164065,0.04894583518185561,16.886038851117355,18.517768194139148,19.84998090457335,2.9639420534559946,0.16081546883119532
b6,DEC2024,pv_capacity_factor,PV capacity factor,200,0.09908979805378916,0.00485003292374412,0.0489458351818556,0.09078515511353417,0.09955789351687713,0.10672032744394273,0.01593517233040856,0.1608154688311952
b6,DEC2024,net_peak_kw,net peak (kW),200,249.68608305935894,1.5294078047397868,0.006125322589069548,248.57280034295079,250.0,250.00000000000003,1.4271996570492433,0.005715975994985468
b6,DEC2024,net_min_kw,"net min (kW, <0 export)",200,-96.33369154406384,6.891025001136402,0.07153286550826705,-107.09969722570223,-96.91558147006901,-84.01257966924142,23.08711755646081,0.23965776860010155
b6,DEC2024,wx_mean_temp_c,mean dry-bulb (degC),200,9.845880209677418,2.784354155986185,0.28279382814849513,5.28126870967742,9.732988709677418,14.440423709677415,9.159154999999995,0.9302525325259953
b6,DEC2024,wx_mean_ghi,mean GHI (W/m2),200,98.83417532258063,4.945545240086518,0.05003881728101605,89.88493857526882,99.20083870967743,106.26514086021504,16.380202284946222,0.16573419297002864
b6,DEC2024,n_sessions,EV sessions,200,284.115,27.514487275801656,0.09684278294282828,238.85,283.5,330.0,91.15,0.3208207943966352
b6,DEC2024,ev_energy_mwh,EV energy (MWh),200,3.6644933002940023,0.41820700707274466,0.11412410197043939,3.0166634694733983,3.671816148589513,4.338600067004466,1.3219365975310682,0.36074198782816963
b6,DEC2024,arr_hour_mean,mean arrival hour,200,8.570633962580654,0.20001147141504752,0.023336835091580927,8.23699445676275,8.560826046149622,8.894423828125001,0.6574293713622517,0.07670720441831784
b6,DEC2024,dwell_h_mean,mean dwell (h),200,7.036802713265343,0.1703951793362068,0.024214858122281645,6.770600444935586,7.023325418180466,7.323095900809717,0.5524954558741308,0.07851512659756693
b6,DEC2024,req_soc_mean,mean required SoC (%),200,57.20156030588987,4.036352655214815,0.0705636810190159,50.06547479108056,57.23307242082622,63.76773375189029,13.70225896080973,0.2395434475482105
b6,DEC2024,peak_concurrency,peak concurrent EVs,200,13.89,1.3991742000948473,0.10073248380812434,12.0,14.0,16.0,4.0,0.28797696184305255
b6,FEB2024,bl_peak_kw,building peak (kW),200,250.0,2.0248103113783814e-14,8.099241245513526e-17,250.0,250.0,250.00000000000003,2.842170943040401e-14,1.1368683772161603e-16
b6,FEB2024,bl_mean_kw,building mean (kW),200,85.35603821879013,4.2191028044937395,0.04942945915178328,80.01463284541616,85.02533101145396,92.84608097423937,12.831448128823212,0.15032853441408342
b6,FEB2024,bl_energy_mwh,building energy (MWh),200,59.40780260027792,2.936495551927643,0.049429459151783296,55.69018446040965,59.17763038397196,64.6208723580706,8.930687897660953,0.1503285344140834
b6,FEB2024,bl_load_factor,load factor,200,0.3414241528751604,0.016876411217974962,0.04942945915178331,0.3200585313816646,0.34010132404581583,0.3713843238969575,0.0513257925152929,0.15032853441408361
b6,FEB2024,pv_energy_mwh,PV energy (MWh),200,25.231755863684,1.2162300909960768,0.048202356489450406,23.14613810263514,25.355201193734544,27.14839670498497,4.002258602349833,0.1586199004132833
b6,FEB2024,pv_capacity_factor,PV capacity factor,200,0.1450100911705977,0.006989828109172854,0.04820235648945039,0.13302378219905253,0.14571954709042842,0.15602526841945386,0.023001486220401324,0.1586199004132832
b6,FEB2024,net_peak_kw,net peak (kW),200,220.6397957051078,6.130153873643173,0.02778353675524755,207.05283850331412,222.13013875892645,227.46601636473372,20.413177861419598,0.09251811440535627
b6,FEB2024,net_min_kw,"net min (kW, <0 export)",200,-136.43223722280817,8.596100270516663,0.06300637184801366,-150.12991436484347,-136.5677941670248,-120.13422274875305,29.995691616090426,0.21985780066850558
b6,FEB2024,wx_mean_temp_c,mean dry-bulb (degC),200,10.733426557471264,2.7843541559861844,0.25940962479014373,6.1688150574712655,10.620535057471265,15.32797005747126,9.159154999999995,0.8533300107806245
b6,FEB2024,wx_mean_ghi,mean GHI (W/m2),200,155.0002428448276,7.756028830225443,0.05003881728101604,140.96528110632184,155.57527586206896,166.65412126436783,25.68884015804599,0.16573419297002887
b6,FEB2024,n_sessions,EV sessions,200,271.155,26.429216644885855,0.09746903669445836,227.95,270.5,318.0,90.05000000000001,0.33209787759768405
b6,FEB2024,ev_energy_mwh,EV energy (MWh),200,3.4950937172469985,0.39801011645541956,0.11387680807853204,2.9000938712381297,3.4565390077263674,4.209107206846194,1.3090133356080642,0.37452882283200767
b6,FEB2024,arr_hour_mean,mean arrival hour,200,8.564131590552538,0.2033536512726889,0.023744806945402035,8.223270886160417,8.556937051608424,8.960484954221927,0.73721406806151,0.086081590441086
b6,FEB2024,dwell_h_mean,mean dwell (h),200,7.02952854219792,0.19272221702143402,0.02741609424651054,6.709080882352942,7.021369736169271,7.370605970844,0.6615250884910582,0.09410660821987635
b6,FEB2024,req_soc_mean,mean required SoC (%),200,57.196575775520216,4.319378169661679,0.07551812518661906,50.45707114302173,57.06980162568871,64.46552192542497,14.008450782403237,0.24491764747215458
b6,FEB2024,peak_concurrency,peak concurrent EVs,200,13.715,1.3123973996748723,0.09569065983775955,12.0,14.0,16.0,4.0,0.2916514764855997
b6,JAN2024,bl_peak_kw,building peak (kW),200,250.0,1.6735866476825443e-14,6.694346590730178e-17,250.0,250.0,250.00000000000003,2.842170943040401e-14,1.1368683772161603e-16
b6,JAN2024,bl_mean_kw,building mean (kW),200,73.80038748754744,5.3328114575304735,0.07225993845127568,69.76101216932136,70.63451886650708,84.77804947948255,15.017037310161186,0.20348182199849635
b6,JAN2024,bl_energy_mwh,building energy (MWh),200,54.907488290735294,3.9676117244026723,0.07225993845127568,51.9021930539751,52.55208203668126,63.07486881273501,11.172675758759915,0.20348182199849624
b6,JAN2024,bl_load_factor,load factor,200,0.2952015499501897,0.02133124583012189,0.07225993845127568,0.2790440486772855,0.2825380754660283,0.3391121979179301,0.06006814924064463,0.20348182199849602
b6,JAN2024,pv_energy_mwh,PV energy (MWh),200,21.009709547579767,1.0227390715399274,0.048679353192569136,19.25834688225462,21.109306638364465,22.61890966454185,3.3605627822872286,0.15995284345443755
b6,JAN2024,pv_capacity_factor,PV capacity factor,200,0.11295542767516004,0.005498597158816814,0.048679353192569136,0.10353949936696034,0.1134908959051853,0.12160704120721426,0.018067541840253915,0.15995284345443753
b6,JAN2024,net_peak_kw,net peak (kW),200,228.27390455948182,4.90904467830248,0.02150506291017298,224.46749652326645,226.52753471955174,240.50969596172388,16.04219943845743,0.07027609866057764
b6,JAN2024,net_min_kw,"net min (kW, <0 export)",200,-118.64201583137798,7.605947801761193,0.06410838309230416,-130.88965091194575,-119.12603050633945,-106.12343517217053,24.76621573977522,0.2087474286931759
b6,JAN2024,wx_mean_temp_c,mean dry-bulb (degC),200,8.627063005376344,2.784354155986185,0.3227464728437695,4.062451505376345,8.514171505376343,13.22160650537634,9.159154999999995,1.0616770729844043
b6,JAN2024,wx_mean_ghi,mean GHI (W/m2),200,113.28247701612901,5.6685211685509795,0.05003881728101605,103.02497547043012,113.70274193548389,121.79975537634407,18.774779905913945,0.1657341929700285
b6,JAN2024,n_sessions,EV sessions,200,299.29,28.226398065263187,0.09431119671643952,254.8,299.5,347.04999999999995,92.24999999999994,0.308229476427545
b6,JAN2024,ev_energy_mwh,EV energy (MWh),200,3.8732280665588656,0.4241106985005907,0.10949799268530758,3.2122759629642736,3.897216282027564,4.56768155527035,1.3554055923060764,0.34994210746548526
b6,JAN2024,arr_hour_mean,mean arrival hour,200,8.549639443723255,0.20111683228492827,0.023523428515173098,8.209222618154538,8.538706448590169,8.879325419106442,0.6701028009519039,0.07837790182413622
b6,JAN2024,dwell_h_mean,mean dwell (h),200,7.037017182622346,0.1788255807164493,0.02541212790527959,6.768886447871832,7.039202898550725,7.323222708254089,0.5543362603822564,0.0787743224147824
b6,JAN2024,req_soc_mean,mean required SoC (%),200,57.11205667836705,4.2287278111232816,0.07404264628286522,49.646603155228604,57.26830262377931,63.76347662839424,14.116873473165633,0.24717851701027665
b6,JAN2024,peak_concurrency,peak concurrent EVs,200,13.925,1.322163219080552,0.09494888467364825,12.0,14.0,16.0,4.0,0.2872531418312388
b6,JUL2024,bl_peak_kw,building peak (kW),200,250.0,2.426094191388338e-14,9.704376765553352e-17,250.0,250.0,250.00000000000009,8.526512829121202e-14,3.410605131648481e-16
b6,JUL2024,bl_mean_kw,building mean (kW),200,87.31496637519744,3.116267282977634,0.035689955712596325,82.65426927727295,86.83070635361074,92.55218265102965,9.897913373756708,0.11335872628324455
b6,JUL2024,bl_energy_mwh,building energy (MWh),200,64.9623349831469,2.3185028585353598,0.035689955712596325,61.494776342291075,64.6020455270864,68.85882389236606,7.364047550074986,0.11335872628324446
b6,JUL2024,bl_load_factor,load factor,200,0.34925986550078975,0.012465069131910533,0.03568995571259632,0.3306170771090918,0.347322825414443,0.3702087306041185,0.039591653495026746,0.11335872628324431
b6,JUL2024,pv_energy_mwh,PV energy (MWh),200,47.47590708878471,2.2240586929056363,0.04684604948666749,43.63544560590321,47.714421089514005,51.00375974616944,7.368314140266236,0.15520112394033356
b6,JUL2024,pv_capacity_factor,PV capacity factor,200,0.2552468123052941,0.011957304800567939,0.0468460494866675,0.2345991699242108,0.2565291456425485,0.2742137620761798,0.039614592151969025,0.1552011239403336
b6,JUL2024,net_peak_kw,net peak (kW),200,156.8722816533748,9.77561777758529,0.0623157748109096,141.52788435271674,155.6621240229486,173.5245366500047,31.996652297287966,0.20396625815635044
b6,JUL2024,net_min_kw,"net min (kW, <0 export)",200,-167.60322989324703,8.291172086763442,0.04946904717793571,-180.1825150028718,-168.0147668254848,-153.19153291084461,26.990982092027195,0.1610409424043844
b6,JUL2024,wx_mean_temp_c,mean dry-bulb (degC),200,20.41066515591398,2.7843541559861844,0.13641662996854462,15.846053655913977,20.29777365591398,25.00520865591398,9.159155000000002,0.4487435823396545
b6,JUL2024,wx_mean_ghi,mean GHI (W/m2),200,326.7922385,16.35229711115572,0.05003881728101606,297.20185541666666,328.0046,351.3625033333333,54.16064791666662,0.16573419297002864
b6,JUL2024,n_sessions,EV sessions,200,297.905,28.340109102111764,0.09513136436821056,254.8,298.0,343.04999999999995,88.24999999999994,0.29623537704973046
b6,JUL2024,ev_energy_mwh,EV energy (MWh),200,3.856605969142907,0.42763777929134716,0.11088448825545574,3.1972757315818265,3.8262555306515615,4.615476100092823,1.4182003685109965,0.36773276291593193
b6,JUL2024,arr_hour_mean,mean arrival hour,200,8.567048697886774,0.19244466013993572,0.022463355459553518,8.269279022536688,8.563942062025864,8.922095567476003,0.6528165449393146,0.07620086776212026
b6,JUL2024,dwell_h_mean,mean dwell (h),200,7.01511142885495,0.1834780936708912,0.02615469412448658,6.722981469900485,7.026048421962819,7.291920731707317,0.5689392618068325,0.08110195648021208
b6,JUL2024,req_soc_mean,mean required SoC (%),200,56.85654209272512,4.406778171622994,0.07750696770190757,49.699462121789324,56.98953851981142,63.75026090952691,14.050798787737584,0.24712721299200158
b6,JUL2024,peak_concurrency,peak concurrent EVs,200,13.915,1.344175972566885,0.0965990637849001,12.0,14.0,16.0,4.0,0.2874595759971254
b6,JUN2024,bl_peak_kw,building peak (kW),200,250.0,1.900722257038919e-14,7.602889028155675e-17,250.0,250.0,250.00000000000003,2.842170943040401e-14,1.1368683772161603e-16
b6,JUN2024,bl_mean_kw,building mean (kW),200,79.08951263027966,1.2978280195157834,0.016409609521590426,77.62694165605242,78.8172063173341,81.40669375866558,3.779752102613159,0.04779081292714996
b6,JUN2024,bl_energy_mwh,building energy (MWh),200,56.94444909380136,0.9344361740513636,0.016409609521590415,55.89139799235775,56.74838854848055,58.61281950623921,2.7214215138814595,0.04779081292714969
b6,JUN2024,bl_load_factor,load factor,200,0.31635805052111865,0.005191312078063133,0.016409609521590426,0.3105077666242097,0.31526882526933636,0.32562677503466236,0.015119008410452661,0.04779081292715003
b6,JUN2024,pv_energy_mwh,PV energy (MWh),200,46.739157575550905,2.175198988695065,0.04653911412885422,42.96713467534501,46.980988457928646,50.16903896337877,7.201904288033759,0.1540871650583846
b6,JUN2024,pv_capacity_factor,PV capacity factor,200,0.2596619865308384,0.012084438826083692,0.04653911412885421,0.23870630375191673,0.26100549143293694,0.278716883129882,0.04001057937796529,0.15408716505838443
b6,JUN2024,net_peak_kw,net peak (kW),200,147.4597126576989,7.226678654471545,0.04900781728258873,138.10682810963772,146.49559298494665,158.98728373852057,20.880455628882856,0.14160108718883146
b6,JUN2024,net_min_kw,"net min (kW, <0 export)",200,-172.17245793427878,8.315781505680203,0.048299139162283906,-184.06828107248515,-173.1193378883227,-157.25044406935265,26.817837003132496,0.15576148081343724
b6,JUN2024,wx_mean_temp_c,mean dry-bulb (degC),200,18.28326372222222,2.784354155986184,0.1522897770490488,13.718652222222222,18.17037222222222,22.87780722222222,9.159154999999998,0.5009584251015091
b6,JUN2024,wx_mean_ghi,mean GHI (W/m2),200,332.7864141333333,16.6522385704224,0.05003881728101604,302.65327044444444,334.0210133333333,357.8073582222222,55.15408777777776,0.16573419297002873
b6,JUN2024,n_sessions,EV sessions,200,259.135,25.614199402973274,0.09884500126564638,221.85,261.0,302.04999999999995,80.19999999999996,0.3094911918498079
b6,JUN2024,ev_energy_mwh,EV energy (MWh),200,3.3285080430131018,0.37550931607923804,0.11281610596299224,2.7651786949324624,3.3165556388617645,3.9121380204019776,1.1469593254695152,0.34458661678078467
b6,JUN2024,arr_hour_mean,mean arrival hour,200,8.543233170158599,0.19860454758866203,0.023247000711906718,8.267568469636863,8.525161433066737,8.884821428571428,0.6172529589345643,0.07225051062525377
b6,JUN2024,dwell_h_mean,mean dwell (h),200,7.053144562475703,0.18155338085048425,0.02574077126057909,6.74579874053993,7.0417335756141535,7.367413213322058,0.6216144727821282,0.08813295506365422
b6,JUN2024,req_soc_mean,mean required SoC (%),200,57.4933260773798,3.743012447833055,0.0651034250965993,51.45395565814276,57.557514931150486,63.35662644625674,11.90267078811398,0.2070269994832839
b6,JUN2024,peak_concurrency,peak concurrent EVs,200,13.805,1.2668859459319928,0.09177007938659854,12.0,14.0,16.0,4.0,0.2897500905469033
b6,MAR2024,bl_peak_kw,building peak (kW),200,250.0,1.9843100137941784e-14,7.937240055176714e-17,250.0,250.0,250.00000000000003,2.842170943040401e-14,1.1368683772161603e-16
b6,MAR2024,bl_mean_kw,building mean (kW),200,81.07504650681754,3.1792624834819145,0.03921382250720723,77.90608869334622,80.05375055993909,87.50006308099731,9.593974387651087,0.1183344913264322
b6,MAR2024,bl_energy_mwh,building energy (MWh),200,60.31983460107225,2.3653712877105453,0.039213822507207244,57.96212998784959,59.55999041659469,65.10004693226199,7.137916944412396,0.11833449132643198
b6,MAR2024,bl_load_factor,load factor,200,0.3243001860272702,0.012717049933927659,0.03921382250720723,0.3116243547733849,0.32021500223975635,0.35000025232398924,0.03837589755060433,0.11833449132643215
b6,MAR2024,pv_energy_mwh,PV energy (MWh),200,34.63728598193118,1.6513440481650143,0.047675330250368096,31.80052739701742,34.81119084590513,37.244865001100585,5.444337604083167,0.15718141447119297
b6,MAR2024,pv_capacity_factor,PV capacity factor,200,0.18622196764479135,0.008878193807338786,0.047675330250368075,0.17097057740331945,0.18715694003174804,0.2002412096833365,0.029270632280017056,0.15718141447119308
b6,MAR2024,net_peak_kw,net peak (kW),200,185.97131934936652,9.26236414768355,0.049805336543766905,177.7252999026828,182.72995484217063,207.29216190329325,29.566862000610456,0.15898613885222818
b6,MAR2024,net_min_kw,"net min (kW, <0 export)",200,-158.91616168971694,8.872201860424749,0.055829449730529494,-171.67825529494118,-159.43365974658929,-143.74562785625125,27.932627438689934,0.17576958278937202
b6,MAR2024,wx_mean_temp_c,mean dry-bulb (degC),200,12.276659779569895,2.7843541559861844,0.22680062867097978,7.712048279569892,12.163768279569894,16.871203279569887,9.159154999999995,0.7460624603478977
b6,MAR2024,wx_mean_ghi,mean GHI (W/m2),200,211.48122261290322,10.582270256692942,0.050038817281016036,192.3320212096774,212.26579354838708,227.38169096774195,35.04966975806454,0.1657341929700289
b6,MAR2024,n_sessions,EV sessions,200,272.415,26.672266947535654,0.09791041957137328,228.95,273.0,315.19999999999993,86.24999999999994,0.3166125213369306
b6,MAR2024,ev_energy_mwh,EV energy (MWh),200,3.5085141326528015,0.38900491432516604,0.11087454677887755,2.8293540206625463,3.5323825467519177,4.138075820094302,1.3087217994317561,0.373013118930271
b6,MAR2024,arr_hour_mean,mean arrival hour,200,8.52703542436936,0.19390251066036612,0.022739733214454976,8.211746894942703,8.525043425395172,8.828842994765564,0.6170960998228612,0.07236936040622818
b6,MAR2024,dwell_h_mean,mean dwell (h),200,7.0647603439512245,0.1834848011668895,0.025971836585226463,6.773477233676976,7.066887169627052,7.371099568174208,0.597622334497232,0.08459201804473242
b6,MAR2024,req_soc_mean,mean required SoC (%),200,57.15483324165232,3.7594024601234293,0.06577575765514991,51.08130889444873,57.09933919954048,63.487921546732736,12.406612652284004,0.21707022746140262
b6,MAR2024,peak_concurrency,peak concurrent EVs,200,13.98,1.27976128427282,0.09154229501236195,12.0,14.0,16.0,4.0,0.28612303290414876
b6,MAY2024,bl_peak_kw,building peak (kW),200,250.0,1.438827550233055e-14,5.755310200932221e-17,250.0,250.0,250.00000000000003,2.842170943040401e-14,1.1368683772161603e-16
b6,MAY2024,bl_mean_kw,building mean (kW),200,77.69903769967915,1.3009875538481144,0.016743933932318013,75.89971171777765,77.55523240199904,79.67159052462755,3.771878806849898,0.04854473000590937
b6,MAY2024,bl_energy_mwh,building energy (MWh),200,57.8080840485613,0.967934740062997,0.01674393393231801,56.46938551802656,57.70109290708727,59.2756633503229,2.806277832296338,0.04854473000590961
b6,MAY2024,bl_load_factor,load factor,200,0.31079615079871664,0.005203950215392462,0.016743933932318027,0.30359884687111055,0.31022092960799613,0.3186863620985102,0.01508751522739965,0.04854473000590955
b6,MAY2024,pv_energy_mwh,PV energy (MWh),200,46.80919861852752,2.172264415417737,0.046406784980889085,43.03223904214275,47.057972302404124,50.20191532694463,7.169676284801881,0.15316810576552053
b6,MAY2024,pv_capacity_factor,PV capacity factor,200,0.25166235816412647,0.01167884094310611,0.04640678498088907,0.2313561238824879,0.2529998510881943,0.26990277057497114,0.03854664669248323,0.1531681057655205
b6,MAY2024,net_peak_kw,net peak (kW),200,141.0651407748814,5.960563592379635,0.04225397968369657,131.07914749195942,141.14218606710148,151.35216532398528,20.273017832025857,0.1437138737512659
b6,MAY2024,net_min_kw,"net min (kW, <0 export)",200,-172.00044504921078,8.084191389467865,0.04700099111461548,-184.3196463781129,-172.68909677180315,-158.74039892537266,25.579247452740248,0.14871617015538424
b6,MAY2024,wx_mean_temp_c,mean dry-bulb (degC),200,15.854616768817204,2.784354155986184,0.17561787816041322,11.290005268817204,15.741725268817202,20.449160268817202,9.159154999999998,0.5776963980620577
b6,MAY2024,wx_mean_ghi,mean GHI (W/m2),200,315.2094158870968,15.772706366830233,0.05003881728101605,286.66783420698926,316.37880645161295,338.90881236559136,52.240978158602104,0.16573419297002862
b6,MAY2024,n_sessions,EV sessions,200,298.6,28.962634045512356,0.09699475567820615,251.95,296.5,349.09999999999997,97.14999999999998,0.3253516409912926
b6,MAY2024,ev_energy_mwh,EV energy (MWh),200,3.859248703881736,0.42962860407584336,0.11132441494213922,3.202893889897816,3.8372388578653784,4.609362900860875,1.4064690109630589,0.3644411435698338
b6,MAY2024,arr_hour_mean,mean arrival hour,200,8.541128721181286,0.17869237676190083,0.02092140074165592,8.241219843584306,8.546113062711424,8.819053049166968,0.577833205582662,0.06765302625046313
b6,MAY2024,dwell_h_mean,mean dwell (h),200,7.051241674158375,0.1736143703915039,0.024621815336123225,6.7561256662539035,7.057712215320912,7.338052147239264,0.5819264809853602,0.08252822805918333
b6,MAY2024,req_soc_mean,mean required SoC (%),200,56.942818829588084,4.049378348154635,0.07111306449849539,50.58597483004403,57.055317221849116,64.4777619504292,13.891787120385167,0.2439602992250684
b6,MAY2024,peak_concurrency,peak concurrent EVs,200,13.95,1.298433536320287,0.09307767285450087,12.0,14.0,16.0,4.0,0.28673835125448033
b6,NOV2024,bl_peak_kw,building peak (kW),200,250.0,2.1034728259487803e-14,8.41389130379512e-17,250.0,250.0,250.00000000000003,2.842170943040401e-14,1.1368683772161603e-16
b6,NOV2024,bl_mean_kw,building mean (kW),200,76.3083675640714,3.1059457864087126,0.04070255838982327,71.07601005565509,76.82059154695503,81.13912067897942,10.063110623324334,0.13187427466424262
b6,NOV2024,bl_energy_mwh,building energy (MWh),200,54.942024646131415,2.2362809662142733,0.04070255838982327,51.174727240071675,55.31082591380762,58.42016688886519,7.245439648793514,0.13187427466424248
b6,NOV2024,bl_load_factor,load factor,200,0.30523347025628567,0.01242378314563485,0.040702558389823264,0.2843040402226204,0.3072823661878201,0.3245564827159177,0.04025244249329729,0.13187427466424245
b6,NOV2024,pv_energy_mwh,PV energy (MWh),200,21.49092046255215,1.0443677082952563,0.048595764435267585,19.701118188873817,21.595354545941987,23.136362277239442,3.435244088365625,0.15984629854973056
b6,NOV2024,pv_capacity_factor,PV capacity factor,200,0.11939400256973415,0.005802042823862535,0.0485957644352676,0.10945065660485452,0.11997419192189991,0.12853534598466357,0.019084689379809047,0.15984629854973076
b6,NOV2024,net_peak_kw,net peak (kW),200,235.5969436481085,8.312869398278199,0.03528428369891945,221.25717674821342,239.0922541235656,245.58203451035217,24.32485776213875,0.10324776453157541
b6,NOV2024,net_min_kw,"net min (kW, <0 export)",200,-124.13363453582875,7.3405296716934165,0.05913409124885259,-135.21441187150083,-124.18939117454931,-110.30086698925248,24.913544882248345,0.2006993912279072
b6,NOV2024,wx_mean_temp_c,mean dry-bulb (degC),200,13.110763722222224,2.7843541559861844,0.2123716218961993,8.546152222222224,12.997872222222222,17.705307222222217,9.159154999999993,0.6985981285343118
b6,NOV2024,wx_mean_ghi,mean GHI (W/m2),200,124.1785519,6.213747868745268,0.05003881728101605,112.93443258333332,124.63924,133.51506466666666,20.58063208333334,0.16573419297002884
b6,NOV2024,n_sessions,EV sessions,200,271.635,26.620009381994727,0.09799918781451111,227.85,273.0,315.09999999999997,87.24999999999997,0.3212030850221804
b6,NOV2024,ev_energy_mwh,EV energy (MWh),200,3.508115742424424,0.40099760750752544,0.11430569483730887,2.8387020343428895,3.514057785247233,4.190790420424839,1.3520883860819493,0.3854172682305899
b6,NOV2024,arr_hour_mean,mean arrival hour,200,8.543639567287022,0.20477934199052403,0.023968630743109686,8.239917281229692,8.562803398058254,8.891098355934867,0.6511810747051747,0.0762182287275437
b6,NOV2024,dwell_h_mean,mean dwell (h),200,7.0246409640897705,0.18616284354199802,0.02650140334483563,6.717970840021402,7.020317185697809,7.331363423273257,0.613392583251855,0.08732013299861743
b6,NOV2024,req_soc_mean,mean required SoC (%),200,57.23100028487639,4.177333270833969,0.0729907436536253,50.275821779343254,57.44306578712566,64.01589471013484,13.740072930791591,0.24008095022624448
b6,NOV2024,peak_concurrency,peak concurrent EVs,200,13.825,1.3278520078585072,0.09604716150875278,12.0,14.0,16.0,4.0,0.28933092224231466
b6,OCT2024,bl_peak_kw,building peak (kW),200,250.0,2.4839648782488596e-14,9.935859512995438e-17,250.0,250.0,250.00000000000009,8.526512829121202e-14,3.410605131648481e-16
b6,OCT2024,bl_mean_kw,building mean (kW),200,80.45989425635403,1.7019388976271261,0.021152636519811502,77.84598698058515,80.38992654988644,82.98547848265969,5.139491502074534,0.06387643868508641
b6,OCT2024,bl_energy_mwh,building energy (MWh),200,59.86216132672738,1.266242539834582,0.021152636519811512,57.91741431355535,59.81010535311552,61.741195991098806,3.823781677543458,0.06387643868508651
b6,OCT2024,bl_load_factor,load factor,200,0.32183957702541605,0.0068077555905085,0.021152636519811495,0.3113839479223406,0.32155970619954577,0.33194191393063877,0.02055796600829818,0.06387643868508655
b6,OCT2024,pv_energy_mwh,PV energy (MWh),200,29.87194314411561,1.4346121846576172,0.04802540556991578,27.408959673537932,30.02327330249704,32.13705101300165,4.72809133946372,0.15827866693014558
b6,OCT2024,pv_capacity_factor,PV capacity factor,200,0.16060184486083665,0.007712968734718373,0.04802540556991577,0.14735999824482757,0.1614154478628873,0.17277984415592285,0.02541984591109528,0.1582786669301456
b6,OCT2024,net_peak_kw,net peak (kW),200,196.69080406234133,5.033908192100567,0.02559300225599294,186.49069909532858,197.66466319902685,202.28355565618054,15.792856560851959,0.08029280594046684
b6,OCT2024,net_min_kw,"net min (kW, <0 export)",200,-133.21663828155457,8.024532875911241,0.06023671651998393,-145.09331049767698,-133.82235723350837,-118.85261866571062,26.24069183196636,0.19697758606178323
b6,OCT2024,wx_mean_temp_c,mean dry-bulb (degC),200,16.94668666129032,2.7843541559861844,0.16430079883085438,12.382075161290322,16.833795161290322,21.54123016129032,9.159154999999997,0.5404687761721215
b6,OCT2024,wx_mean_ghi,mean GHI (W/m2),200,178.28035529032258,8.920938123167074,0.05003881728101605,162.13742596774196,178.94175483870967,191.68457677419357,29.54715080645161,0.16573419297002878
b6,OCT2024,n_sessions,EV sessions,200,298.215,28.09368345823054,0.09420613804882566,254.0,297.5,345.0,91.0,0.3051489697030666
b6,OCT2024,ev_energy_mwh,EV energy (MWh),200,3.8360573418827117,0.4140362753748531,0.10793276493923493,3.198954485934709,3.8178436364264847,4.520767557120936,1.3218130711862273,0.34457594174999745
b6,OCT2024,arr_hour_mean,mean arrival hour,200,8.54375322284873,0.1845226497819716,0.021597375880251197,8.255014822134386,8.542529252925291,8.857305470200371,0.6022906480659849,0.07049485540561576
b6,OCT2024,dwell_h_mean,mean dwell (h),200,7.045602830139464,0.18077468683778333,0.02565780263180191,6.75475,7.043682644497942,7.323123219655009,0.5683732196550091,0.08067063008769661
b6,OCT2024,req_soc_mean,mean required SoC (%),200,57.072723823925514,3.6565226921285414,0.06406777961761984,50.966318592253046,57.25299799484271,63.38793356938444,12.42161497713139,0.2176453854813937
b6,OCT2024,peak_concurrency,peak concurrent EVs,200,13.86,1.311104486634979,0.09459628330699704,12.0,14.0,16.0,4.0,0.28860028860028863
b6,SEP2024,bl_peak_kw,building peak (kW),200,250.0,2.132223218654703e-14,8.528892874618812e-17,250.0,250.0,250.00000000000003,2.842170943040401e-14,1.1368683772161603e-16
b6,SEP2024,bl_mean_kw,building mean (kW),200,81.04513200994187,3.3283375408922438,0.04106770460296066,75.24687791183274,80.98782421365419,86.22368199188135,10.976804080048609,0.13544063422220198
b6,SEP2024,bl_energy_mwh,building energy (MWh),200,58.352495047158136,2.3964030294424155,0.041067704602960664,54.177752096519576,58.31123343383102,62.08105103415457,7.903298937634993,0.1354406342222019
b6,SEP2024,bl_load_factor,load factor,200,0.3241805280397674,0.013313350163568976,0.04106770460296067,0.30098751164733095,0.32395129685461677,0.3448947279675254,0.04390721632019445,0.13544063422220207
b6,SEP2024,pv_energy_mwh,PV energy (MWh),200,36.78688892881366,1.7466386976791226,0.047479924194161804,33.7838242316582,36.96762292056625,39.54886780357446,5.765043571916259,0.15671462686263574
b6,SEP2024,pv_capacity_factor,PV capacity factor,200,0.20437160516007588,0.00970354832043957,0.047479924194161804,0.1876879123981011,0.20537568289203473,0.21971593224208033,0.03202801984397924,0.15671462686263588
b6,SEP2024,net_peak_kw,net peak (kW),200,200.85280786144037,6.993362800176041,0.03481834719980842,186.39501878219204,202.5057095312058,208.93474206541555,22.53972328322351,0.11222010547531247
b6,SEP2024,net_min_kw,"net min (kW, <0 export)",200,-153.9352361553004,8.175523769066208,0.05311015186164512,-165.79804099729395,-154.39166538967623,-139.7474785432406,26.050562454053363,0.16923066547136598
b6,SEP2024,wx_mean_temp_c,mean dry-bulb (degC),200,19.57840261111111,2.784354155986184,0.1422155939527983,15.01379111111111,19.465511111111113,24.17294611111111,9.159154999999998,0.4678193201932627
b6,SEP2024,wx_mean_ghi,mean GHI (W/m2),200,242.11166698333335,12.114981465781222,0.05003881728101604,220.18894015277775,243.00987333333333,260.3151218888889,40.126181736111135,0.16573419297002887
b6,SEP2024,n_sessions,EV sessions,200,272.375,26.297378874678593,0.09654843093044,232.95,272.5,315.0,82.05000000000001,0.3012391005048188
b6,SEP2024,ev_energy_mwh,EV energy (MWh),200,3.5327938113765684,0.4216650016293845,0.11935737666645223,2.8851175847829444,3.5210298685994976,4.257875991813068,1.372758407030124,0.388575863841661
b6,SEP2024,arr_hour_mean,mean arrival hour,200,8.558261473947411,0.21035812488000377,0.024579539374949503,8.235098953544375,8.53726435846843,8.944236407249466,0.7091374537050914,0.08285998924709284
b6,SEP2024,dwell_h_mean,mean dwell (h),200,7.030380880101655,0.19436197415680612,0.027646009152493566,6.71423476005188,7.036705110886924,7.32346394481431,0.6092291847624294,0.08665663996765141
b6,SEP2024,req_soc_mean,mean required SoC (%),200,57.00994717719639,3.9534535489946485,0.06934673236420756,50.031125815262406,57.24351473133919,63.815208365432206,13.7840825501698,0.24178381550375025
b6,SEP2024,peak_concurrency,peak concurrent EVs,200,13.75,1.3552429365561833,0.09856312265863151,12.0,14.0,16.0,4.0,0.2909090909090909
b7,APR2024,bl_peak_kw,building peak (kW),200,200.0,8.54790938178244e-15,4.27395469089122e-17,200.0,200.0,200.0,0.0,0.0
b7,APR2024,bl_mean_kw,building mean (kW),200,68.7872957444446,2.7952768368826413,0.040636527524901184,65.12236535292651,68.25086783974372,73.379596063597,8.257230710670498,0.12004005421796754
b7,APR2024,bl_energy_mwh,building energy (MWh),200,49.526852936000125,2.012599322555502,0.040636527524901184,46.88810305410709,49.14062484461547,52.83330916578985,5.945206111682758,0.1200400542179675
b7,APR2024,bl_load_factor,load factor,200,0.34393647872222305,0.013976384184413207,0.040636527524901184,0.3256118267646326,0.3412543391987186,0.366897980317985,0.04128615355335241,0.1200400542179673
b7,APR2024,pv_energy_mwh,PV energy (MWh),200,30.92366105271031,1.522615705614981,0.04923788625866894,28.271718626771214,30.906830036421937,33.24833362752056,4.976615000749344,0.1609322709968446
b7,APR2024,pv_capacity_factor,PV capacity factor,200,0.2147476461993772,0.01057372017788181,0.04923788625866892,0.19633137935257788,0.21463076414181903,0.23089120574667052,0.034559826394092635,0.1609322709968444
b7,APR2024,net_peak_kw,net peak (kW),200,129.06930093820873,11.53059577880997,0.0893364703689701,116.06428714334069,125.80331333240073,148.78158887147595,32.717301728135254,0.2534863169654765
b7,APR2024,net_min_kw,"net min (kW, <0 export)",200,-115.73834719538985,6.641376594167813,0.057382680460744954,-126.76216513594399,-116.046916943821,-104.1472552154629,22.614909920481082,0.19539686256537359
b7,APR2024,wx_mean_temp_c,mean dry-bulb (degC),200,13.831963499999999,2.6755616539313176,0.19343325001770847,9.515105,13.854400000000002,17.959709999999998,8.444604999999997,0.6105138290742307
b7,APR2024,wx_mean_ghi,mean GHI (W/m2),200,258.3737538875,13.4164211807264,0.051926408850986164,235.2237905,258.47744,278.45999329166665,43.23620279166664,0.16733976319627403
b7,APR2024,n_sessions,EV sessions,200,263.14,29.16269386678534,0.11082577284633785,211.0,266.0,307.09999999999997,96.09999999999997,0.36520483392870706
b7,APR2024,ev_energy_mwh,EV energy (MWh),200,3.3947260038247897,0.4356410329020018,0.12832877599286988,2.6838043147759567,3.4147160520835778,4.050703047934677,1.3668987331587203,0.4026536255411055
b7,APR2024,arr_hour_mean,mean arrival hour,200,8.60163948092319,0.21368206271824294,0.02484201566365916,8.285104922141638,8.586425842170929,8.990398723558245,0.705293801416607,0.08199527578211285
b7,APR2024,dwell_h_mean,mean dwell (h),200,7.019204999241347,0.20674960865614012,0.029454846906235982,6.645767941519391,7.0219329028635595,7.365090224831655,0.7193222833122643,0.10247916728319097
b7,APR2024,req_soc_mean,mean required SoC (%),200,56.72813354081385,4.23111923042993,0.07458590590479752,49.81331658776142,56.591005514588275,64.01375182067244,14.200435232911019,0.2503243866236903
b7,APR2024,peak_concurrency,peak concurrent EVs,200,13.075,1.5035552507173784,0.11499466544683583,11.0,13.0,16.0,5.0,0.38240917782026773
b7,AUG2024,bl_peak_kw,building peak (kW),200,200.0,1.3812509377695601e-14,6.9062546888478e-17,200.0,200.0,200.00000000000003,2.842170943040401e-14,1.4210854715202004e-16
b7,AUG2024,bl_mean_kw,building mean (kW),200,71.29701569836998,3.5518781684838574,0.049818048254789186,64.4991555918363,72.03820617042845,76.43848805642979,11.939332464593491,0.16745907732105053
b7,AUG2024,bl_energy_mwh,building energy (MWh),200,53.04497967958727,2.64259735735199,0.04981804825478918,47.98737176032621,53.596425390798764,56.87023511398376,8.882863353657548,0.16745907732105034
b7,AUG2024,bl_load_factor,load factor,200,0.35648507849184985,0.017759390842419287,0.049818048254789186,0.3224957779591815,0.3601910308521422,0.3821924402821489,0.059696662322967387,0.16745907732105034
b7,AUG2024,pv_energy_mwh,PV energy (MWh),200,35.65226531899258,1.7599461676667478,0.04936421716600414,32.604788739566494,35.635456312748175,38.375851775009,5.771063035442502,0.1618708652537755
b7,AUG2024,pv_capacity_factor,PV capacity factor,200,0.23959855725129423,0.011827595212814165,0.04936421716600414,0.21911820389493614,0.2394855934996517,0.2579022296707594,0.03878402577582324,0.1618708652537754
b7,AUG2024,net_peak_kw,net peak (kW),200,124.1061562100648,11.464781531626398,0.09237883020259574,105.16625542437872,123.82840513381464,143.21410595933156,38.04785053495284,0.3065750458869439
b7,AUG2024,net_min_kw,"net min (kW, <0 export)",200,-131.2377625344952,7.53263547304229,0.05739685992484345,-142.82314139846008,-131.00066053464707,-118.579753117484,24.243388280976077,0.1847287534683763
b7,AUG2024,wx_mean_temp_c,mean dry-bulb (degC),200,20.161358661290322,2.6755616539313176,0.1327074082099625,15.84450016129032,20.183795161290323,24.28910516129032,8.444605,0.4188509882626902
b7,AUG2024,wx_mean_ghi,mean GHI (W/m2),200,299.53533111491936,15.553794068788822,0.05192640885098617,272.6973421774194,299.65553548387095,322.8215135551075,50.12417137768813,0.167339763196274
b7,AUG2024,n_sessions,EV sessions,200,262.76,29.769675306244036,0.11329606982129714,213.85,263.0,309.09999999999997,95.24999999999997,0.36249809712284964
b7,AUG2024,ev_energy_mwh,EV energy (MWh),200,3.4008904020675352,0.4300655918134618,0.12645676307357862,2.695286511286923,3.4192335809448355,4.102223675053861,1.4069371637669383,0.41369670804787056
b7,AUG2024,arr_hour_mean,mean arrival hour,200,8.626031536792796,0.22357066003078627,0.0259181361761994,8.279878738024891,8.625908095735682,9.002758890498578,0.722880152473687,0.08380216898006584
b7,AUG2024,dwell_h_mean,mean dwell (h),200,7.001627838826125,0.2021769897167511,0.02887571210163715,6.680377777777777,6.99441437007874,7.319200191255028,0.6388224134772509,0.09123912726906008
b7,AUG2024,req_soc_mean,mean required SoC (%),200,56.969157456890336,3.859016035169501,0.06773868892285607,51.22577748662393,56.728943779953696,63.48367041762254,12.257892930998608,0.21516717954402595
b7,AUG2024,peak_concurrency,peak concurrent EVs,200,13.01,1.326157406696763,0.10193369767077348,11.0,13.0,15.0,4.0,0.3074558032282859
b7,DEC2024,bl_peak_kw,building peak (kW),200,200.0,1.0469008176458094e-14,5.234504088229047e-17,200.0,200.0,200.00000000000003,2.842170943040401e-14,1.4210854715202004e-16
b7,DEC2024,bl_mean_kw,building mean (kW),200,76.74107987110968,2.1358389609057093,0.027831755358315953,73.98239705699866,76.40398712550618,79.85491282729892,5.872515770300254,0.07652375729092457
b7,DEC2024,bl_energy_mwh,building energy (MWh),200,57.0953634241056,1.5890641869138478,0.027831755358315953,55.042903410407014,56.8445664213766,59.4120551435104,4.3691517331033864,0.07652375729092453
b7,DEC2024,bl_load_factor,load factor,200,0.38370539935554837,0.010679194804528547,0.027831755358315956,0.36991198528499336,0.3820199356275308,0.39927456413649465,0.029362578851501286,0.07652375729092462
b7,DEC2024,pv_energy_mwh,PV energy (MWh),200,14.717436531322605,0.7553964156385684,0.051326629744988854,13.410517632118479,14.69257090618634,15.888245680254352,2.477728048135873,0.16835323480842682
b7,DEC2024,pv_capacity_factor,PV capacity factor,200,0.09890750357071644,0.005076588814775327,0.05132662974498887,0.09012444645240912,0.09874039587490821,0.10677584462536527,0.016651398172956147,0.1683532348084269
b7,DEC2024,net_peak_kw,net peak (kW),200,199.76016145598402,1.3135462433495069,0.006575616648362287,199.55399101995255,200.0,200.00000000000003,0.44600898004748046,0.002232722364643042
b7,DEC2024,net_min_kw,"net min (kW, <0 export)",200,-76.9922490042201,5.725961704326193,0.07437062533414683,-85.96023270407221,-77.26480806287682,-67.10356590820744,18.85666679586477,0.24491643041666697
b7,DEC2024,wx_mean_temp_c,mean dry-bulb (degC),200,9.97305220967742,2.6755616539313176,0.2682791183360163,5.65619370967742,9.99548870967742,14.100798709677418,8.444605,0.8467422833509003
b7,DEC2024,wx_mean_ghi,mean GHI (W/m2),200,98.68659034274195,5.124440238247002,0.051926408850986164,89.84439596774192,98.7261935483871,106.35858662634408,16.51419065860216,0.16733976319627422
b7,DEC2024,n_sessions,EV sessions,200,263.095,28.797961524033234,0.1094584143523565,215.0,264.0,306.0,91.0,0.3458826659571637
b7,DEC2024,ev_energy_mwh,EV energy (MWh),200,3.3911056920835665,0.42060714592605214,0.12403244962489574,2.739879803295329,3.4115328374244367,4.059464377541883,1.3195845742465542,0.38913106640323375
b7,DEC2024,arr_hour_mean,mean arrival hour,200,8.620629552942905,0.20577607629543132,0.023870191269868873,8.327737608650661,8.614732669927475,8.954671591006976,0.6269339823563147,0.07272484898069798
b7,DEC2024,dwell_h_mean,mean dwell (h),200,6.980888663663714,0.2057410948563973,0.02947204930044252,6.622122622457223,6.9841800029364265,7.304445424836602,0.682322802379379,0.09774153911534839
b7,DEC2024,req_soc_mean,mean required SoC (%),200,57.174302663496164,4.14721810080917,0.0725364002289271,50.79985597550925,56.95980022489496,64.15124789249887,13.35139191698962,0.23352085281337462
b7,DEC2024,peak_concurrency,peak concurrent EVs,200,13.04,1.2353259289571188,0.0947335835089815,11.0,13.0,15.0,4.0,0.3067484662576687
b7,FEB2024,bl_peak_kw,building peak (kW),200,200.0,9.45006938711038e-15,4.7250346935551906e-17,200.0,200.0,200.00000000000003,2.842170943040401e-14,1.4210854715202004e-16
b7,FEB2024,bl_mean_kw,building mean (kW),200,67.95377018257847,3.2724756343089543,0.04815738148915731,63.478468237782415,67.2408561464838,73.63286129220135,10.15439305441894,0.1494309002596335
b7,FEB2024,bl_energy_mwh,building energy (MWh),200,47.29582404707461,2.2776430414790325,0.04815738148915732,44.18101389349656,46.79963587795272,51.24847145937214,7.0674575658755785,0.14943090025963343
b7,FEB2024,bl_load_factor,load factor,200,0.33976885091289233,0.016362378171544765,0.04815738148915729,0.31739234118891213,0.3362042807324189,0.36816430646100673,0.0507719652720946,0.1494309002596332
b7,FEB2024,pv_energy_mwh,PV energy (MWh),200,20.148525790049394,1.0186641407006027,0.05055775054290488,18.38578359281706,20.122162497576248,21.72065506852416,3.3348714757071,0.1655144158166683
b7,FEB2024,pv_capacity_factor,PV capacity factor,200,0.14474515653771117,0.007317989516527318,0.05055775054290487,0.1320817786840306,0.1445557650687949,0.15603918871066205,0.02395741002663146,0.16551441581666823
b7,FEB2024,net_peak_kw,net peak (kW),200,175.84341658769804,5.017949277256598,0.02853646371659303,164.19750490554978,177.38739877466926,180.39709820393938,16.1995932983896,0.09212510546455636
b7,FEB2024,net_min_kw,"net min (kW, <0 export)",200,-109.09130608522389,7.1997379111914634,0.06599735734731155,-120.51768815546515,-108.4498286056365,-97.66235852836597,22.85532962709918,0.20950642583052612
b7,FEB2024,wx_mean_temp_c,mean dry-bulb (degC),200,10.860598557471265,2.6755616539313176,0.2463548983762718,6.543740057471264,10.883035057471265,14.988345057471264,8.444605,0.7775450823740054
b7,FEB2024,wx_mean_ghi,mean GHI (W/m2),200,154.76878740301723,8.036587332060433,0.051926408850986185,140.90169870689652,154.83089655172415,166.80067094109197,25.89897223419544,0.16733976319627442
b7,FEB2024,n_sessions,EV sessions,200,250.745,27.92775991499044,0.11137912985299982,204.0,250.0,296.15,92.14999999999998,0.3675048355899419
b7,FEB2024,ev_energy_mwh,EV energy (MWh),200,3.2341375907773005,0.4102106271376882,0.12683771658555107,2.597514546511215,3.199359047655424,3.9395726382398935,1.3420580917286786,0.41496629443218125
b7,FEB2024,arr_hour_mean,mean arrival hour,200,8.594132791461892,0.20052828804311007,0.023333161461308944,8.26967245980728,8.599990443425076,8.93968016098485,0.6700077011775694,0.07796105988066758
b7,FEB2024,dwell_h_mean,mean dwell (h),200,7.024420221712676,0.1995455255177334,0.028407401496415706,6.675719062875451,7.029870436194488,7.341503314150652,0.665784251275201,0.09478138127574481
b7,FEB2024,req_soc_mean,mean required SoC (%),200,57.33146712369185,4.367004757600939,0.07617116701687027,51.10794891358667,57.203173781155975,65.04839810384091,13.940449190254242,0.24315528434285336
b7,FEB2024,peak_concurrency,peak concurrent EVs,200,13.095,1.4056508355053128,0.1073425609396955,11.0,13.0,15.0,4.0,0.30546009927453227
b7,JAN2024,bl_peak_kw,building peak (kW),200,200.0,8.782142048194928e-15,4.391071024097464e-17,200.0,200.0,200.00000000000003,2.842170943040401e-14,1.4210854715202004e-16
b7,JAN2024,bl_mean_kw,building mean (kW),200,59.099317343295496,4.185109717614323,0.07081485718868633,56.08203132727721,56.623579981867465,68.47786136411459,12.395830036837381,0.20974573978295913
b7,JAN2024,bl_energy_mwh,building energy (MWh),200,43.96989210341186,3.1137216299050565,0.07081485718868631,41.72503130749424,42.127943506509396,50.94752885490126,9.222497547407016,0.2097457397829592
b7,JAN2024,bl_load_factor,load factor,200,0.2954965867164775,0.020925548588071618,0.07081485718868633,0.28041015663638597,0.28311789990933733,0.34238930682057295,0.06197915018418698,0.20974573978295938
b7,JAN2024,pv_energy_mwh,PV energy (MWh),200,16.77696887197023,0.8564351303418652,0.05104826365701473,15.294935506995262,16.749775254562973,18.10328769512705,2.8083521881317886,0.16739330027748842
b7,JAN2024,pv_capacity_factor,PV capacity factor,200,0.11274844672023004,0.0057556124350931805,0.051048263657014724,0.10278854507389289,0.11256569391507373,0.12166187967155277,0.018873334597659885,0.16739330027748853
b7,JAN2024,net_peak_kw,net peak (kW),200,182.4200498835791,3.7130645766804062,0.02035447627083806,179.57649285766198,181.29802739433404,192.5402376079913,12.963744750329312,0.07106535031978559
b7,JAN2024,net_min_kw,"net min (kW, <0 export)",200,-94.69609904833635,6.514999522456154,0.06879902749880605,-105.35086882728586,-94.7335315388143,-84.36825254668032,20.98261628060554,0.2215784651265861
b7,JAN2024,wx_mean_temp_c,mean dry-bulb (degC),200,8.754235005376344,2.6755616539313176,0.3056305493613254,4.437376505376345,8.776671505376346,12.881981505376341,8.444604999999996,0.9646308323701395
b7,JAN2024,wx_mean_ghi,mean GHI (W/m2),200,113.11331698588711,5.873568344300369,0.051926408850986136,102.9785060483871,113.15870967741935,121.90686172715051,18.92835567876341,0.16733976319627386
b7,JAN2024,n_sessions,EV sessions,200,274.58,31.359058543964917,0.11420736595514938,222.0,275.0,324.0,102.0,0.371476436739748
b7,JAN2024,ev_energy_mwh,EV energy (MWh),200,3.5341474444690473,0.4322053276364426,0.12229408490379919,2.8262867218771173,3.534615917640057,4.201690750393197,1.3754040285160793,0.38917562159682706
b7,JAN2024,arr_hour_mean,mean arrival hour,200,8.601416075473622,0.18619906376608003,0.02164748945200018,8.291602242191974,8.622921474141442,8.897243401353,0.605641159161026,0.07041179659800115
b7,JAN2024,dwell_h_mean,mean dwell (h),200,7.01284692955921,0.18256295975131004,0.026032645740748397,6.724664855072463,7.0119149516237425,7.2749999999999995,0.5503351449275362,0.07847528264275509
b7,JAN2024,req_soc_mean,mean required SoC (%),200,57.226010936369036,3.9775626736815113,0.06950620196302444,51.42010189679548,57.096697478051084,64.06663008542569,12.646528188630207,0.22099265669054205
b7,JAN2024,peak_concurrency,peak concurrent EVs,200,13.115,1.4909357622768933,0.1136817203413567,11.0,13.0,15.0,4.0,0.30499428135722456
b7,JUL2024,bl_peak_kw,building peak (kW),200,200.0,1.0469008176458094e-14,5.234504088229047e-17,200.0,200.0,200.00000000000003,2.842170943040401e-14,1.4210854715202004e-16
b7,JUL2024,bl_mean_kw,building mean (kW),200,70.02714191812282,2.4675348279232026,0.035236834751992234,66.63762909003731,69.86874333768533,73.97273909524654,7.335110005209231,0.10474667113767962
b7,JUL2024,bl_energy_mwh,building energy (MWh),200,52.100193587083375,1.8358459119748625,0.035236834751992234,49.57839604298776,51.982345043237885,55.03571788686343,5.457321843875668,0.10474667113767964
b7,JUL2024,bl_load_factor,load factor,200,0.35013570959061413,0.012337674139616015,0.03523683475199224,0.33318814545018655,0.3493437166884267,0.3698636954762327,0.036675550026046166,0.10474667113767966
b7,JUL2024,pv_energy_mwh,PV energy (MWh),200,37.91221934893135,1.866532428680832,0.049233003520629946,34.677355980228285,37.89761136505025,40.80331886184442,6.1259628816161324,0.16158280857247698
b7,JUL2024,pv_capacity_factor,PV capacity factor,200,0.25478642035572147,0.012543900730381936,0.049233003520629946,0.2330467471789535,0.25468824842103666,0.27421585256615866,0.04116910538720517,0.16158280857247687
b7,JUL2024,net_peak_kw,net peak (kW),200,126.48163394942665,8.20752818499057,0.06489106701667317,114.8314857207416,125.50045201739978,141.42245475891784,26.59096903817624,0.21023581217181753
b7,JUL2024,net_min_kw,"net min (kW, <0 export)",200,-133.74816420259674,7.0744271950737465,0.05289363960433631,-144.95628122040574,-133.71994546008426,-121.9072760400794,23.049005180326347,0.17233137604350646
b7,JUL2024,wx_mean_temp_c,mean dry-bulb (degC),200,20.53783715591398,2.675561653931318,0.13027475257592427,16.220978655913974,20.56027365591398,24.665583655913974,8.444605,0.4111730429982658
b7,JUL2024,wx_mean_ghi,mean GHI (W/m2),200,326.3042531875,16.94380806082983,0.051926408850986164,297.0678025,326.4352,351.6714789583333,54.60367645833327,0.16733976319627394
b7,JUL2024,n_sessions,EV sessions,200,275.11,31.34790833187949,0.11394681520802402,224.0,273.5,328.04999999999995,104.04999999999995,0.378212351423067
b7,JUL2024,ev_energy_mwh,EV energy (MWh),200,3.5581596513026694,0.4733772472827323,0.1330399121100216,2.8405758885541426,3.5096195957536693,4.472474167777536,1.6318982792233934,0.45863548551733563
b7,JUL2024,arr_hour_mean,mean arrival hour,200,8.604592483021031,0.2096251119995925,0.024362003478169848,8.276425094966761,8.607601503759398,8.962177580474423,0.6857524855076615,0.0796961026173894
b7,JUL2024,dwell_h_mean,mean dwell (h),200,7.012309836436235,0.18411271010869174,0.026255643918076027,6.730293936659009,7.014250194513041,7.326722055638847,0.5964281189798379,0.08505444466825669
b7,JUL2024,req_soc_mean,mean required SoC (%),200,56.72366084342456,4.022361414155571,0.07091152711843783,50.653471364444506,56.45872078768302,64.58270687341688,13.929235508972376,0.24556305608380105
b7,JUL2024,peak_concurrency,peak concurrent EVs,200,13.125,1.3925050634589426,0.1060956238825861,11.0,13.0,15.0,4.0,0.3047619047619048
b7,JUN2024,bl_peak_kw,building peak (kW),200,200.0,1.1035303560177843e-14,5.5176517800889214e-17,200.0,200.0,200.00000000000003,2.842170943040401e-14,1.4210854715202004e-16
b7,JUN2024,bl_mean_kw,building mean (kW),200,63.31774201902308,1.2720424695208923,0.020089826784074546,61.99893464383436,63.05981489629707,65.34390874841205,3.3449741045776875,0.05282838581913943
b7,JUN2024,bl_energy_mwh,building energy (MWh),200,45.58877425369662,0.9158705780550427,0.02008982678407455,44.63923294356074,45.40306672533389,47.04761429885667,2.40838135529593,0.05282838581913931
b7,JUN2024,bl_load_factor,load factor,200,0.3165887100951154,0.0063602123476044605,0.020089826784074543,0.30999467321917185,0.3152990744814853,0.32671954374206025,0.016724870522888402,0.05282838581913931
b7,JUN2024,pv_energy_mwh,PV energy (MWh),200,37.322996815317325,1.8249841930222206,0.048897043344419994,34.14535126725226,37.31360479090144,40.1277089590008,5.98235769174854,0.16028610246252747
b7,JUN2024,pv_capacity_factor,PV capacity factor,200,0.25918747788414814,0.01267350134043209,0.048897043344419994,0.23712049491147405,0.2591222554923711,0.27866464554861664,0.04154415063714259,0.16028610246252728
b7,JUN2024,net_peak_kw,net peak (kW),200,118.66417972370996,6.124415869062518,0.051611327726043474,110.45373993207951,117.51164486789061,129.90606604908348,19.452326117003963,0.16392753198391888
b7,JUN2024,net_min_kw,"net min (kW, <0 export)",200,-137.64154753200668,6.828320163203421,0.049609440504260444,-148.48739014096762,-137.8971818961769,-125.43837852180884,23.049011619158776,0.16745678926487687
b7,JUN2024,wx_mean_temp_c,mean dry-bulb (degC),200,18.410435722222225,2.675561653931318,0.14532853509283294,14.09357722222222,18.432872222222223,22.53818222222222,8.444604999999997,0.45868577623108503
b7,JUN2024,wx_mean_ghi,mean GHI (W/m2),200,332.28947796666665,17.254599289777893,0.05192640885098617,302.51675866666665,332.42282666666665,358.1220012222222,55.60524255555555,0.16733976319627414
b7,JUN2024,n_sessions,EV sessions,200,239.91,26.631335681880564,0.11100552574665735,198.95,239.0,282.04999999999995,83.09999999999997,0.34637989245967227
b7,JUN2024,ev_energy_mwh,EV energy (MWh),200,3.1192423734122507,0.40857897519742925,0.13098660709410345,2.52164152815176,3.127658164833397,3.7806097184622107,1.2589681903104508,0.40361345467784876
b7,JUN2024,arr_hour_mean,mean arrival hour,200,8.594651258436736,0.2253768109919584,0.026222915184687987,8.26860730141113,8.581653913175241,8.984759896116241,0.7161525947051111,0.08332538146933151
b7,JUN2024,dwell_h_mean,mean dwell (h),200,7.034856722330887,0.21311430007113377,0.030294049826862963,6.692334457388106,7.023000366905155,7.380924339224585,0.6885898818364788,0.09788257373468234
b7,JUN2024,req_soc_mean,mean required SoC (%),200,57.28560017477425,4.13061944334464,0.0721057199495583,50.72314514051739,57.381645246271866,64.1321396569803,13.408994516462911,0.23407268974319956
b7,JUN2024,peak_concurrency,peak concurrent EVs,200,12.985,1.387226363981244,0.10683298913987248,11.0,13.0,15.0,4.0,0.30804774740084717
b7,MAR2024,bl_peak_kw,building peak (kW),200,200.0,5.698606254521627e-15,2.8493031272608136e-17,200.0,200.0,200.0,0.0,0.0
b7,MAR2024,bl_mean_kw,building mean (kW),200,64.58965936457342,2.527994017401677,0.03913929942148369,61.57775190536807,63.8179866846384,69.31150536718488,7.733753461816811,0.11973671231433483
b7,MAR2024,bl_energy_mwh,building energy (MWh),200,48.054706567242626,1.8808275489468482,0.0391392994214837,45.81384741759384,47.48058209337097,51.56775999318555,5.7539125755917055,0.1197367123143348
b7,MAR2024,bl_load_factor,load factor,200,0.32294829682286713,0.012639970087008384,0.039139299421483684,0.30788875952684036,0.319089933423192,0.3465575268359244,0.03866876730908403,0.11973671231433475
b7,MAR2024,pv_energy_mwh,PV energy (MWh),200,27.659569356152023,1.3838502076940478,0.05003151675556557,25.2640991399551,27.630752280167542,29.78979000445301,4.525690864497911,0.16362116149473996
b7,MAR2024,pv_capacity_factor,PV capacity factor,200,0.18588420266231195,0.009300068600094408,0.05003151675556558,0.16978561249969823,0.18569053951725495,0.20020020164282937,0.030414589143131138,0.16362116149474007
b7,MAR2024,net_peak_kw,net peak (kW),200,148.21350403787562,7.2351200768334705,0.04881552543946705,140.4411409523305,145.6385032256564,163.7420678269495,23.300926874618995,0.1572119020184861
b7,MAR2024,net_min_kw,"net min (kW, <0 export)",200,-127.20848310022667,7.304950162525829,0.057425023744448786,-138.62016877059588,-127.03509483704343,-114.67063708659605,23.949531683999837,0.18826992587538496
b7,MAR2024,wx_mean_temp_c,mean dry-bulb (degC),200,12.403831779569893,2.675561653931318,0.21570444532617597,8.086973279569893,12.426268279569893,16.531578279569892,8.444605,0.6808061532976399
b7,MAR2024,wx_mean_ghi,mean GHI (W/m2),200,211.16542646370965,10.965062269747445,0.051926408850986185,192.24526983870967,211.2501677419355,227.58164229838707,35.33637245967739,0.16733976319627403
b7,MAR2024,n_sessions,EV sessions,200,250.33,27.990865344136253,0.11181586443549016,202.95,250.0,292.15,89.19999999999999,0.35632964486877317
b7,MAR2024,ev_energy_mwh,EV energy (MWh),200,3.235673699240467,0.4222364269505097,0.1304941308048535,2.550100707638877,3.2440494985584696,3.9051967097289326,1.3550960020900558,0.4187987195396579
b7,MAR2024,arr_hour_mean,mean arrival hour,200,8.56230462630817,0.20793776287621826,0.02428525635928878,8.210615553306344,8.56738257848071,8.935797191758057,0.7251816384517138,0.08469467860598556
b7,MAR2024,dwell_h_mean,mean dwell (h),200,7.040587415396369,0.19688005754179033,0.027963583991763623,6.703272612745597,7.0397293320558445,7.349062223695844,0.6457896109502475,0.09172382542087804
b7,MAR2024,req_soc_mean,mean required SoC (%),200,57.27076198805694,4.056747133376216,0.07083452345582895,51.33344797070878,57.296166404246485,63.580095780647675,12.246647809938892,0.21383769631863409
b7,MAR2024,peak_concurrency,peak concurrent EVs,200,13.115,1.4289803793695404,0.10895771096984677,11.0,13.0,16.0,5.0,0.38124285169653066
b7,MAY2024,bl_peak_kw,building peak (kW),200,200.0,1.027330852467876e-14,5.13665426233938e-17,200.0,200.0,200.00000000000003,2.842170943040401e-14,1.4210854715202004e-16
b7,MAY2024,bl_mean_kw,building mean (kW),200,62.12650214044457,1.1142860632601186,0.01793576050267788,60.40308151462581,61.97227228611247,63.9118859261538,3.50880441152799,0.056478383469842026
b7,MAY2024,bl_energy_mwh,building energy (MWh),200,46.22211759249076,0.8290288310655283,0.01793576050267788,44.9398926468816,46.10737058086768,47.55044312905843,2.6105504821768264,0.05647838346984207
b7,MAY2024,bl_load_factor,load factor,200,0.31063251070222286,0.005571430316300592,0.017935760502677877,0.302015407573129,0.30986136143056237,0.31955942963076894,0.01754402205763994,0.056478383469842
b7,MAY2024,pv_energy_mwh,PV energy (MWh),200,37.378164125100845,1.8215991750778613,0.048734313675255894,34.19474785130021,37.370870963619325,40.143225716475165,5.948477865174958,0.15914312552285925
b7,MAY2024,pv_capacity_factor,PV capacity factor,200,0.2511973395504089,0.012241929940039392,0.0487343136752559,0.22980341297916804,0.25114832636840945,0.2697797427182471,0.03997632973907908,0.1591431255228595
b7,MAY2024,net_peak_kw,net peak (kW),200,113.24218901412884,4.934142535463119,0.04357159269366916,104.54792922105618,113.50072919944549,120.61244666998287,16.064517448926694,0.14185982793852897
b7,MAY2024,net_min_kw,"net min (kW, <0 export)",200,-137.27508586002895,6.875657828848197,0.05008671300966358,-147.88328026696388,-137.9021183546737,-124.54456898008532,23.338711286878564,0.17001418094668413
b7,MAY2024,wx_mean_temp_c,mean dry-bulb (degC),200,15.981788768817205,2.6755616539313176,0.16741315334812382,11.664930268817205,16.004225268817205,20.109535268817204,8.444605,0.5283892261469912
b7,MAY2024,wx_mean_ghi,mean GHI (W/m2),200,314.7387267237903,16.343251805098344,0.05192640885098618,286.5385326612903,314.8650322580645,339.2068366599462,52.668303998655915,0.16733976319627417
b7,MAY2024,n_sessions,EV sessions,200,275.275,30.165362928415345,0.10958264618441685,223.75,275.5,320.0,96.25,0.3496503496503497
b7,MAY2024,ev_energy_mwh,EV energy (MWh),200,3.54988452919735,0.43827018521865896,0.12346040599741831,2.81758287844387,3.5342343378257115,4.299545920172818,1.4819630417289482,0.41746795692648314
b7,MAY2024,arr_hour_mean,mean arrival hour,200,8.590508363946277,0.20130546411677044,0.023433475131883284,8.279589390976106,8.580311506133576,8.933368708184064,0.6537793172079578,0.07610484612899288
b7,MAY2024,dwell_h_mean,mean dwell (h),200,7.015169557761369,0.17873486452791096,0.025478338485798134,6.705709314398338,7.0226277450226435,7.295532197037728,0.5898228826393899,0.08407820763032418
b7,MAY2024,req_soc_mean,mean required SoC (%),200,57.1101359016975,4.056244523399156,0.07102494958830227,50.40211310125981,56.69271342432404,63.90167528783873,13.49956218657892,0.23637769326648844
b7,MAY2024,peak_concurrency,peak concurrent EVs,200,13.235,1.4422814841066862,0.10897480046140433,11.0,13.0,16.0,5.0,0.37778617302606726
b7,NOV2024,bl_peak_kw,building peak (kW),200,200.0,1.0661116093273515e-14,5.3305580466367577e-17,200.0,200.0,200.00000000000003,2.842170943040401e-14,1.4210854715202004e-16
b7,NOV2024,bl_mean_kw,building mean (kW),200,60.978612014153605,2.5924073146485864,0.04251338672724903,56.0826787121774,61.42362822133005,64.92197424473751,8.839295532560115,0.1449573094662838
b7,NOV2024,bl_energy_mwh,building energy (MWh),200,43.904600650190595,1.866533266546982,0.04251338672724903,40.37952867276773,44.22501231935764,46.74382145621101,6.3642927834432825,0.1449573094662838
b7,NOV2024,bl_load_factor,load factor,200,0.304893060070768,0.012962036573242932,0.04251338672724904,0.280413393560887,0.30711814110665026,0.32460987122368756,0.04419647766280055,0.1449573094662837
b7,NOV2024,pv_energy_mwh,PV energy (MWh),200,17.161149278627366,0.8746735688006206,0.050968239632408895,15.647986818827667,17.136727169530662,18.5129465971236,2.864959778295935,0.16694451704723406
b7,NOV2024,pv_capacity_factor,PV capacity factor,200,0.11917464776824561,0.0060741220055598654,0.05096823963240889,0.10866657513074768,0.11900504978840738,0.12856212914669166,0.019895554015943978,0.16694451704723393
b7,NOV2024,net_peak_kw,net peak (kW),200,188.5645746739942,6.945576351744452,0.03683394064740172,175.96434139308505,191.83536953023048,196.94057196218694,20.976230569101887,0.11124162958693223
b7,NOV2024,net_min_kw,"net min (kW, <0 export)",200,-99.06749111368157,6.109427737134626,0.061669349535903334,-108.40139547069671,-98.78095053509395,-88.62472947379938,19.776665996897336,0.19962821077403978
b7,NOV2024,wx_mean_temp_c,mean dry-bulb (degC),200,13.237935722222222,2.6755616539313176,0.2021132078349582,8.921077222222221,13.260372222222223,17.365682222222222,8.444605000000001,0.6379095032033004
b7,NOV2024,wx_mean_ghi,mean GHI (W/m2),200,123.99312121249999,6.438517506790161,0.05192640885098618,112.8834935,124.04287999999998,133.63247304166666,20.748979541666657,0.16733976319627408
b7,NOV2024,n_sessions,EV sessions,200,250.44,27.955211845856827,0.11162438845973817,205.9,253.0,291.09999999999997,85.19999999999996,0.34020124580737887
b7,NOV2024,ev_energy_mwh,EV energy (MWh),200,3.222746074352226,0.42308930020209523,0.13128223274219222,2.569170989153216,3.200725080086545,3.872166546040218,1.302995556887002,0.4043122004729786
b7,NOV2024,arr_hour_mean,mean arrival hour,200,8.593621612130466,0.20571966193739824,0.02393864557022284,8.246303001783238,8.610016657056827,8.909125820344546,0.6628228185613079,0.07712962572446634
b7,NOV2024,dwell_h_mean,mean dwell (h),200,6.992039510007931,0.20649953103418386,0.02953351890226227,6.668998109152529,6.985049640895648,7.334544064980868,0.665545955828339,0.09518624070640928
b7,NOV2024,req_soc_mean,mean required SoC (%),200,57.16528736117662,4.143020824223082,0.07247441612681867,50.51212932095367,57.205358309303875,64.46579544258731,13.953666121633638,0.24409334345636768
b7,NOV2024,peak_concurrency,peak concurrent EVs,200,12.945,1.4220005018057056,0.10984940145273894,11.0,13.0,15.0,4.0,0.3089996137504828
b7,OCT2024,bl_peak_kw,building peak (kW),200,200.0,1.0661116093273515e-14,5.3305580466367577e-17,200.0,200.0,200.00000000000003,2.842170943040401e-14,1.4210854715202004e-16
b7,OCT2024,bl_mean_kw,building mean (kW),200,64.4739412347441,1.3882264472893737,0.021531589673337327,62.18614259901253,64.43486221269649,66.16725678488586,3.981114185873338,0.06174764733830125
b7,OCT2024,bl_energy_mwh,building energy (MWh),200,47.96861227864961,1.0328404767832944,0.021531589673337334,46.26649009366532,47.93953748624618,49.228439047955085,2.961948954289767,0.06174764733830133
b7,OCT2024,bl_load_factor,load factor,200,0.3223697061737205,0.006941132236446869,0.021531589673337327,0.31093071299506264,0.32217431106348243,0.3308362839244293,0.01990557092936668,0.061747647338301216
b7,OCT2024,pv_energy_mwh,PV energy (MWh),200,23.853768268232432,1.2018211601705486,0.050382863900421536,21.774932529498333,23.8296613437614,25.702622252793983,3.92768972329565,0.1646569916806982
b7,OCT2024,pv_capacity_factor,PV capacity factor,200,0.16030758244779864,0.008076755108673042,0.050382863900421536,0.14633691216060704,0.1601455735467836,0.1727326764300671,0.026395764269460054,0.16465699168069842
b7,OCT2024,net_peak_kw,net peak (kW),200,157.56562945568362,3.8087553742176343,0.024172501245196192,149.01801547018275,158.2972662735515,162.19801166825235,13.179996198069603,0.08364765998524167
b7,OCT2024,net_min_kw,"net min (kW, <0 export)",200,-106.19254841545131,6.700816708007067,0.06310063001588236,-116.67937554660196,-105.88775388166141,-94.8140178442162,21.865357702385765,0.20590293790523906
b7,OCT2024,wx_mean_temp_c,mean dry-bulb (degC),200,17.073858661290323,2.6755616539313176,0.15670515417802558,12.757000161290323,17.09629516129032,21.20160516129032,8.444604999999997,0.49459264994066743
b7,OCT2024,wx_mean_ghi,mean GHI (W/m2),200,178.01413662096778,9.24363483943568,0.05192640885098616,162.06429387096773,178.08557419354838,191.85313733870967,29.78884346774194,0.16733976319627414
b7,OCT2024,n_sessions,EV sessions,200,275.485,29.82865262776614,0.10827686671784721,225.95,276.0,323.0,97.05000000000001,0.35228778336388555
b7,OCT2024,ev_energy_mwh,EV energy (MWh),200,3.552021684514417,0.4360405907985005,0.122758425912625,2.9192985245778016,3.5269881196627137,4.2317805071143795,1.3124819825365779,0.3695028068827801
b7,OCT2024,arr_hour_mean,mean arrival hour,200,8.606198974635173,0.18821980386259188,0.02187025938132818,8.28825974137508,8.603357380688124,8.948310016811911,0.6600502754368307,0.07669474960806504
b7,OCT2024,dwell_h_mean,mean dwell (h),200,6.996448349827055,0.1954587920542108,0.027936859143545642,6.685989583333333,7.003391266860369,7.307087011349306,0.6210974280159727,0.08877324564703254
b7,OCT2024,req_soc_mean,mean required SoC (%),200,56.554261066058224,4.014565449917281,0.07098608264420725,50.44324760593334,56.31608175328536,63.220411823619834,12.777164217686497,0.2259275247670927
b7,OCT2024,peak_concurrency,peak concurrent EVs,200,13.08,1.3537960773674433,0.10350122915653237,11.0,13.0,15.0,4.0,0.3058103975535168
b7,SEP2024,bl_peak_kw,building peak (kW),200,200.0,1.0661116093273515e-14,5.3305580466367577e-17,200.0,200.0,200.00000000000003,2.842170943040401e-14,1.4210854715202004e-16
b7,SEP2024,bl_mean_kw,building mean (kW),200,65.03022342157787,2.66836025883409,0.041032617119206964,60.55641524202113,65.246174245645,68.91109086446059,8.354675622439458,0.1284737339479487
b7,SEP2024,bl_energy_mwh,building energy (MWh),200,46.821760863536056,1.9212193863605451,0.041032617119206985,43.60061897425521,46.977245456864395,49.615985422411626,6.0153664481564135,0.1284737339479488
b7,SEP2024,bl_load_factor,load factor,200,0.3251511171078893,0.013341801294170447,0.041032617119206964,0.30278207621010567,0.32623087122822503,0.34455545432230295,0.04177337811219728,0.1284737339479487
b7,SEP2024,pv_energy_mwh,PV energy (MWh),200,29.37587210211341,1.4636217147852486,0.049823940875612344,26.844169810276405,29.355288657277917,31.6255505130922,4.781380702815795,0.1627655746251634
b7,SEP2024,pv_capacity_factor,PV capacity factor,200,0.203999111820232,0.01016403968600867,0.04982394087561234,0.18641784590469723,0.20385617123109664,0.21962187856314028,0.033204032658443045,0.1627655746251635
b7,SEP2024,net_peak_kw,net peak (kW),200,161.04445495415223,5.478449126323379,0.03401824128550741,149.51849962938286,162.5145487623374,167.20427074723565,17.685771117852795,0.10981918702440117
b7,SEP2024,net_min_kw,"net min (kW, <0 export)",200,-122.6949733608826,6.818162571485013,0.0555700236506899,-133.14904986533142,-123.41435201095217,-110.13426770641178,23.014782158919644,0.18757722120551987
b7,SEP2024,wx_mean_temp_c,mean dry-bulb (degC),200,19.705574611111114,2.6755616539313176,0.1357768908917117,15.388716111111112,19.72801111111111,23.833321111111108,8.444604999999996,0.4285388864143272
b7,SEP2024,wx_mean_ghi,mean GHI (W/m2),200,241.75013166041666,12.55321617637853,0.051926408850986164,220.08962391666665,241.84714666666667,260.5440337013889,40.45440978472226,0.1673397631962743
b7,SEP2024,n_sessions,EV sessions,200,250.665,27.200775465593775,0.10851445341628778,208.0,251.0,292.04999999999995,84.04999999999995,0.33530808050585426
b7,SEP2024,ev_energy_mwh,EV energy (MWh),200,3.2229565877282855,0.41247905620129693,0.1279815737425227,2.5639072825649514,3.2644559141466267,3.832374451930431,1.2684671693654797,0.3935725272240059
b7,SEP2024,arr_hour_mean,mean arrival hour,200,8.616182457365538,0.2091787032176446,0.024277422658201524,8.290298487120078,8.599469016766996,8.981095045305572,0.6907965581854949,0.08017431868506544
b7,SEP2024,dwell_h_mean,mean dwell (h),200,7.002498692270512,0.2124877191301713,0.03034455677438672,6.631265259853505,7.015126329787234,7.34598925225828,0.7147239924047755,0.10206699405652171
b7,SEP2024,req_soc_mean,mean required SoC (%),200,57.00332143938379,4.466978706082348,0.07836348116718857,50.32358002800237,56.733321696458745,64.98305846596396,14.659478437961596,0.2571688467934311
b7,SEP2024,peak_concurrency,peak concurrent EVs,200,12.925,1.4560133496544112,0.11265093614347475,11.0,13.0,15.0,4.0,0.3094777562862669
b8,APR2024,bl_peak_kw,building peak (kW),200,150.0,9.010287626384772e-15,6.006858417589848e-17,150.0,150.0,150.00000000000003,2.842170943040401e-14,1.8947806286936006e-16
b8,APR2024,bl_mean_kw,building mean (kW),200,51.748711131682974,2.073047747172972,0.04005989138353159,48.940376084721336,51.267383119954275,55.64075116381483,6.700375079093497,0.12947907170177259
b8,APR2024,bl_energy_mwh,building energy (MWh),200,37.25907201481174,1.49259437796454,0.040059891383531596,35.23707078099936,36.912515846367086,40.06134083794668,4.82427005694732,0.12947907170177264
b8,APR2024,bl_load_factor,load factor,200,0.3449914075445532,0.013820318314486478,0.04005989138353158,0.32626917389814225,0.3417825541330285,0.3709383410920989,0.04466916719395664,0.12947907170177253
b8,APR2024,pv_energy_mwh,PV energy (MWh),200,23.299081351093395,1.1285532610037554,0.048437672026532236,21.524603690332818,23.273259723854746,25.166036252027993,3.6414325616951757,0.15629082137713932
b8,APR2024,pv_capacity_factor,PV capacity factor,200,0.21573223473234626,0.010449567231516254,0.048437672026532236,0.19930188602160015,0.21549314559124766,0.23301885418544438,0.03371696816384423,0.15629082137713937
b8,APR2024,net_peak_kw,net peak (kW),200,97.2634410636374,8.814222884597214,0.09062215759804607,86.82832433127618,94.72531918186748,113.63664849362935,26.808324162353173,0.2756259070128216
b8,APR2024,net_min_kw,"net min (kW, <0 export)",200,-87.1292091337834,4.6396297397230715,0.053249992578253594,-94.38299065404675,-87.55211087886582,-79.1740548580488,15.208935795997945,0.17455610979602987
b8,APR2024,wx_mean_temp_c,mean dry-bulb (degC),200,13.531523000000002,2.348592061454401,0.17356450278763158,9.63042,13.55425,17.491824999999995,7.861404999999994,0.5809697105048702
b8,APR2024,wx_mean_ghi,mean GHI (W/m2),200,259.40012989999997,13.693295963086898,0.05278831575129022,238.59326554166665,258.08910249999997,282.08836,43.49509445833337,0.16767568495474902
b8,APR2024,n_sessions,EV sessions,200,214.03,22.943651753347687,0.10719829815141657,174.95,217.0,250.04999999999998,75.1,0.35088538989861234
b8,APR2024,ev_energy_mwh,EV energy (MWh),200,2.772124774192967,0.3471719919710685,0.12523678414588635,2.149458389015404,2.809701978559178,3.341247091960902,1.191788702945498,0.42991885287431075
b8,APR2024,arr_hour_mean,mean arrival hour,200,8.531303647430015,0.2294633702903439,0.026896636173472484,8.169270885852578,8.527337300005694,8.9350602827051,0.7657893968525222,0.08976229524818402
b8,APR2024,dwell_h_mean,mean dwell (h),200,7.060491660733178,0.2223159471294179,0.031487318137605746,6.6748092090150335,7.076099588771679,7.395438462873339,0.7206292538583057,0.10206502443251576
b8,APR2024,req_soc_mean,mean required SoC (%),200,56.852923032675626,4.575624226457514,0.08048177617583044,48.85019592140891,57.16786508219109,63.26585707844082,14.415661157031906,0.25356059790886487
b8,APR2024,peak_concurrency,peak concurrent EVs,200,10.895,1.1359696895949256,0.10426523080265494,9.0,11.0,12.049999999999983,3.049999999999983,0.27994492886645095
b8,AUG2024,bl_peak_kw,building peak (kW),200,150.0,1.1919490150288284e-14,7.946326766858857e-17,149.99999999999997,150.0,150.00000000000003,5.684341886080802e-14,3.789561257387201e-16
b8,AUG2024,bl_mean_kw,building mean (kW),200,53.3357114106309,2.472059331029773,0.04634904580155354,48.39099553680904,53.81523725872874,56.66185362490737,8.270858088098336,0.15507167466879956
b8,AUG2024,bl_energy_mwh,building energy (MWh),200,39.68176928950939,1.8392121422861514,0.04634904580155354,36.00290067938592,40.03853652049418,42.15641909693108,6.153518417545165,0.15507167466879965
b8,AUG2024,bl_load_factor,load factor,200,0.355571409404206,0.01648039554019849,0.04634904580155354,0.3226066369120602,0.35876824839152494,0.3777456908327158,0.0551390539206556,0.15507167466879965
b8,AUG2024,pv_energy_mwh,PV energy (MWh),200,26.863442478230617,1.3068714479474064,0.04864869604878297,24.823342591043712,26.82494726508451,29.04536926549868,4.22202667445497,0.15716625588386082
b8,AUG2024,pv_capacity_factor,PV capacity factor,200,0.2407118501633568,0.011710317633937335,0.04864869604878297,0.222431385224406,0.24036691097745974,0.2602631654614577,0.03783178023705172,0.1571662558838609
b8,AUG2024,net_peak_kw,net peak (kW),200,92.59392085189684,8.15960708615853,0.08812249239569139,79.14335560395234,91.57842772119852,106.68791833267034,27.54456272871799,0.2974770101028045
b8,AUG2024,net_min_kw,"net min (kW, <0 export)",200,-98.77992192583473,5.388685372918069,0.05455243604023057,-106.91248342425207,-98.66139128736779,-90.1365679769636,16.77591544728847,0.16983122804940104
b8,AUG2024,wx_mean_temp_c,mean dry-bulb (degC),200,19.860918161290325,2.348592061454401,0.1182519379205688,15.959815161290322,19.883645161290325,23.82122016129032,7.861404999999998,0.39582283840845645
b8,AUG2024,wx_mean_ghi,mean GHI (W/m2),200,300.7252193064516,15.87477783112496,0.052788315751290206,276.60360899865594,299.2053318548387,327.02791612903223,50.42430713037629,0.16767568495474872
b8,AUG2024,n_sessions,EV sessions,200,215.2,22.83037736554668,0.1060891141521686,172.95,216.0,251.0,78.05000000000001,0.362685873605948
b8,AUG2024,ev_energy_mwh,EV energy (MWh),200,2.8089067758833117,0.36552173081076783,0.13012953436157484,2.2194996295856604,2.8231968504486087,3.430698906831105,1.2111992772454445,0.43119952845874027
b8,AUG2024,arr_hour_mean,mean arrival hour,200,8.577365491758176,0.23840206590053176,0.027794322875667087,8.14863558272404,8.59716776361854,8.960654623154623,0.8120190404305827,0.09466998243351482
b8,AUG2024,dwell_h_mean,mean dwell (h),200,7.0402329157908845,0.20493464033497497,0.029109071075662424,6.717385500922378,7.022638146167558,7.370531505749508,0.6531460048271294,0.092773351768257
b8,AUG2024,req_soc_mean,mean required SoC (%),200,56.28692417837229,4.997728779321003,0.08879022707802059,48.102792689998104,56.267546562744656,64.65533901844175,16.552546328443647,0.2940744510392665
b8,AUG2024,peak_concurrency,peak concurrent EVs,200,10.88,1.1672240831569178,0.10728162529015788,9.0,11.0,13.0,4.0,0.3676470588235294
b8,DEC2024,bl_peak_kw,building peak (kW),200,150.0,1.2900768596323018e-14,8.600512397548679e-17,149.99999999999997,150.0,150.00000000000003,5.684341886080802e-14,3.789561257387201e-16
b8,DEC2024,bl_mean_kw,building mean (kW),200,57.7198923736431,1.5055585014361554,0.02608387575794659,55.60828286858962,57.60061980837684,59.85353685566543,4.245253987075813,0.07354923601718881
b8,DEC2024,bl_energy_mwh,building energy (MWh),200,42.94359992599047,1.1201355250684994,0.026083875757946583,41.372562454230675,42.854861137432366,44.53103142061508,3.1584689663844046,0.0735492360171888
b8,DEC2024,bl_load_factor,load factor,200,0.38479928249095396,0.010037056676241034,0.026083875757946587,0.37072188579059745,0.3840041320558456,0.3990235790377695,0.028301693247172077,0.0735492360171888
b8,DEC2024,pv_energy_mwh,PV energy (MWh),200,11.09092927147756,0.5649291266919034,0.0509361400531808,10.212251409937718,11.071226413913873,12.038708928639005,1.8264575187012877,0.16468029630288705
b8,DEC2024,pv_capacity_factor,PV capacity factor,200,0.09938108666198531,0.005062088948852183,0.050936140053180805,0.09150762912130571,0.09920453775908489,0.10787373591970435,0.016366106798398644,0.16468029630288714
b8,DEC2024,net_peak_kw,net peak (kW),200,149.80352365824024,0.9576432784619178,0.0063926619019100805,149.35457736498867,150.0,150.00000000000003,0.6454226350113572,0.004308460971077128
b8,DEC2024,net_min_kw,"net min (kW, <0 export)",200,-58.03881897936491,4.229726577848391,0.07287754389613313,-65.13347548289609,-57.57131877412947,-51.47271935681268,13.660756126083406,0.2353727447648503
b8,DEC2024,wx_mean_temp_c,mean dry-bulb (degC),200,9.672611709677419,2.348592061454401,0.24280847117068102,5.77150870967742,9.69533870967742,13.63291370967742,7.8614049999999995,0.8127489488836492
b8,DEC2024,wx_mean_ghi,mean GHI (W/m2),200,99.07861758064517,5.230193349048431,0.05278831575129021,91.13137654569894,98.57786693548388,107.7444516129032,16.613075067204264,0.16767568495474847
b8,DEC2024,n_sessions,EV sessions,200,215.16,23.393818708557273,0.10872754558727121,174.95,216.5,251.04999999999998,76.1,0.3536902770031604
b8,DEC2024,ev_energy_mwh,EV energy (MWh),200,2.794916972455691,0.35830368764066,0.12819832974352885,2.209540250787578,2.8025235576499545,3.385942480209632,1.1764022294220542,0.4209077554058555
b8,DEC2024,arr_hour_mean,mean arrival hour,200,8.550738375580519,0.22067938875734622,0.025808226034323506,8.209175101214575,8.517347756410256,8.927207708528584,0.7180326073140098,0.0839731700088721
b8,DEC2024,dwell_h_mean,mean dwell (h),200,7.050255138844154,0.22881586626537798,0.032454976700728444,6.600469099329287,7.069376289026385,7.380042760074976,0.7795736607456885,0.11057382256289448
b8,DEC2024,req_soc_mean,mean required SoC (%),200,56.584880959840454,4.814698319121298,0.08508807012492253,49.37603796930465,56.21204228441873,64.91919606730669,15.543158098002039,0.2746874754235741
b8,DEC2024,peak_concurrency,peak concurrent EVs,200,10.935,1.056577864579605,0.09662349013073661,9.0,11.0,13.0,4.0,0.36579789666209417
b8,FEB2024,bl_peak_kw,building peak (kW),200,150.0,7.538547484570736e-15,5.025698323047157e-17,150.0,150.0,150.0,0.0,0.0
b8,FEB2024,bl_mean_kw,building mean (kW),200,51.09493667477173,2.4513499438893045,0.04797637698413403,47.506348380163075,50.79394458173799,55.36736752279051,7.861019142627434,0.1538512356452109
b8,FEB2024,bl_energy_mwh,building energy (MWh),200,35.56207592564112,1.7061395609469556,0.04797637698413404,33.0644184725935,35.35258542888964,38.53568779586219,5.471269323268686,0.1538512356452107
b8,FEB2024,bl_load_factor,load factor,200,0.3406329111651448,0.01634233295926203,0.04797637698413404,0.3167089892010871,0.3386262972115866,0.3691157834852701,0.05240679428418299,0.1538512356452112
b8,FEB2024,pv_energy_mwh,PV energy (MWh),200,15.183062608039512,0.7608072645771495,0.05010894601556198,13.999680978054784,15.15992885030534,16.456237198683457,2.4565562206286735,0.16179583026469996
b8,FEB2024,pv_capacity_factor,PV capacity factor,200,0.14543163417662366,0.007287425905911395,0.050108946015561984,0.13409656109247875,0.14521004645886343,0.15762679309083769,0.023530231998358936,0.16179583026469993
b8,FEB2024,net_peak_kw,net peak (kW),200,131.82200433152988,3.8063849908028566,0.02887518673460517,124.67264638050963,132.95069039478494,135.4028973863873,10.730251005877676,0.08139954372785362
b8,FEB2024,net_min_kw,"net min (kW, <0 export)",200,-82.3142930748517,5.381551766980189,0.06537809614773131,-90.63985610340082,-82.21219320010128,-74.0293366932757,16.61051941012512,0.2017938657994731
b8,FEB2024,wx_mean_temp_c,mean dry-bulb (degC),200,10.560158057471266,2.348592061454401,0.22240122246965635,6.659055057471264,10.582885057471264,14.520460057471263,7.8614049999999995,0.7444400886062581
b8,FEB2024,wx_mean_ghi,mean GHI (W/m2),200,155.38359818965517,8.202438443807125,0.05278831575129022,142.92005219109197,154.5982780172414,168.97410344827586,26.054051257183886,0.16767568495474872
b8,FEB2024,n_sessions,EV sessions,200,205.975,22.04892629480558,0.10704661388423634,168.95,206.0,241.0,72.05000000000001,0.34979973297730316
b8,FEB2024,ev_energy_mwh,EV energy (MWh),200,2.6584890493050715,0.33556958466171977,0.1262256787363625,2.0330279501961206,2.666117754749928,3.18878881684588,1.1557608666497594,0.43474351227885444
b8,FEB2024,arr_hour_mean,mean arrival hour,200,8.536612304434136,0.22684512637317494,0.02657320237623369,8.187521410219812,8.520250464031871,8.94273145053476,0.7552100403149478,0.08846718269291347
b8,FEB2024,dwell_h_mean,mean dwell (h),200,7.056958073117399,0.20097322592846148,0.028478733166071073,6.761340351979887,7.057559152604549,7.382122820283036,0.6207824683031493,0.08796743042415721
b8,FEB2024,req_soc_mean,mean required SoC (%),200,56.62079116579573,4.839436043945648,0.08547100710364361,48.31223022970966,56.69971904615771,65.09680506823838,16.78457483852872,0.2964383664188037
b8,FEB2024,peak_concurrency,peak concurrent EVs,200,10.905,1.1054797271482089,0.10137365677654368,9.0,11.0,13.0,4.0,0.3668042182485099
b8,JAN2024,bl_peak_kw,building peak (kW),200,150.0,1.1035303560177843e-14,7.356869040118562e-17,149.99999999999997,150.0,150.00000000000003,5.684341886080802e-14,3.789561257387201e-16
b8,JAN2024,bl_mean_kw,building mean (kW),200,43.806897611758096,2.769427877055118,0.06321899125565521,42.08911020581005,42.37162695207391,50.69617744844014,8.607067242630087,0.1964774433220737
b8,JAN2024,bl_energy_mwh,building energy (MWh),200,32.59233182314802,2.0604543405290077,0.06321899125565521,31.314297993122683,31.524490452342988,37.717956021639466,6.403658028516784,0.19647744332207367
b8,JAN2024,bl_load_factor,load factor,200,0.29204598407838733,0.018462852513700792,0.06321899125565522,0.28059406803873366,0.28247751301382606,0.3379745163229343,0.057380448284200636,0.19647744332207387
b8,JAN2024,pv_energy_mwh,PV energy (MWh),200,12.64268842748953,0.6403317552614097,0.050648385344141636,11.646542853829178,12.620874955721636,13.716367420136308,2.0698245663071297,0.16371712220690524
b8,JAN2024,pv_capacity_factor,PV capacity factor,200,0.11328573859757643,0.00573773974248575,0.050648385344141636,0.10435970299130089,0.11309027738101826,0.12290651810157983,0.018546815110278947,0.1637171222069053
b8,JAN2024,net_peak_kw,net peak (kW),200,136.4539139310812,2.4010561147805514,0.01759609560186931,134.49677071001847,135.8370963629792,143.81219917654525,9.315428466526782,0.06826794628427975
b8,JAN2024,net_min_kw,"net min (kW, <0 export)",200,-71.62369197519978,4.66146751702588,0.06508275946791386,-79.30693764821433,-71.63835046507126,-64.77961909852927,14.527318549685063,0.2028283958709536
b8,JAN2024,wx_mean_temp_c,mean dry-bulb (degC),200,8.453794505376344,2.348592061454401,0.2778151349622671,4.552691505376345,8.476521505376343,12.414096505376342,7.861404999999998,0.9299262000040804
b8,JAN2024,wx_mean_ghi,mean GHI (W/m2),200,113.56265362903224,5.994781217323758,0.05278831575129022,104.45362684811829,112.9886995967742,123.49532258064515,19.04169573252686,0.16767568495474872
b8,JAN2024,n_sessions,EV sessions,200,224.07,23.964905245318317,0.10695276139295005,184.95,227.0,260.04999999999995,75.09999999999997,0.33516311866827314
b8,JAN2024,ev_energy_mwh,EV energy (MWh),200,2.901513580489984,0.35924229391028734,0.12381203256323253,2.340633877746966,2.9129224378655634,3.4236418706056266,1.0830079928586605,0.3732562205260369
b8,JAN2024,arr_hour_mean,mean arrival hour,200,8.569715554992543,0.2250784725428731,0.026264404121528508,8.241202110146661,8.551583780063751,8.957093186414097,0.715891076267436,0.08353732065825362
b8,JAN2024,dwell_h_mean,mean dwell (h),200,7.002444677541548,0.22119876991399554,0.03158879221472908,6.634184454046436,7.02022918851335,7.353322932545732,0.7191384784992954,0.10269820207301858
b8,JAN2024,req_soc_mean,mean required SoC (%),200,56.38521231490705,4.41198134796379,0.07824713549579658,48.7200660415608,56.202757060938595,63.64257255521098,14.922506513650184,0.26465283894488395
b8,JAN2024,peak_concurrency,peak concurrent EVs,200,10.92,1.1577139143750879,0.10601775772665639,9.0,11.0,13.0,4.0,0.3663003663003663
b8,JUL2024,bl_peak_kw,building peak (kW),200,150.0,1.1397212509043255e-14,7.598141672695502e-17,149.99999999999997,150.0,150.00000000000003,5.684341886080802e-14,3.789561257387201e-16
b8,JUL2024,bl_mean_kw,building mean (kW),200,52.36502914354826,1.6527291611749442,0.03156169657891944,50.20681736955823,52.240065340055,54.860127109823765,4.653309740265534,0.08886292658234593
b8,JUL2024,bl_energy_mwh,building energy (MWh),200,38.95958168279991,1.2296304959141586,0.03156169657891945,37.35387212295132,38.86660861300092,40.81593456970887,3.4620624467575496,0.08886292658234572
b8,JUL2024,bl_load_factor,load factor,200,0.34910019429032174,0.011018194407832959,0.03156169657891944,0.3347121157970549,0.34826710226703333,0.3657341807321584,0.03102206493510351,0.08886292658234579
b8,JUL2024,pv_energy_mwh,PV energy (MWh),200,28.565458739093433,1.3837069301005378,0.04843986377879719,26.401000825273623,28.526306016766405,30.875449245100693,4.47444841982707,0.1566384233733147
b8,JUL2024,pv_capacity_factor,PV capacity factor,200,0.2559628919273605,0.012398807617388333,0.04843986377879721,0.23656810775334788,0.2556120610821362,0.2766617315869238,0.040093623833575925,0.15663842337331485
b8,JUL2024,net_peak_kw,net peak (kW),200,94.80567991316444,6.213971968138116,0.06554430044518104,85.43257638971455,94.11792236197721,105.49600396992952,20.063427580214963,0.2116268518784075
b8,JUL2024,net_min_kw,"net min (kW, <0 export)",200,-100.84715210935855,5.0277343137343875,0.04985499549141772,-108.26009012070793,-101.43064942083612,-92.8806523078669,15.379437812841033,0.15250245040299787
b8,JUL2024,wx_mean_temp_c,mean dry-bulb (degC),200,20.23739665591398,2.348592061454401,0.11605208423723175,16.336293655913977,20.26012365591398,24.197698655913975,7.861404999999998,0.3884593030251575
b8,JUL2024,wx_mean_ghi,mean GHI (W/m2),200,327.6004795,17.293477552120077,0.05278831575129021,301.32316520833336,325.9447625,356.2538,54.93063479166665,0.16767568495474883
b8,JUL2024,n_sessions,EV sessions,200,224.075,23.56727513494999,0.10517583458641076,184.9,226.0,260.04999999999995,75.14999999999995,0.3353787794265311
b8,JUL2024,ev_energy_mwh,EV energy (MWh),200,2.9101078295540823,0.3458941363268342,0.11885956005274065,2.3715725921637487,2.927370314650594,3.479434082875267,1.1078614907115183,0.3806943094893073
b8,JUL2024,arr_hour_mean,mean arrival hour,200,8.554917411377211,0.22112280568171314,0.025847450658920593,8.221682050009028,8.547734741784037,8.91485193550411,0.6931698854950827,0.08102590032876693
b8,JUL2024,dwell_h_mean,mean dwell (h),200,7.044043149667422,0.21568874177067804,0.030620019949886536,6.723056533990842,7.040662759896948,7.375090438179347,0.6520339041885048,0.09256529103165559
b8,JUL2024,req_soc_mean,mean required SoC (%),200,56.550753286347735,4.953363649193305,0.08759147069379758,48.405914990262346,56.596748605309244,64.69105527548298,16.285140285220635,0.2879738878589285
b8,JUL2024,peak_concurrency,peak concurrent EVs,200,11.095,1.16738551675255,0.10521726153695808,9.0,11.0,13.0,4.0,0.36052275799909866
b8,JUN2024,bl_peak_kw,building peak (kW),200,150.0,9.87027556516124e-15,6.580183710107493e-17,149.99999999999997,150.0,150.00000000000003,5.684341886080802e-14,3.789561257387201e-16
b8,JUN2024,bl_mean_kw,building mean (kW),200,47.37051032994317,0.7895450523182282,0.016667438176598073,46.53279849909657,47.210325972765744,48.849621297956055,2.3168227988594836,0.04890854632391424
b8,JUN2024,bl_energy_mwh,building energy (MWh),200,34.106767437559085,0.5684724376691241,0.016667438176598066,33.50361491934954,33.99143470039134,35.171727334528356,1.6681124151788183,0.04890854632391395
b8,JUN2024,bl_load_factor,load factor,200,0.3158034021996211,0.005263633682121522,0.016667438176598076,0.3102186566606438,0.31473550648510495,0.32566414198637367,0.015445485325729869,0.04890854632391418
b8,JUN2024,pv_energy_mwh,PV energy (MWh),200,28.12002877294088,1.3501412388854752,0.048013508442234544,25.99557154561474,28.088335103012163,30.35627330577894,4.360701760164201,0.1550745838624597
b8,JUN2024,pv_capacity_factor,PV capacity factor,200,0.26037063678648964,0.012501307767458104,0.048013508442234544,0.24069973653346982,0.26007717687974224,0.2810766046831384,0.040376868149668566,0.15507458386245987
b8,JUN2024,net_peak_kw,net peak (kW),200,88.66932088561234,4.513258306060064,0.05089988578893463,82.64772916273998,88.23881519605334,95.24010193827799,12.59237277553801,0.14201499063901452
b8,JUN2024,net_min_kw,"net min (kW, <0 export)",200,-103.70201492125194,4.857176313329862,0.04683782004639206,-111.21867932177616,-104.02618650644634,-95.49034381509874,15.728335506677425,0.15166856226102288
b8,JUN2024,wx_mean_temp_c,mean dry-bulb (degC),200,18.10999522222222,2.348592061454401,0.1296848526261628,14.208892222222222,18.13272222222222,22.07029722222222,7.861404999999998,0.43409205267782225
b8,JUN2024,wx_mean_ghi,mean GHI (W/m2),200,333.60948026666665,17.61068258194062,0.052788315751290206,306.8501752222222,331.92339333333337,362.7883733333333,55.93819811111109,0.16767568495474883
b8,JUN2024,n_sessions,EV sessions,200,195.355,20.98525385590999,0.10742112490547971,159.85,197.0,225.04999999999998,65.19999999999999,0.3337513757006475
b8,JUN2024,ev_energy_mwh,EV energy (MWh),200,2.5233827225641488,0.3149367238223399,0.12480735522446443,1.9278451815928235,2.5321421041018537,2.985932902142004,1.0580877205491803,0.41931321439579283
b8,JUN2024,arr_hour_mean,mean arrival hour,200,8.5287161313957,0.2095861480280437,0.02457417327521552,8.225811857347392,8.51163675083663,8.8712752870421,0.6454634296947077,0.0756811951236885
b8,JUN2024,dwell_h_mean,mean dwell (h),200,7.061512678531471,0.2163202745699862,0.030633701930132724,6.758890374331552,7.0514511022514075,7.4041690425587054,0.6452786682271539,0.09137966574625589
b8,JUN2024,req_soc_mean,mean required SoC (%),200,57.01040141629631,5.143401583689318,0.09021865231454215,48.93816656506463,57.07761964771824,65.81759313366227,16.879426568597644,0.2960762623883699
b8,JUN2024,peak_concurrency,peak concurrent EVs,200,10.84,1.1838103881854896,0.10920760038611528,9.0,11.0,13.0,4.0,0.36900369003690037
b8,MAR2024,bl_peak_kw,building peak (kW),200,150.0,8.782142048194928e-15,5.854761365463285e-17,150.0,150.0,150.00000000000003,2.842170943040401e-14,1.8947806286936006e-16
b8,MAR2024,bl_mean_kw,building mean (kW),200,48.57996355678522,1.8190055261649611,0.037443534185420325,46.50212294718548,48.13711148880087,52.053547340687985,5.551424393502508,0.11427395137942901
b8,MAR2024,bl_energy_mwh,building energy (MWh),200,36.143492886248204,1.353340111466731,0.037443534185420325,34.597579472705995,35.81401094766784,38.72783922147186,4.130259748765866,0.11427395137942901
b8,MAR2024,bl_load_factor,load factor,200,0.3238664237119015,0.012126703507766408,0.037443534185420325,0.3100141529812365,0.32091407659200577,0.34702364893791987,0.03700949595668335,0.11427395137942889
b8,MAR2024,pv_energy_mwh,PV energy (MWh),200,20.842092220894838,1.0315973990941782,0.04949586577781141,19.235650469964884,20.812341634524888,22.567575829512673,3.331925359547789,0.15986520567294255
b8,MAR2024,pv_capacity_factor,PV capacity factor,200,0.18675709875353796,0.009243704292958588,0.049495865777811426,0.17236245940828748,0.18649051643839507,0.20221842141140386,0.029855962003116382,0.15986520567294252
b8,MAR2024,net_peak_kw,net peak (kW),200,111.2641870360999,5.305957500414669,0.047687918653404084,106.52723534449146,109.36878721965594,123.12721862411192,16.59998327962046,0.14919430700764982
b8,MAR2024,net_min_kw,"net min (kW, <0 export)",200,-95.8514486011783,5.439866074174758,0.05675309193092243,-105.13967358560258,-95.70287752176044,-87.82437179860653,17.315301786996045,0.1806472624012402
b8,MAR2024,wx_mean_temp_c,mean dry-bulb (degC),200,12.103391279569891,2.348592061454401,0.19404413252496794,8.202288279569892,12.126118279569894,16.063693279569886,7.861404999999994,0.649520850678419
b8,MAR2024,wx_mean_ghi,mean GHI (W/m2),200,212.0042699032258,11.191348340273235,0.052788315751290206,194.99909689516127,210.9327846774194,230.5470580645161,35.547961169354835,0.16767568495474885
b8,MAR2024,n_sessions,EV sessions,200,204.755,22.82190112269947,0.11145955470049312,164.95,207.0,239.0,74.05000000000001,0.3616517301164807
b8,MAR2024,ev_energy_mwh,EV energy (MWh),200,2.652403728124909,0.35460523763683055,0.13369202956426068,2.1034523512092465,2.6409589488625036,3.2236933639307477,1.1202410127215012,0.42234935837367593
b8,MAR2024,arr_hour_mean,mean arrival hour,200,8.540362261678375,0.21564092731463558,0.025249622991081088,8.219834907742563,8.535055175038051,8.880478212552505,0.6606433048099429,0.07735541942691686
b8,MAR2024,dwell_h_mean,mean dwell (h),200,7.039839650637528,0.21630450754732683,0.030725771932566433,6.6548358236487735,7.059530161320696,7.367022380153615,0.7121865565048413,0.10116516736859847
b8,MAR2024,req_soc_mean,mean required SoC (%),200,56.37358925874491,4.570129620145647,0.081068629481255,48.542858084863,56.347083425592274,63.537986353943666,14.995128269080666,0.2659956278507592
b8,MAR2024,peak_concurrency,peak concurrent EVs,200,10.76,1.1615273258271699,0.10794863622929088,9.0,11.0,13.0,4.0,0.3717472118959108
b8,MAY2024,bl_peak_kw,building peak (kW),200,150.0,9.45006938711038e-15,6.300046258073587e-17,149.99999999999997,150.0,150.0,2.842170943040401e-14,1.8947806286936006e-16
b8,MAY2024,bl_mean_kw,building mean (kW),200,46.610406968283954,0.7212856103378517,0.015474776069401204,45.809759852686504,46.513925890088515,47.86837541383529,2.058615561148784,0.04416643610405652
b8,MAY2024,bl_energy_mwh,building energy (MWh),200,34.678142784403256,0.5366364940913617,0.01547477606940121,34.082461330398765,34.606360862225856,35.614071307893454,1.5316099774946892,0.04416643610405635
b8,MAY2024,bl_load_factor,load factor,200,0.31073604645522634,0.004808570735585676,0.015474776069401201,0.30539839901791005,0.3100928392672567,0.31912250275890197,0.013724103740991922,0.044166436104056614
b8,MAY2024,pv_energy_mwh,PV energy (MWh),200,28.1609854741446,1.3472826257890014,0.0478421689832545,26.033311247638487,28.13529969130554,30.374775971110644,4.341464723472157,0.15416593739086934
b8,MAY2024,pv_capacity_factor,PV capacity factor,200,0.25233857951742467,0.012072424962267039,0.04784216898325452,0.23327339827633053,0.25210842017298873,0.27217541192751477,0.03890201365118423,0.15416593739086948
b8,MAY2024,net_peak_kw,net peak (kW),200,84.55255134676521,3.724157325525105,0.04404547546119178,78.43974875785025,85.01045385825415,90.10743984261714,11.667691084766886,0.13799336506021667
b8,MAY2024,net_min_kw,"net min (kW, <0 export)",200,-103.44942637521828,5.136810651657825,0.049655284051805706,-111.14062366470401,-103.38553410715562,-94.70442423978234,16.436199424921668,0.1588814940868442
b8,MAY2024,wx_mean_temp_c,mean dry-bulb (degC),200,15.681348268817205,2.348592061454401,0.14976977879667666,11.780245268817207,15.704075268817206,19.641650268817198,7.861404999999991,0.5013220078551927
b8,MAY2024,wx_mean_ghi,mean GHI (W/m2),200,315.98900959677417,16.68052761253199,0.05278831575129022,290.643068313172,314.39197782258066,343.6267419354839,52.98367362231187,0.16767568495474902
b8,MAY2024,n_sessions,EV sessions,200,224.685,23.561867135576772,0.10486622220253587,188.95,225.0,261.19999999999993,72.24999999999994,0.3215612969268084
b8,MAY2024,ev_energy_mwh,EV energy (MWh),200,2.922582094182555,0.37009183854575395,0.1266318025017766,2.2973993654662146,2.9209839961883457,3.5721493655150063,1.2747500000487917,0.4361725210683393
b8,MAY2024,arr_hour_mean,mean arrival hour,200,8.535376456687242,0.2118784540493942,0.024823562865044228,8.216777017341444,8.516866619618913,8.9038226446132,0.6870456272717558,0.08049388691385412
b8,MAY2024,dwell_h_mean,mean dwell (h),200,7.042972913493422,0.2023771223930211,0.0287346160320016,6.727548471156375,7.047322692820257,7.385273491528355,0.6577250203719798,0.0933874130215472
b8,MAY2024,req_soc_mean,mean required SoC (%),200,56.687304226615254,4.576373944573412,0.08073013890868282,49.88473174624219,56.356600693688364,64.1772439432335,14.292512196991318,0.25212898005971573
b8,MAY2024,peak_concurrency,peak concurrent EVs,200,10.905,1.0590481172132191,0.09711582918048778,9.0,11.0,13.0,4.0,0.3668042182485099
b8,NOV2024,bl_peak_kw,building peak (kW),200,150.0,9.662457015516803e-15,6.441638010344536e-17,150.0,150.0,150.00000000000003,2.842170943040401e-14,1.8947806286936006e-16
b8,NOV2024,bl_mean_kw,building mean (kW),200,45.70736288274027,2.004362694976705,0.04385207477663473,42.525144365326064,45.92820229397309,49.508771857676265,6.983627492350202,0.15278998944363328
b8,NOV2024,bl_energy_mwh,building energy (MWh),200,32.90930127557299,1.4431411403832273,0.04385207477663472,30.618103943034765,33.06830565166062,35.64631573752691,5.028211794492147,0.15278998944363337
b8,NOV2024,bl_load_factor,load factor,200,0.3047157525516018,0.013362417966511365,0.04385207477663472,0.2835009624355071,0.30618801529315387,0.33005847905117514,0.04655751661566804,0.15278998944363337
b8,NOV2024,pv_energy_mwh,PV energy (MWh),200,12.932320629855235,0.6535433402242784,0.050535658597539286,11.916023201160584,12.911540083941599,14.027009112559366,2.1109859113987817,0.16323334162666922
b8,NOV2024,pv_capacity_factor,PV capacity factor,200,0.11974370953569662,0.006051327224298875,0.0505356585975393,0.11033354815889429,0.11955129707353332,0.1298797140051793,0.01954616584628502,0.16323334162666925
b8,NOV2024,net_peak_kw,net peak (kW),200,141.11936637360998,5.337767867334052,0.037824488619105937,132.32438845707404,142.62454666234427,149.146961780752,16.82257332367797,0.11920811264940512
b8,NOV2024,net_min_kw,"net min (kW, <0 export)",200,-74.75219145216295,4.740931707250213,0.06342197620098046,-82.27639905354415,-74.83376783686735,-67.28352884690756,14.992870206636596,0.20056763441150965
b8,NOV2024,wx_mean_temp_c,mean dry-bulb (degC),200,12.937495222222221,2.348592061454401,0.181533752949359,9.036392222222224,12.960222222222221,16.89779722222222,7.861404999999996,0.6076450553192687
b8,NOV2024,wx_mean_ghi,mean GHI (W/m2),200,124.4856773,6.571389239825619,0.0527883157512902,114.50049879166666,123.85651750000001,135.37372,20.873221208333334,0.16767568495474885
b8,NOV2024,n_sessions,EV sessions,200,205.02,21.825935427523653,0.10645759158874087,169.0,207.0,236.04999999999998,67.04999999999998,0.32704126426690067
b8,NOV2024,ev_energy_mwh,EV energy (MWh),200,2.641544609625713,0.31919089531599787,0.12083494412809663,2.1425528421865145,2.6235404929171167,3.14110109710007,0.9985482549135556,0.37801680549890176
b8,NOV2024,arr_hour_mean,mean arrival hour,200,8.545366450144064,0.23704404407011348,0.02773948261354166,8.138191220561922,8.54051311544767,8.898788435828877,0.7605972152669551,0.08900697468089651
b8,NOV2024,dwell_h_mean,mean dwell (h),200,7.013674645642127,0.21474369777714025,0.030617858487429123,6.685921019389882,7.008285171300635,7.357605218977046,0.6716841995871636,0.09576780126299521
b8,NOV2024,req_soc_mean,mean required SoC (%),200,56.82081904785023,4.859044731228236,0.08551521806006199,49.24583727044917,56.7067202682561,65.30995923068062,16.064121960231446,0.2827154241951959
b8,NOV2024,peak_concurrency,peak concurrent EVs,200,10.855,1.0862202225420483,0.10006634938204037,9.0,11.0,13.0,4.0,0.36849378166743435
b8,OCT2024,bl_peak_kw,building peak (kW),200,150.0,1.0469008176458094e-14,6.979338784305395e-17,149.99999999999997,150.0,150.00000000000003,5.684341886080802e-14,3.789561257387201e-16
b8,OCT2024,bl_mean_kw,building mean (kW),200,48.34486192895847,0.8119443028022859,0.016794841693734013,47.15401010713767,48.26438675889703,49.66055720259395,2.506547095456277,0.051847228339168355
b8,OCT2024,bl_energy_mwh,building energy (MWh),200,35.96857727514511,0.6040865612849007,0.01679484169373401,35.082583519710425,35.90870374861939,36.9474545587299,1.8648710390194765,0.05184722833916853
b8,OCT2024,bl_load_factor,load factor,200,0.3222990795263898,0.00541296201868191,0.016794841693734023,0.31436006738091776,0.3217625783926469,0.33107038135062633,0.016710313969708568,0.05184722833916852
b8,OCT2024,pv_energy_mwh,PV energy (MWh),200,17.975327805850974,0.8966955255546805,0.0498847940488076,16.580907976608213,17.948223771734597,19.47337586243771,2.8924678858294968,0.16091322044697276
b8,OCT2024,pv_capacity_factor,PV capacity factor,200,0.16106924557214136,0.008034906142963087,0.0498847940488076,0.14857444423484062,0.16082637788292647,0.1744926152548182,0.025918171019977593,0.16091322044697287
b8,OCT2024,net_peak_kw,net peak (kW),200,118.31791325778254,2.295875082428813,0.019404289842627008,114.36844305221287,118.69268159543184,121.13659631608658,6.768153263873714,0.057203115551300754
b8,OCT2024,net_min_kw,"net min (kW, <0 export)",200,-80.086766121312,4.974783091894838,0.06211741755634445,-88.45964284273511,-80.1949089471494,-72.49493828469778,15.964704558037326,0.19934260466772596
b8,OCT2024,wx_mean_temp_c,mean dry-bulb (degC),200,16.773418161290323,2.3485920614544007,0.14001869141225365,12.872315161290325,16.796145161290326,20.733720161290318,7.861404999999992,0.468682347533822
b8,OCT2024,wx_mean_ghi,mean GHI (W/m2),200,178.72128832258065,9.434395799449762,0.052788315751290206,164.38579201612902,177.81801774193548,194.35300645161288,29.967214435483868,0.16767568495474885
b8,OCT2024,n_sessions,EV sessions,200,224.75,23.295296827285906,0.10364981903130548,184.95,226.0,259.04999999999995,74.09999999999997,0.32969966629588415
b8,OCT2024,ev_energy_mwh,EV energy (MWh),200,2.9120257530739013,0.35662293695704317,0.12246558485294852,2.35153396784161,2.914172914072908,3.481224543830425,1.129690575988815,0.38793976145174075
b8,OCT2024,arr_hour_mean,mean arrival hour,200,8.528712099261941,0.22158971774145259,0.025981615414199355,8.161477563479727,8.52657856756269,8.904608015301328,0.7431304518216013,0.08713278665906783
b8,OCT2024,dwell_h_mean,mean dwell (h),200,7.059265405940625,0.2156469193104869,0.030548067951803072,6.707772525027809,7.062882653061225,7.394575825825826,0.686803300798017,0.0972910439406411
b8,OCT2024,req_soc_mean,mean required SoC (%),200,56.791034139984475,4.627727236481292,0.08148693374863339,49.6933195743093,56.51589862618431,64.65446423835236,14.961144664043061,0.26344201845603427
b8,OCT2024,peak_concurrency,peak concurrent EVs,200,11.025,1.140561000992461,0.10345224498797831,9.0,11.0,13.0,4.0,0.36281179138321995
b8,SEP2024,bl_peak_kw,building peak (kW),200,150.0,9.87027556516124e-15,6.580183710107493e-17,149.99999999999997,150.0,150.0,2.842170943040401e-14,1.8947806286936006e-16
b8,SEP2024,bl_mean_kw,building mean (kW),200,48.638806447683734,1.7991993062896474,0.03699102502083146,45.5537837152054,48.72356651030026,51.29028430269966,5.7365005874942625,0.11794081735259038
b8,SEP2024,bl_energy_mwh,building energy (MWh),200,35.019940642332294,1.2954235005285464,0.03699102502083146,32.798724274947894,35.08096788741619,36.92900469794376,4.130280422995867,0.1179408173525903
b8,SEP2024,bl_load_factor,load factor,200,0.324258709651225,0.011994662041930983,0.036991025020831445,0.30369189143470265,0.32482377673533513,0.3419352286846644,0.03824333724996176,0.11794081735259038
b8,SEP2024,pv_energy_mwh,PV energy (MWh),200,22.135837881424514,1.0905806556043762,0.049267647398138326,20.43909938487236,22.102091265585976,23.954303720707923,3.5152043358355627,0.1588015034563195
b8,SEP2024,pv_capacity_factor,PV capacity factor,200,0.20496146186504177,0.010097969033373854,0.04926764739813833,0.1892509202302996,0.20464899319987018,0.22179910852507337,0.03254818829477377,0.1588015034563197
b8,SEP2024,net_peak_kw,net peak (kW),200,120.74365539837362,3.693429075213544,0.030589011596739296,112.994935344899,121.58278061713969,125.2214021333396,12.22646678844059,0.10125970385857042
b8,SEP2024,net_min_kw,"net min (kW, <0 export)",200,-92.82776577892648,4.992063186767206,0.05377769404313824,-100.28381086892567,-93.07325553386391,-84.67615026946699,15.607660599458683,0.16813569160577485
b8,SEP2024,wx_mean_temp_c,mean dry-bulb (degC),200,19.40513411111111,2.348592061454401,0.12102941664853684,15.50403111111111,19.42786111111111,23.36543611111111,7.861404999999998,0.4051198489526886
b8,SEP2024,wx_mean_ghi,mean GHI (W/m2),200,242.71047121666666,12.812276990729833,0.052788315751290206,223.24230882638886,241.48379458333332,263.93895333333336,40.696644506944494,0.16767568495474908
b8,SEP2024,n_sessions,EV sessions,200,204.445,21.595108672867678,0.10562796191086932,171.0,206.0,239.04999999999998,68.04999999999998,0.3328523563794663
b8,SEP2024,ev_energy_mwh,EV energy (MWh),200,2.6352114754020755,0.31346516191138196,0.1189525640873107,2.1028790810020443,2.600344264261894,3.134824278380593,1.0319451973785485,0.39159862766653153
b8,SEP2024,arr_hour_mean,mean arrival hour,200,8.512395605850866,0.21297778954901048,0.02501972410711544,8.173225055599532,8.503849461209793,8.878794480755264,0.7055694251557316,0.08288729258198117
b8,SEP2024,dwell_h_mean,mean dwell (h),200,7.053580693389907,0.21458762647197213,0.03042250961601216,6.711232103067369,7.046689876663159,7.449257705479452,0.7380256024120833,0.10463134037776108
b8,SEP2024,req_soc_mean,mean required SoC (%),200,56.89206309867155,4.95667982438973,0.0871242762947978,48.91523914188342,56.68515896595721,65.26998952454923,16.354750382665813,0.2874698067162852
b8,SEP2024,peak_concurrency,peak concurrent EVs,200,10.92,1.1402194975146507,0.10441570490060904,9.0,11.0,13.0,4.0,0.3663003663003663
b9,APR2024,bl_mean_kw,building mean (kW),200,34.37512080679945,1.425604488899283,0.04147198483786262,32.52599834878357,34.052497785561954,36.90397616255694,4.37797781377337,0.1273589069949508
b9,APR2024,bl_energy_mwh,building energy (MWh),200,24.750086980895603,1.0264352320074837,0.04147198483786263,23.418718811124165,24.51779840560461,26.570862837040995,3.1521440259168294,0.12735890699495095
b9,APR2024,bl_load_factor,load factor,200,0.3437512080679944,0.014256044888992831,0.041471984837862644,0.32525998348783564,0.3405249778556195,0.3690397616255694,0.04377977813773376,0.12735890699495103
b9,APR2024,pv_energy_mwh,PV energy (MWh),200,15.593291857270662,0.7138201170632144,0.045777384505913836,14.404161072836557,15.552944350394629,16.69219178950392,2.288030716667363,0.14673173167091885
b9,APR2024,pv_capacity_factor,PV capacity factor,200,0.21657349801764808,0.009914168292544642,0.04577738450591383,0.20005779267828552,0.21601311597770317,0.2318359970764433,0.03177820439815779,0.14673173167091874
b9,APR2024,net_peak_kw,net peak (kW),200,64.1478174321051,5.94419613138137,0.09266404328834392,57.10762978200506,62.294434787478366,75.11148805915379,18.003858277148723,0.28066205520093096
b9,APR2024,net_min_kw,"net min (kW, <0 export)",200,-58.25815387045883,3.0725116413259568,0.05273959844587431,-63.55325021512914,-58.36448901703891,-53.216830569666975,10.336419645462165,0.17742442832029887
b9,APR2024,wx_mean_temp_c,mean dry-bulb (degC),200,13.7964535,2.678534717640557,0.19414661294227223,9.73771,13.89325,17.676295,7.938585,0.5754076582072342
b9,APR2024,wx_mean_ghi,mean GHI (W/m2),200,260.7606056083333,12.752181001193321,0.04890378656485905,241.38282325000003,260.4061829166667,281.7168504583334,40.33402720833337,0.15467837679789612
b9,APR2024,n_sessions,EV sessions,200,175.875,25.680083888934508,0.14601327015741014,132.0,177.5,218.04999999999998,86.04999999999998,0.4892679459843638
b9,APR2024,ev_energy_mwh,EV energy (MWh),200,2.285336663349282,0.36609857829396114,0.16019459371794448,1.7308500799606326,2.285148334697329,2.941372669612573,1.2105225896519403,0.5296911431324325
b9,APR2024,arr_hour_mean,mean arrival hour,200,8.69926092015502,0.2545868882765036,0.02926534686258921,8.337539686139333,8.669149358756101,9.123912529550827,0.7863728434114936,0.09039536239102489
b9,APR2024,dwell_h_mean,mean dwell (h),200,6.934002888129685,0.24902926589628657,0.03591421433103231,6.493945352795544,6.9361751804160185,7.330750898577903,0.8368055457823589,0.1206814533081441
b9,APR2024,req_soc_mean,mean required SoC (%),200,57.28339901849211,4.839924743706915,0.08449087914885253,49.52357822832396,57.28439855640964,64.63038935065674,15.106811122332779,0.2637205784079962
b9,APR2024,peak_concurrency,peak concurrent EVs,200,9.515,1.239944479223884,0.1303147114265774,8.0,9.0,12.0,4.0,0.42038885969521805
b9,AUG2024,bl_peak_kw,building peak (kW),200,100.0,4.27395469089122e-15,4.27395469089122e-17,100.0,100.0,100.0,0.0,0.0
b9,AUG2024,bl_mean_kw,building mean (kW),200,35.7168224082387,1.7741151308610417,0.04967169561119221,31.898740932381614,36.06193005233393,38.13823890475363,6.239497972372014,0.17469353519345457
b9,AUG2024,bl_energy_mwh,building energy (MWh),200,26.57331587172959,1.3199416573606149,0.0496716956111922,23.73266325369192,26.830075958936444,28.374849745136697,4.642186491444775,0.17469353519345446
b9,AUG2024,bl_load_factor,load factor,200,0.35716822408238696,0.017741151308610415,0.04967169561119221,0.31898740932381614,0.36061930052333924,0.38138238904753624,0.0623949797237201,0.17469353519345449
b9,AUG2024,pv_energy_mwh,PV energy (MWh),200,17.977903925733862,0.8277868545486354,0.04604468118019743,16.597468948365947,17.926007834648836,19.266943207739192,2.6694742593732457,0.148486401440388
b9,AUG2024,pv_capacity_factor,PV capacity factor,200,0.24163849362545511,0.01112616739984725,0.04604468118019743,0.22308426005868212,0.24094096551947358,0.2589642904266021,0.03588003036791995,0.14848640144038794
b9,AUG2024,net_peak_kw,net peak (kW),200,61.964321879395314,5.440555497826341,0.08780142076622098,50.752692626291356,62.12716361097046,70.6433017724483,19.89060914615694,0.3210009977172213
b9,AUG2024,net_min_kw,"net min (kW, <0 export)",200,-66.16707236223617,3.575666833827049,0.05403997345162585,-71.41503056347474,-66.16919931312029,-60.60710151364338,10.807929049831365,0.1633430143419769
b9,AUG2024,wx_mean_temp_c,mean dry-bulb (degC),200,20.125848661290323,2.678534717640557,0.13308928049292154,16.06710516129032,20.222645161290323,24.005690161290325,7.938585000000003,0.39444721728773247
b9,AUG2024,wx_mean_ghi,mean GHI (W/m2),200,302.30243268682796,14.78373364615431,0.04890378656485907,279.837571733871,301.8915468413978,326.5972213239247,46.7596495900537,0.15467837679789578
b9,AUG2024,n_sessions,EV sessions,200,176.235,25.705713245645153,0.14586043206880103,130.0,178.5,217.09999999999997,87.09999999999997,0.4942264589894173
b9,AUG2024,ev_energy_mwh,EV energy (MWh),200,2.2826053272865257,0.3840893670138212,0.1682679709989164,1.6860629157374996,2.282724927271415,2.9071039364150204,1.2210410206775208,0.534933046059718
b9,AUG2024,arr_hour_mean,mean arrival hour,200,8.678287879565774,0.26771655451096404,0.030849005959037105,8.260544803817602,8.669878472222223,9.130183982683981,0.8696391788663789,0.10020861152970786
b9,AUG2024,dwell_h_mean,mean dwell (h),200,6.937621398419346,0.24453324673689886,0.035247418775635815,6.5009858099770845,6.944947943335039,7.325531956222528,0.8245461462454431,0.11885141879222554
b9,AUG2024,req_soc_mean,mean required SoC (%),200,56.93168664039814,4.315979527499621,0.07580979560224457,50.57365206095828,56.515103055862205,64.89801841809974,14.324366357141457,0.2516062179506383
b9,AUG2024,peak_concurrency,peak concurrent EVs,200,9.495,1.1861745445975715,0.1249262290255473,8.0,9.0,11.0,3.0,0.315955766192733
b9,DEC2024,bl_peak_kw,building peak (kW),200,100.0,6.0442846888264736e-15,6.044284688826474e-17,100.0,100.0,100.0,0.0,0.0
b9,DEC2024,bl_mean_kw,building mean (kW),200,38.29114648692372,1.0444142042019473,0.02727560546035389,36.960521154368976,38.18548899738802,39.89794377397147,2.9374226196024935,0.07671284067207577
b9,DEC2024,bl_energy_mwh,building energy (MWh),200,28.488612986271256,0.7770441679262486,0.027275605460353878,27.49862773885052,28.410003814056687,29.684070167834772,2.1854424289842527,0.07671284067207566
b9,DEC2024,bl_load_factor,load factor,200,0.3829114648692372,0.010444142042019475,0.027275605460353895,0.36960521154368975,0.3818548899738803,0.39897943773971467,0.029374226196024922,0.07671284067207575
b9,DEC2024,pv_energy_mwh,PV energy (MWh),200,7.424385079410447,0.3568406877217824,0.04806333237097102,6.849640017778581,7.401442657460509,7.972425233952541,1.12278521617396,0.1512293885843429
b9,DEC2024,pv_capacity_factor,PV capacity factor,200,0.09979012203508664,0.00479624580271213,0.04806333237097104,0.09206505400240028,0.09948175614866275,0.1071562531445234,0.015091199142123118,0.15122938858434293
b9,DEC2024,net_peak_kw,net peak (kW),200,99.85147416540971,0.8100848946617547,0.008112898697116904,99.63991035359804,100.0,100.0,0.36008964640195984,0.0036062526809113567
b9,DEC2024,net_min_kw,"net min (kW, <0 export)",200,-38.97390269833563,2.6801493089039887,0.06876779391709324,-43.28873607863351,-38.98221779713144,-35.150082413024755,8.138653665608757,0.20882316376174245
b9,DEC2024,wx_mean_temp_c,mean dry-bulb (degC),200,9.937542209677419,2.6785347176405567,0.26953693993190136,5.878798709677421,10.03433870967742,13.817383709677419,7.938584999999998,0.798847927636394
b9,DEC2024,wx_mean_ghi,mean GHI (W/m2),200,99.59825514784944,4.870731811982806,0.048903786564859074,92.19685604838709,99.46288239247312,107.60255248655915,15.405696438172058,0.15467837679789617
b9,DEC2024,n_sessions,EV sessions,200,175.905,25.7308444630937,0.1462769362047338,130.95,177.5,217.04999999999998,86.1,0.4894687473352093
b9,DEC2024,ev_energy_mwh,EV energy (MWh),200,2.287911278915688,0.37927415475034265,0.16577310416079263,1.6251951770882107,2.2860145498824664,2.8676928810796936,1.2424977039914828,0.543070754290936
b9,DEC2024,arr_hour_mean,mean arrival hour,200,8.682819428217597,0.2621693371392285,0.03019403309105168,8.254298490488006,8.669659882274914,9.109859154929577,0.8555606644415708,0.09853489082833543
b9,DEC2024,dwell_h_mean,mean dwell (h),200,6.944227089195884,0.24227263027311774,0.03488835073525397,6.553506711409396,6.951425683212493,7.3000694444444445,0.7465627330350486,0.10750839847916002
b9,DEC2024,req_soc_mean,mean required SoC (%),200,57.12895012439058,4.844981049564752,0.08480780828311145,49.658477510702866,57.15073176372357,64.39643662630363,14.73795911560076,0.2579770691306394
b9,DEC2024,peak_concurrency,peak concurrent EVs,200,9.45,1.2102991864010382,0.12807398797894584,7.950000000000001,9.0,11.0,3.049999999999999,0.3227513227513227
b9,FEB2024,bl_mean_kw,building mean (kW),200,33.837573571690726,1.6561005455534163,0.0489426507501988,31.641423991624574,33.53591133668685,36.72758584443482,5.086161852810246,0.1503110689078913
b9,FEB2024,bl_energy_mwh,building energy (MWh),200,23.550951205896745,1.1526459797051778,0.04894265075019881,22.022431098170706,23.34099429033405,25.562399747726637,3.539968649555931,0.15031106890789128
b9,FEB2024,bl_load_factor,load factor,200,0.33837573571690727,0.016561005455534163,0.0489426507501988,0.31641423991624573,0.3353591133668685,0.3672758584443482,0.05086161852810245,0.15031106890789125
b9,FEB2024,pv_energy_mwh,PV energy (MWh),200,10.162696085903372,0.4808784076525887,0.04731799549920743,9.380505379818574,10.131893268575046,10.903552599024788,1.523047219206214,0.14986645338325386
b9,FEB2024,pv_capacity_factor,PV capacity factor,200,0.14601574836068063,0.0069091725237440905,0.04731799549920743,0.1347773761468186,0.14557317914619322,0.15666023849173547,0.021882862344916876,0.1498664533832539
b9,FEB2024,net_peak_kw,net peak (kW),200,87.8308379610645,2.611306894801874,0.029731093946291035,82.23375052796459,88.70282920876296,90.33676963664627,8.103019108681679,0.09225710805894571
b9,FEB2024,net_min_kw,"net min (kW, <0 export)",200,-55.14490841812961,3.591215888365703,0.06512325419303885,-60.75449991842253,-55.24456575247365,-49.75842027657917,10.996079641843359,0.19940335304334741
b9,FEB2024,wx_mean_temp_c,mean dry-bulb (degC),200,10.825088557471265,2.6785347176405567,0.24743767253450175,6.7663450574712645,10.921885057471265,14.704930057471264,7.938585,0.7333505825706104
b9,FEB2024,wx_mean_ghi,mean GHI (W/m2),200,156.19853845545975,7.638699986368735,0.04890378656485907,144.5910286637931,155.98623527298852,168.75156505028735,24.160536386494243,0.15467837679789595
b9,FEB2024,n_sessions,EV sessions,200,168.61,25.376123387762654,0.15050188830889422,123.95,170.0,210.0,86.05,0.5103493268489413
b9,FEB2024,ev_energy_mwh,EV energy (MWh),200,2.188333339574037,0.3669335824296708,0.16767718875091264,1.578492983087766,2.1592353628590866,2.8144315558956365,1.2359385728078705,0.5647853324980407
b9,FEB2024,arr_hour_mean,mean arrival hour,200,8.691111528005534,0.2776013239163601,0.031940830930754956,8.291655156537752,8.698966355567158,9.18103949044586,0.889384333908108,0.10233263386877824
b9,FEB2024,dwell_h_mean,mean dwell (h),200,6.9646519840216525,0.23423548375634554,0.033632044256300245,6.556251744186047,6.9728432762569525,7.342236884831866,0.7859851406458196,0.11285346955584163
b9,FEB2024,req_soc_mean,mean required SoC (%),200,57.10220114264355,4.666868141455283,0.08172834055551138,49.54163689920079,57.03022274507032,64.26967326411673,14.728036364915944,0.25792414425714916
b9,FEB2024,peak_concurrency,peak concurrent EVs,200,9.505,1.1904034196471118,0.12523970748523006,8.0,10.0,11.0,3.0,0.31562335612835346
b9,JAN2024,bl_mean_kw,building mean (kW),200,29.470074902034877,1.9972312518421236,0.06777150239629072,28.058286679532713,28.313646326305808,34.20088062723187,6.1425939476991545,0.20843496218175595
b9,JAN2024,bl_energy_mwh,building energy (MWh),200,21.925735727113945,1.48594005137054,0.06777150239629073,20.87536528957234,21.06535286677152,25.44545518666051,4.57008989708817,0.20843496218175595
b9,JAN2024,bl_load_factor,load factor,200,0.29470074902034876,0.019972312518421236,0.06777150239629072,0.2805828667953272,0.2831364632630581,0.3420088062723187,0.06142593947699154,0.20843496218175595
b9,JAN2024,pv_energy_mwh,PV energy (MWh),200,8.462923492463885,0.4044836394159832,0.04779478861839768,7.810469605182966,8.436997349297918,9.08437577143084,1.2739061662478743,0.15052790768843297
b9,JAN2024,pv_capacity_factor,PV capacity factor,200,0.11374897167290168,0.005436608056666442,0.047794788618397685,0.10497943017719041,0.11340050200669247,0.12210182488482313,0.017122394707632715,0.1505279076884329
b9,JAN2024,net_peak_kw,net peak (kW),200,91.11447590386817,1.8111304145050462,0.0198775265569865,89.75794675091755,90.55213868922051,95.99695108036148,6.2390043294439295,0.0684743479842489
b9,JAN2024,net_min_kw,"net min (kW, <0 export)",200,-47.91262072068401,2.957702092810454,0.061731169122493976,-52.40221675763817,-47.77253645964071,-43.26536051168198,9.136856245956189,0.1906983193263687
b9,JAN2024,wx_mean_temp_c,mean dry-bulb (degC),200,8.718725005376344,2.6785347176405567,0.3072163322032586,4.6599815053763445,8.815521505376346,12.598566505376342,7.938584999999997,0.9105213199297743
b9,JAN2024,wx_mean_ghi,mean GHI (W/m2),200,114.15825561155914,5.582770967044312,0.04890378656485906,105.67486592741936,114.00309307795699,123.33267960349461,17.65781367607525,0.1546783767978958
b9,JAN2024,n_sessions,EV sessions,200,184.685,27.65864745236962,0.14976120124736508,134.9,185.0,231.0,96.1,0.5203454530687386
b9,JAN2024,ev_energy_mwh,EV energy (MWh),200,2.3948498180431983,0.4112420449008724,0.1717193461579537,1.7343619648465332,2.368791731067822,3.09363717060543,1.3592752057588968,0.5675826498671819
b9,JAN2024,arr_hour_mean,mean arrival hour,200,8.699040283492831,0.2693854445134359,0.030967260264861362,8.28353525980912,8.67676549865229,9.171225020882863,0.8876897610737426,0.10204456263505406
b9,JAN2024,dwell_h_mean,mean dwell (h),200,6.963911019719119,0.24159252474027407,0.03469207519397891,6.564857338627499,6.964584950828158,7.3648437499999995,0.7999864113725002,0.11487602427820318
b9,JAN2024,req_soc_mean,mean required SoC (%),200,56.96628763104869,4.9738192690764995,0.0873116272081874,48.49190579536407,57.024472677146804,65.27871581182471,16.78681001646064,0.2946797257561018
b9,JAN2024,peak_concurrency,peak concurrent EVs,200,9.535,1.2833588937827394,0.13459453526824744,7.0,10.0,11.049999999999983,4.049999999999983,0.4247509176717339
b9,JUL2024,bl_peak_kw,building peak (kW),200,100.0,7.40270667387093e-15,7.40270667387093e-17,100.0,100.0,100.0,0.0,0.0
b9,JUL2024,bl_mean_kw,building mean (kW),200,35.013238534988886,1.2219390142452156,0.03489934280212687,33.46444681308183,35.058427959597374,37.157241866518284,3.6927950534364555,0.10546853727187301
b9,JUL2024,bl_energy_mwh,building energy (MWh),200,26.04984947003173,0.9091226265984405,0.03489934280212687,24.897548428932883,26.083470401940446,27.644987948689604,2.747439519756721,0.10546853727187294
b9,JUL2024,bl_load_factor,load factor,200,0.35013238534988894,0.012219390142452153,0.03489934280212685,0.33464446813081833,0.3505842795959737,0.37157241866518287,0.03692795053436454,0.10546853727187294
b9,JUL2024,pv_energy_mwh,PV energy (MWh),200,19.116781088478323,0.8765834902452322,0.04585413654046333,17.649922908640214,19.062801408916958,20.483275329763167,2.833352421122953,0.14821284022709313
b9,JUL2024,pv_capacity_factor,PV capacity factor,200,0.2569459823720205,0.01178203615921011,0.045854136540463324,0.2372301466215082,0.25622044904458274,0.275312840453806,0.03808269383229779,0.14821284022709325
b9,JUL2024,net_peak_kw,net peak (kW),200,63.25592294191532,3.9624598856122017,0.06264172114365837,56.52320111190754,63.023785127621025,70.13066173371989,13.60746062181235,0.21511757301063153
b9,JUL2024,net_min_kw,"net min (kW, <0 export)",200,-67.37610797998519,3.2284661072524634,0.04791707630561733,-72.43611147704028,-67.26612795995054,-62.32952433908681,10.106587137953476,0.15000253711531908
b9,JUL2024,wx_mean_temp_c,mean dry-bulb (degC),200,20.50232715591398,2.678534717640557,0.13064539928912033,16.44358365591398,20.59912365591398,24.382168655913983,7.938585000000003,0.3872040934489764
b9,JUL2024,wx_mean_ghi,mean GHI (W/m2),200,329.3186455416666,16.104928753398138,0.04890378656485905,304.84614124999996,328.87103958333336,355.7846147916667,50.938473541666724,0.15467837679789617
b9,JUL2024,n_sessions,EV sessions,200,182.985,27.076195760934034,0.1479694825309945,136.9,184.0,226.0,89.1,0.4869251577998196
b9,JUL2024,ev_energy_mwh,EV energy (MWh),200,2.3849832870248715,0.3836073207845653,0.16084277104645592,1.8183235908767712,2.3799726926369535,3.0563848983612982,1.238061307484527,0.5191069112391713
b9,JUL2024,arr_hour_mean,mean arrival hour,200,8.69707825466296,0.26226503874107354,0.030155533969176314,8.313290885207618,8.655993852459016,9.170406165891853,0.8571152806842353,0.09855209480548145
b9,JUL2024,dwell_h_mean,mean dwell (h),200,6.9585715886585175,0.24911665086140425,0.035799969532170794,6.565262923351159,6.957894736842105,7.369275793650793,0.8040128702996343,0.11554280358487092
b9,JUL2024,req_soc_mean,mean required SoC (%),200,56.61151760005445,4.6382758715806816,0.08193166458367865,49.344282572891736,56.6246154359262,63.68621119117333,14.341928618281592,0.25333941265456905
b9,JUL2024,peak_concurrency,peak concurrent EVs,200,9.46,1.247469801046347,0.13186784366240453,7.950000000000001,9.5,11.0,3.049999999999999,0.3224101479915432
b9,JUN2024,bl_peak_kw,building peak (kW),200,100.0,6.757715719788579e-15,6.757715719788578e-17,100.0,100.0,100.0,0.0,0.0
b9,JUN2024,bl_mean_kw,building mean (kW),200,31.63610042061555,0.5836810127568776,0.018449840688219712,31.023859806359432,31.501794671283033,32.66831833429825,1.6444585279388164,0.05198044341986002
b9,JUN2024,bl_energy_mwh,building energy (MWh),200,22.777992302843195,0.42025032918495187,0.018449840688219716,22.33717906057879,22.681292163323782,23.52118920069474,1.184010140115948,0.05198044341986003
b9,JUN2024,bl_load_factor,load factor,200,0.3163610042061555,0.005836810127568778,0.018449840688219723,0.31023859806359433,0.31501794671283034,0.3266831833429825,0.01644458527938819,0.051980443419860106
b9,JUN2024,pv_energy_mwh,PV energy (MWh),200,18.81878486042076,0.8548490420445702,0.0454253050016247,17.381810128392406,18.770212830761693,20.14274577629422,2.760935647901814,0.14671168560455522
b9,JUN2024,pv_capacity_factor,PV capacity factor,200,0.26137201195028836,0.011872903361730143,0.04542530500162469,0.24141402956100563,0.26069740042724576,0.2797603580040864,0.03834632844308075,0.1467116856045552
b9,JUN2024,net_peak_kw,net peak (kW),200,59.020065101984635,2.8753814362574968,0.04871871000631627,54.930166709520584,58.69097357722168,63.955499113087825,9.02533240356724,0.1529197297219476
b9,JUN2024,net_min_kw,"net min (kW, <0 export)",200,-69.36358108658456,3.0459990327253217,0.04391352039513486,-73.95303520388875,-69.52724881396324,-64.00058450245436,9.952450701434387,0.14348236560928176
b9,JUN2024,wx_mean_temp_c,mean dry-bulb (degC),200,18.37492572222222,2.6785347176405567,0.14577118613335113,14.316182222222222,18.471722222222223,22.25476722222222,7.938584999999998,0.43203358315616225
b9,JUN2024,wx_mean_ghi,mean GHI (W/m2),200,335.3591617111111,16.40033286689023,0.04890378656485906,310.43777133333333,334.9033455555556,362.3105821111111,51.87281077777777,0.15467837679789598
b9,JUN2024,n_sessions,EV sessions,200,160.525,23.988887188502797,0.14944019429062635,120.0,160.0,197.24999999999991,77.24999999999991,0.4812334527332186
b9,JUN2024,ev_energy_mwh,EV energy (MWh),200,2.0812459702463855,0.3612701362151716,0.17358358472756738,1.4937666182260516,2.0799450286003953,2.6882221214074775,1.194455503181426,0.5739136653031078
b9,JUN2024,arr_hour_mean,mean arrival hour,200,8.675125347848127,0.24734528916289197,0.028512013284539596,8.297568603712671,8.651041666666668,9.090656928480204,0.7930883247675329,0.09142096430505862
b9,JUN2024,dwell_h_mean,mean dwell (h),200,6.997808952848311,0.24907688514359283,0.035593553185273984,6.620826410426821,6.992790697674419,7.356901643554186,0.736075233127365,0.10518652882453457
b9,JUN2024,req_soc_mean,mean required SoC (%),200,56.99100163645355,5.159555519537562,0.09053280994165437,48.423857887647166,57.09662263355341,65.3707002942335,16.946842406586335,0.29735996771368395
b9,JUN2024,peak_concurrency,peak concurrent EVs,200,9.455,1.310174716953706,0.13856950998981554,7.0,9.0,12.0,5.0,0.5288207297726071
b9,MAR2024,bl_mean_kw,building mean (kW),200,32.27660359094048,1.3124267530749412,0.04066186051382798,30.772672518736794,31.89659093464056,34.56256342341897,3.789890904682178,0.11741913593863819
b9,MAR2024,bl_energy_mwh,building energy (MWh),200,24.01379307165972,0.9764455042877563,0.04066186051382798,22.894868353940176,23.731063655372576,25.71454718702372,2.819678833083543,0.1174191359386383
b9,MAR2024,bl_load_factor,load factor,200,0.32276603590940484,0.013124267530749412,0.04066186051382798,0.30772672518736793,0.31896590934640556,0.34562563423418974,0.037898909046821805,0.11741913593863826
b9,MAR2024,pv_energy_mwh,PV energy (MWh),200,13.949655624356575,0.6524258701092371,0.0467700341627129,12.88024042160069,13.908209989008295,14.958435488546355,2.078195066945666,0.14897823451046824
b9,MAR2024,pv_capacity_factor,PV capacity factor,200,0.18749537129511526,0.00876916492082308,0.0467700341627129,0.17312151104302,0.18693830630387492,0.20105424043745102,0.027932729394431005,0.1489782345104683
b9,MAR2024,net_peak_kw,net peak (kW),200,73.9217379537203,3.8303319824877504,0.051816043406416955,70.5531592901016,72.7507883597629,81.34699471759136,10.793835427489753,0.1460170678650356
b9,MAR2024,net_min_kw,"net min (kW, <0 export)",200,-64.16547634638923,3.377384134649186,0.05263553435521626,-69.38965860314781,-64.10480384666141,-58.45010954557308,10.93954905757473,0.17048964147821416
b9,MAR2024,wx_mean_temp_c,mean dry-bulb (degC),200,12.368321779569891,2.678534717640557,0.2165641196419215,8.309578279569893,12.465118279569893,16.248163279569894,7.938585000000002,0.6418481942403075
b9,MAR2024,wx_mean_ghi,mean GHI (W/m2),200,213.11616857258065,10.42218762139401,0.04890378656485907,197.27896524193548,212.82650362903226,230.24342826612903,32.96446302419355,0.15467837679789598
b9,MAR2024,n_sessions,EV sessions,200,166.58,25.530031581704204,0.15325988463023293,122.0,168.5,208.04999999999998,86.04999999999998,0.5165686156801536
b9,MAR2024,ev_energy_mwh,EV energy (MWh),200,2.1563300547216517,0.3644055847503962,0.16899341728900366,1.5791594245038025,2.139082649244361,2.7735908261805577,1.1944314016767552,0.5539186355360323
b9,MAR2024,arr_hour_mean,mean arrival hour,200,8.699183189524337,0.259208284862669,0.029796853246499142,8.30320691999698,8.699494183802855,9.095286740352053,0.7920798203550738,0.09105220606331248
b9,MAR2024,dwell_h_mean,mean dwell (h),200,6.9737674484780845,0.24950856871166904,0.03577816016307231,6.579719077047997,6.984705228031146,7.391195290019688,0.8114762129716908,0.11636123787706497
b9,MAR2024,req_soc_mean,mean required SoC (%),200,57.04682313969497,4.704086866961035,0.08246010221185802,49.13452620253659,57.23206282596724,65.16499808741962,16.030471884883028,0.2810055144635832
b9,MAR2024,peak_concurrency,peak concurrent EVs,200,9.49,1.283799323694162,0.13527917004153445,7.0,10.0,12.0,5.0,0.5268703898840885
b9,MAY2024,bl_peak_kw,building peak (kW),200,100.0,7.995837069955137e-15,7.995837069955137e-17,100.0,100.0,100.0,0.0,0.0
b9,MAY2024,bl_mean_kw,building mean (kW),200,31.08343065234957,0.5957312199046841,0.01916555564820363,30.54676062000065,30.99147406096185,31.86836667489316,1.3216060548925093,0.04251802414199123
b9,MAY2024,bl_energy_mwh,building energy (MWh),200,23.126072405348076,0.44322402760908525,0.019165555648203644,22.72678990128048,23.057656701355615,23.71006480612051,0.9832749048400302,0.042518024141991385
b9,MAY2024,bl_load_factor,load factor,200,0.31083430652349564,0.0059573121990468434,0.01916555564820364,0.3054676062000065,0.3099147406096185,0.3186836667489316,0.013216060548925102,0.04251802414199127
b9,MAY2024,pv_energy_mwh,PV energy (MWh),200,18.84631066649451,0.8521693721726118,0.045216774107816333,17.413209993543468,18.80181767884473,20.15348950199926,2.7402795084557923,0.1454013762665781
b9,MAY2024,pv_capacity_factor,PV capacity factor,200,0.25331062723782943,0.011453889410922197,0.04521677410781632,0.234048521418595,0.25271260321027866,0.27088023524192556,0.03683171382333056,0.14540137626657815
b9,MAY2024,net_peak_kw,net peak (kW),200,56.30873979212911,2.402824809446522,0.042672324373034386,52.49810181403419,56.56211144164111,59.551634476505676,7.053532662471483,0.12526532627990783
b9,MAY2024,net_min_kw,"net min (kW, <0 export)",200,-69.1251900837521,3.161233413729953,0.04573200319449106,-73.83259372845431,-69.1917822320048,-63.96335534175442,9.869238386699891,0.14277339960645777
b9,MAY2024,wx_mean_temp_c,mean dry-bulb (degC),200,15.946278768817205,2.678534717640557,0.16797240011120376,11.887535268817205,16.043075268817205,19.826120268817203,7.938584999999998,0.49783307535823496
b9,MAY2024,wx_mean_ghi,mean GHI (W/m2),200,317.64627696908605,15.53410573201829,0.04890378656485906,294.04117600806455,317.2145359543011,343.17418652553766,49.13301051747311,0.15467837679789595
b9,MAY2024,n_sessions,EV sessions,200,183.905,26.076924761657107,0.14179562688158073,142.9,184.0,228.0,85.1,0.46273891411326495
b9,MAY2024,ev_energy_mwh,EV energy (MWh),200,2.3749662838921113,0.36461950039465263,0.15352617966311152,1.8341806198117887,2.370226810269549,3.012008437205466,1.1778278173936771,0.4959345424741966
b9,MAY2024,arr_hour_mean,mean arrival hour,200,8.671576142194054,0.2409228125694148,0.027783047581988633,8.31989837398374,8.667279411764707,9.07702591526121,0.7571275412774696,0.08731141015915748
b9,MAY2024,dwell_h_mean,mean dwell (h),200,6.962653786839114,0.2337599126076777,0.033573393100420026,6.597212062131416,6.945246249184605,7.315499084249084,0.7182870221176678,0.10316282327226753
b9,MAY2024,req_soc_mean,mean required SoC (%),200,57.067397737563816,4.592339665019819,0.08047221087841851,49.914139936126105,57.04577113170724,64.61554415581415,14.701404219688044,0.2576147643404993
b9,MAY2024,peak_concurrency,peak concurrent EVs,200,9.415,1.2083357881335892,0.12834156007791708,7.0,9.0,11.0,4.0,0.4248539564524695
b9,NOV2024,bl_peak_kw,building peak (kW),200,100.0,3.0221423444132368e-15,3.022142344413237e-17,100.0,100.0,100.0,0.0,0.0
b9,NOV2024,bl_mean_kw,building mean (kW),200,30.54350878967708,1.3373906772234796,0.043786412570761456,28.296370508374125,30.704970234345986,32.41961460319372,4.123244094819597,0.13499575714146986
b9,NOV2024,bl_energy_mwh,building energy (MWh),200,21.991326328567492,0.9629212876009052,0.04378641257076146,20.37338676602937,22.10757856872911,23.342122514299476,2.968735748270106,0.13499575714146972
b9,NOV2024,bl_load_factor,load factor,200,0.30543508789677076,0.013373906772234798,0.04378641257076147,0.28296370508374125,0.30704970234345985,0.32419614603193714,0.04123244094819589,0.1349957571414696
b9,NOV2024,pv_energy_mwh,PV energy (MWh),200,8.656530708210456,0.4130396634165732,0.04771422609577503,7.986465594603388,8.629961159305848,9.292408170629368,1.3059425760259806,0.15086212017792924
b9,NOV2024,pv_capacity_factor,PV capacity factor,200,0.12022959316958964,0.005736661991896851,0.04771422609577504,0.1109231332583804,0.11986057165702567,0.12906122459207456,0.018138091333694165,0.15086212017792916
b9,NOV2024,net_peak_kw,net peak (kW),200,94.48988667947623,3.259273478362349,0.03449335789149891,88.22764511704916,95.85453476701167,98.09676322161283,9.869118104563668,0.10444628998277018
b9,NOV2024,net_min_kw,"net min (kW, <0 export)",200,-50.04768343811028,2.9368835628262775,0.05868170834436467,-54.94607581068925,-50.00015273504223,-45.21677241105303,9.729303399636223,0.19440067414244308
b9,NOV2024,wx_mean_temp_c,mean dry-bulb (degC),200,13.202425722222223,2.6785347176405567,0.2028820138053924,9.143682222222221,13.299222222222221,17.082267222222224,7.938585000000003,0.6012974560150592
b9,NOV2024,wx_mean_ghi,mean GHI (W/m2),200,125.13856725833334,6.119749784233793,0.04890378656485905,115.83920274999998,124.96848041666667,135.19543320833333,19.356230458333343,0.15467837679789606
b9,NOV2024,n_sessions,EV sessions,200,167.7,24.994672799252815,0.1490439642173692,125.95,170.0,210.0,84.05,0.5011926058437687
b9,NOV2024,ev_energy_mwh,EV energy (MWh),200,2.1732004734484933,0.3591587062900614,0.1652671765344035,1.5829418911793363,2.188383692944904,2.7554169945543863,1.17247510337505,0.5395153911017398
b9,NOV2024,arr_hour_mean,mean arrival hour,200,8.653604334815498,0.2676203251694169,0.03092587953122805,8.255204799711295,8.650920468042052,9.06306401931402,0.8078592196027241,0.0933552296067565
b9,NOV2024,dwell_h_mean,mean dwell (h),200,6.986393033651485,0.23214700145141254,0.03322844854751599,6.599185014507595,6.992107579380896,7.306088235294117,0.706903220786522,0.10118285893472763
b9,NOV2024,req_soc_mean,mean required SoC (%),200,57.15670678739721,4.91893078956927,0.08606043045597356,48.386467509235224,57.05325280616769,64.40895921330092,16.022491704065693,0.28032566263244857
b9,NOV2024,peak_concurrency,peak concurrent EVs,200,9.48,1.3336013131035669,0.14067524399826653,7.0,10.0,12.0,5.0,0.5274261603375527
b9,OCT2024,bl_peak_kw,building peak (kW),200,100.0,6.0442846888264736e-15,6.044284688826474e-17,100.0,100.0,100.0,0.0,0.0
b9,OCT2024,bl_mean_kw,building mean (kW),200,32.25038644276353,0.6949789236950885,0.021549475846700458,31.216819390308494,32.238959852277176,33.307496003449806,2.090676613141312,0.0648264050060841
b9,OCT2024,bl_energy_mwh,building energy (MWh),200,23.99428751341606,0.5170643192291458,0.021549475846700455,23.22531362638952,23.98578613009422,24.780777026566653,1.555463400177132,0.06482640500608393
b9,OCT2024,bl_load_factor,load factor,200,0.3225038644276353,0.006949789236950884,0.02154947584670045,0.3121681939030849,0.3223895985227717,0.33307496003449805,0.020906766131413124,0.0648264050060841
b9,OCT2024,pv_energy_mwh,PV energy (MWh),200,12.031073747030955,0.5672019032554003,0.04714474494808705,11.100615685763815,11.994580586929716,12.907503661822778,1.8068879760589631,0.15018509686260292
b9,OCT2024,pv_capacity_factor,PV capacity factor,200,0.16170798047084614,0.007623681495368281,0.04714474494808704,0.14920182373338461,0.16121748100711986,0.17348795244385457,0.02428612871046995,0.15018509686260306
b9,OCT2024,net_peak_kw,net peak (kW),200,78.72754680065295,2.047662338367638,0.026009477261530203,74.69460928865179,79.02662663547629,80.84274219916004,6.148132910508252,0.07809379512454542
b9,OCT2024,net_min_kw,"net min (kW, <0 export)",200,-53.64564071490202,3.077882471489456,0.05737432586268772,-58.577817507435526,-53.527951819079505,-49.1413737410575,9.436443766378027,0.1759032726727544
b9,OCT2024,wx_mean_temp_c,mean dry-bulb (degC),200,17.03834866129032,2.678534717640557,0.15720623934207664,12.979605161290323,17.135145161290325,20.918190161290322,7.938585,0.4659245539466973
b9,OCT2024,wx_mean_ghi,mean GHI (W/m2),200,179.65862775806454,8.78598718641585,0.04890378656485905,166.3077391935484,179.4144379032258,194.09704411290323,27.789304919354834,0.15467837679789595
b9,OCT2024,n_sessions,EV sessions,200,183.915,26.9131821206504,0.14633489449283854,140.95,183.5,230.04999999999998,89.1,0.4844629312454123
b9,OCT2024,ev_energy_mwh,EV energy (MWh),200,2.3963190588786545,0.39427660085602456,0.16453426741951646,1.7558142005479045,2.3781461497595453,3.1026598880490046,1.3468456875011001,0.5620477300428224
b9,OCT2024,arr_hour_mean,mean arrival hour,200,8.708224610927987,0.24338069809896237,0.027948371679979746,8.311459843070617,8.694360190248348,9.134037873741134,0.8225780306705168,0.09445990054485506
b9,OCT2024,dwell_h_mean,mean dwell (h),200,6.948325315696382,0.23930918466256068,0.034441275241094034,6.536027999408984,6.962134825463473,7.258479801448551,0.7224518020395676,0.10397495356291639
b9,OCT2024,req_soc_mean,mean required SoC (%),200,56.54834928206878,4.970248635503913,0.0878937882114263,48.75359776366975,56.604998804619896,65.25369887554272,16.500101111872972,0.29178749373511914
b9,OCT2024,peak_concurrency,peak concurrent EVs,200,9.44,1.145846771658673,0.12138207326892725,7.0,9.0,11.0,4.0,0.42372881355932207
b9,SEP2024,bl_peak_kw,building peak (kW),200,100.0,6.757715719788579e-15,6.757715719788578e-17,100.0,100.0,100.0,0.0,0.0
b9,SEP2024,bl_mean_kw,building mean (kW),200,32.561665202090865,1.2787581996476216,0.039271892015077574,30.26165067875636,32.7015285333826,34.62248702821872,4.36083634946236,0.13392547102235852
b9,SEP2024,bl_energy_mwh,building energy (MWh),200,23.444398945505426,0.9207059037462875,0.03927189201507757,21.78838848870458,23.54510054403547,24.92819066031748,3.1398021716128994,0.13392547102235852
b9,SEP2024,bl_load_factor,load factor,200,0.32561665202090867,0.012787581996476215,0.039271892015077574,0.30261650678756363,0.327015285333826,0.3462248702821872,0.04360836349462355,0.13392547102235836
b9,SEP2024,pv_energy_mwh,PV energy (MWh),200,14.81462234920475,0.6902974124065218,0.04659568068190256,13.672729342004326,14.770334218436567,15.884281376434673,2.2115520344303476,0.14928170170662933
b9,SEP2024,pv_capacity_factor,PV capacity factor,200,0.2057586437389549,0.009587464061201688,0.04659568068190254,0.18989901863894898,0.20514353081161898,0.22061501911714826,0.03071600047819928,0.14928170170662933
b9,SEP2024,net_peak_kw,net peak (kW),200,80.58247696340123,2.6089168227678274,0.03237573379573253,75.11416490562199,81.37018155712934,83.4321477666396,8.317982861017612,0.10322322140575865
b9,SEP2024,net_min_kw,"net min (kW, <0 export)",200,-61.997163359286716,3.1889624933525003,0.05143723229515818,-66.52842016692094,-62.10940652588347,-57.24147783681972,9.286942330101219,0.14979624593921206
b9,SEP2024,wx_mean_temp_c,mean dry-bulb (degC),200,19.670064611111112,2.6785347176405567,0.13617315299145086,15.61132111111111,19.766861111111112,23.54990611111111,7.938585,0.40358713389867046
b9,SEP2024,wx_mean_ghi,mean GHI (W/m2),200,243.98341468194442,11.931712836971311,0.04890378656485906,225.85238795833334,243.65179534722222,263.5913465069445,37.73895854861115,0.15467837679789617
b9,SEP2024,n_sessions,EV sessions,200,168.23,25.99859099390468,0.15454194254238057,122.95,169.0,208.04999999999998,85.09999999999998,0.505855079355644
b9,SEP2024,ev_energy_mwh,EV energy (MWh),200,2.189665414351419,0.3800884948069298,0.17358291011757718,1.5457079139106975,2.1976861190132864,2.7767782522297515,1.231070338319054,0.5622184696577025
b9,SEP2024,arr_hour_mean,mean arrival hour,200,8.661944120852567,0.26499498887687345,0.030593015283824163,8.281686341711096,8.63517530256036,9.105015846994535,0.8233295052834393,0.095051352652042
b9,SEP2024,dwell_h_mean,mean dwell (h),200,6.987196296635532,0.2369476542277893,0.03391169278325329,6.632036622752507,6.9649478194468015,7.403417034584253,0.7713804118317462,0.11039913279711071
b9,SEP2024,req_soc_mean,mean required SoC (%),200,56.60063063924663,5.117412544568701,0.09041264181640248,48.3720414364842,56.44022040026243,65.76810266977984,17.396061233295633,0.30734748070515805
b9,SEP2024,peak_concurrency,peak concurrent EVs,200,9.48,1.251973316780213,0.13206469586289166,7.950000000000001,9.0,11.0,3.049999999999999,0.321729957805907
