building,month,metric,label,n_episodes,mean,sd,cv,p5,p50,p95,range_p5_p95,rel_range
b1,APR2024,bl_peak_kw,building peak (kW),200,600.0,3.512856819277971e-14,5.854761365463285e-17,600.0,600.0,600.0000000000001,1.1368683772161603e-13,1.8947806286936006e-16
b1,APR2024,bl_mean_kw,building mean (kW),200,371.7839378734514,20.77357401768743,0.05587539401650639,348.8525377123043,365.0190657124035,413.54777175485344,64.69523404254915,0.174012988330255
b1,APR2024,bl_energy_mwh,building energy (MWh),200,267.684435268885,14.956973292734949,0.05587539401650639,251.17382715285908,262.8137273129305,297.7543956634945,46.58056851063543,0.17401298833025516
b1,APR2024,bl_load_factor,load factor,200,0.6196398964557523,0.03462262336281239,0.0558753940165064,0.5814208961871739,0.6083651095206725,0.689246286258089,0.10782539007091518,0.1740129883302549
b1,APR2024,pv_energy_mwh,PV energy (MWh),200,92.1429686378485,7.987714158473823,0.0866882658173095,78.64322280432593,92.50989678665769,104.86025697573164,26.217034171405714,0.2845256079652381
b1,APR2024,pv_capacity_factor,PV capacity factor,200,0.2132939088839086,0.018490079070541256,0.08668826581730948,0.18204449723223595,0.21414327959874468,0.24273207633271218,0.06068757910047623,0.2845256079652383
b1,APR2024,net_peak_kw,net peak (kW),200,443.5136438863154,31.980784041112326,0.07210777950567372,407.5017769226598,433.328365392886,505.54555611005503,98.04377918739522,0.22106147249108418
b1,APR2024,net_min_kw,"net min (kW, <0 export)",200,-123.57948318338717,40.51486362497927,0.32784457890034047,-183.6438928264135,-126.06371042517216,-50.54733344414576,133.09655938226774,1.0770117818404985
b1,APR2024,wx_mean_temp_c,mean dry-bulb (degC),200,13.212057999999999,5.116111727137983,0.38723049256504805,5.6816249999999995,13.182500000000001,21.015439999999998,15.333814999999998,1.1605924678804769
b1,APR2024,wx_mean_ghi,mean GHI (W/m2),200,256.32074297083335,24.3018182926334,0.0948101898073801,216.76740358333333,256.12152583333335,297.2671784166667,80.49977483333336,0.31405876052135745
b1,APR2024,n_sessions,EV sessions,200,398.235,33.05621487267625,0.0830068047074623,342.9,399.0,451.04999999999995,108.14999999999998,0.27157331726242034
b1,APR2024,ev_energy_mwh,EV energy (MWh),200,5.183814569731941,0.4931408669961377,0.09513088486528144,4.436974896962932,5.158586228528847,6.006323716394274,1.569348819431342,0.30274015366882506
b1,APR2024,arr_hour_mean,mean arrival hour,200,8.61821158163332,0.1741912295619407,0.020211992698481424,8.343629204976596,8.608058134524228,8.899119449110566,0.5554902441339706,0.0644553964441767
b1,APR2024,dwell_h_mean,mean dwell (h),200,6.9990300434366475,0.16614040703572597,0.023737633072674753,6.75264700674915,7.002737750007475,7.264591123575498,0.5119441168263474,0.07314500918686925
b1,APR2024,req_soc_mean,mean required SoC (%),200,56.626782543665,3.4265585788819477,0.060511270903299566,50.963319565713086,56.71439588229404,62.13729786796574,11.173978302252657,0.1973267383439344
b1,APR2024,peak_concurrency,peak concurrent EVs,200,18.41,1.5601507464853497,0.08474474451305539,16.0,18.0,21.0,5.0,0.27159152634437805
b1,AUG2024,bl_peak_kw,building peak (kW),200,600.0,3.419163752712976e-14,5.698606254521627e-17,600.0,600.0,600.0,0.0,0.0
b1,AUG2024,bl_mean_kw,building mean (kW),200,366.6768102235944,15.43246616901264,0.042087379781672415,339.6508104667028,368.7375348234238,389.60144075159087,49.950630284888064,0.13622522311795193
b1,AUG2024,bl_energy_mwh,building energy (MWh),200,272.8075468063542,11.481754829745407,0.04208737978167243,252.70020298722687,274.3407259086273,289.8634719191836,37.163268931956736,0.13622522311795202
b1,AUG2024,bl_load_factor,load factor,200,0.611128017039324,0.025720776948354413,0.042087379781672436,0.5660846841111713,0.6145625580390397,0.6493357345859848,0.08325105047481351,0.13622522311795207
b1,AUG2024,pv_energy_mwh,PV energy (MWh),200,106.29844509157418,9.274752818294985,0.08725200834598243,90.71145484551077,106.58001154047913,121.25809663676444,30.546641791253663,0.2873667791183426
b1,AUG2024,pv_capacity_factor,PV capacity factor,200,0.23812375692556942,0.02077677602664647,0.08725200834598242,0.2032066640804453,0.23875450613906612,0.2716355211397053,0.06842885705926,0.2873667791183425
b1,AUG2024,net_peak_kw,net peak (kW),200,407.10130739011095,30.782922111701023,0.07561489376943421,368.25322093520344,399.75064170871406,461.4390661977299,93.18584526252647,0.2289008744774915
b1,AUG2024,net_min_kw,"net min (kW, <0 export)",200,-167.24551929658344,39.60792256228044,0.23682501467822326,-218.46926271659618,-171.3654250438592,-87.61314128039032,130.85612143620585,0.7824192958147551
b1,AUG2024,wx_mean_temp_c,mean dry-bulb (degC),200,19.541453161290324,5.116111727137982,0.2618081513647353,12.011020161290322,19.511895161290322,27.344835161290316,15.333814999999994,0.784681408973963
b1,AUG2024,wx_mean_ghi,mean GHI (W/m2),200,297.15525459610217,28.173346090516805,0.0948101898073801,251.30066436827957,296.9243001344086,344.6248753091398,93.32421094086021,0.3140587605213573
b1,AUG2024,n_sessions,EV sessions,200,398.665,33.24271598153715,0.08338508768398818,345.8,396.5,454.04999999999995,108.24999999999994,0.271531235498476
b1,AUG2024,ev_energy_mwh,EV energy (MWh),200,5.17412773153129,0.4605408670306531,0.08900840700628691,4.395763482696379,5.1655578758510226,5.907522308939263,1.5117588262428834,0.29217655703205386
b1,AUG2024,arr_hour_mean,mean arrival hour,200,8.596029094106864,0.15419739876695895,0.017938212758338762,8.3622191056259,8.577665054667788,8.863340729783037,0.5011216241571361,0.05829687390200756
b1,AUG2024,dwell_h_mean,mean dwell (h),200,7.014069016017827,0.14383611382805173,0.020506800474813885,6.798952635856711,7.02888247592944,7.211116265228959,0.41216362937224815,0.058762414289195326
b1,AUG2024,req_soc_mean,mean required SoC (%),200,56.43866076718136,3.134083267639584,0.055530787319142565,51.355486002187135,56.31332876296354,61.69122769769476,10.335741695507622,0.18313229894210697
b1,AUG2024,peak_concurrency,peak concurrent EVs,200,18.34,1.560955769576084,0.08511209212519542,16.0,18.0,21.0,5.0,0.27262813522355506
b1,DEC2024,bl_peak_kw,building peak (kW),200,600.0,4.264446437309406e-14,7.10741072884901e-17,599.9999999999999,600.0,600.0000000000001,2.2737367544323206e-13,3.789561257387201e-16
b1,DEC2024,bl_mean_kw,building mean (kW),200,400.74375480331116,13.350232308378443,0.03331363782557476,374.73116476308854,401.91592838572444,419.3251769174767,44.59401215438817,0.11127812129293277
b1,DEC2024,bl_energy_mwh,building energy (MWh),200,298.15335357366354,9.93257283743356,0.03331363782557475,278.7999865837379,299.025450718979,311.9779316266027,33.17794504286479,0.11127812129293274
b1,DEC2024,bl_load_factor,load factor,200,0.6679062580055186,0.022250387180630736,0.033313637825574755,0.6245519412718142,0.6698598806428742,0.6988752948624612,0.07432335359064701,0.11127812129293287
b1,DEC2024,pv_energy_mwh,PV energy (MWh),200,43.89715432536867,4.035960323597171,0.09194127468223477,37.23966608602349,44.00090232105828,50.6386209371338,13.398954851110311,0.3052351583384279
b1,DEC2024,pv_capacity_factor,PV capacity factor,200,0.09833591918765382,0.009041129757162121,0.09194127468223479,0.08342219105292,0.09856832957226316,0.11343777091651838,0.030015579863598388,0.3052351583384281
b1,DEC2024,net_peak_kw,net peak (kW),200,599.2860530771604,3.263032034446269,0.005444865632516465,596.1404043542888,600.0,600.0000000000001,3.8595956457113516,0.006440322823956014
b1,DEC2024,net_min_kw,"net min (kW, <0 export)",200,1.1179029286957507,29.74250757557437,26.605626313435586,-44.53740934789405,0.5526029272178334,53.44692817842422,97.98433752631827,87.65013044615233
b1,DEC2024,wx_mean_temp_c,mean dry-bulb (degC),200,9.35314670967742,5.116111727137983,0.546993636039569,1.8227137096774193,9.32358870967742,17.15652870967742,15.333815000000001,1.6394284700072719
b1,DEC2024,wx_mean_ghi,mean GHI (W/m2),200,97.9024369825269,9.282148632918442,0.09481018980738008,82.79492647849463,97.82634543010754,113.54204448924732,30.747118010752686,0.3140587605213573
b1,DEC2024,n_sessions,EV sessions,200,399.105,33.73401687425264,0.0845241650048299,346.0,399.5,454.0,108.0,0.27060547976096516
b1,DEC2024,ev_energy_mwh,EV energy (MWh),200,5.184341341965371,0.5062350236735654,0.09764693145796086,4.372845077393685,5.175256712055605,6.054023901624649,1.6811788242309635,0.32428011840625304
b1,DEC2024,arr_hour_mean,mean arrival hour,200,8.598341298308876,0.17014640120244892,0.019788281867331014,8.319589001456588,8.586381550138666,8.892585013804913,0.5729960123483249,0.06664029636286034
b1,DEC2024,dwell_h_mean,mean dwell (h),200,7.017351687970825,0.16758240641688332,0.023881146886816834,6.751263260559429,7.002149733835168,7.290528707603635,0.5392654470442064,0.07684743062950908
b1,DEC2024,req_soc_mean,mean required SoC (%),200,56.314851209385395,3.25147078448681,0.05773735905644943,50.988344036914896,56.06567808809521,62.13451063026294,11.146166593348042,0.1979258819650478
b1,DEC2024,peak_concurrency,peak concurrent EVs,200,18.43,1.5088016476861037,0.08186661137743373,16.0,19.0,21.0,5.0,0.27129679869777534
b1,FEB2024,bl_peak_kw,building peak (kW),200,600.0,4.558885003617302e-14,7.598141672695502e-17,599.9999999999999,600.0,600.0,1.1368683772161603e-13,1.8947806286936006e-16
b1,FEB2024,bl_mean_kw,building mean (kW),200,303.08490654331524,18.15607931335393,0.05990426748868526,279.30114547852645,301.3187808367626,332.8993707951299,53.598225316603475,0.1768422780530099
b1,FEB2024,bl_energy_mwh,building energy (MWh),200,210.9470949541474,12.636631202094337,0.05990426748868528,194.3935972530544,209.71787146238674,231.69796207341042,37.30436482035603,0.17684227805300998
b1,FEB2024,bl_load_factor,load factor,200,0.5051415109055254,0.030260132188923223,0.05990426748868528,0.46550190913087736,0.5021979680612709,0.55483228465855,0.08933037552767259,0.17684227805301017
b1,FEB2024,pv_energy_mwh,PV energy (MWh),200,60.100648038051325,5.441127530299908,0.09053359169862835,51.09820331430027,60.260065301805696,69.11715390732756,18.01895059302729,0.299812916852727
b1,FEB2024,pv_capacity_factor,PV capacity factor,200,0.1439191763363298,0.013029519948036175,0.09053359169862833,0.12236159797485698,0.14430092265758068,0.165510426023294,0.04314882804843702,0.2998129168527271
b1,FEB2024,net_peak_kw,net peak (kW),200,551.2406518450749,14.60155241484183,0.026488526138209356,526.4881986295035,554.4575380115434,571.4975604655315,45.009361836028006,0.08165102063023791
b1,FEB2024,net_min_kw,"net min (kW, <0 export)",200,-192.50330841386508,37.00920469242491,0.19225230463498524,-252.38024714630473,-194.14953461671305,-130.2836825651816,122.09656458112312,0.634256967254954
b1,FEB2024,wx_mean_temp_c,mean dry-bulb (degC),200,10.240693057471265,5.116111727137983,0.4995864731445534,2.7102600574712645,10.211135057471264,18.04407505747126,15.333814999999996,1.4973415289322591
b1,FEB2024,wx_mean_ghi,mean GHI (W/m2),200,153.53901075071838,14.557062752112985,0.09481018980738011,129.846115158046,153.41967744252872,178.06638656609198,48.22027140804599,0.31405876052135745
b1,FEB2024,n_sessions,EV sessions,200,380.485,31.07342212911334,0.08166792942984175,329.0,379.5,430.04999999999995,101.04999999999995,0.26558208602178784
b1,FEB2024,ev_energy_mwh,EV energy (MWh),200,4.924414754015395,0.4658262510359893,0.09459525127450974,4.198285177121382,4.931991100289278,5.69670661628847,1.498421439167088,0.3042841665489827
b1,FEB2024,arr_hour_mean,mean arrival hour,200,8.59556038411246,0.15687159857478408,0.018250304990554952,8.345903890160184,8.592021617516947,8.870540071199096,0.5246361810389129,0.06103571583402755
b1,FEB2024,dwell_h_mean,mean dwell (h),200,7.02204876509825,0.16659736277762774,0.023724894023189936,6.752900612619336,7.027546727360508,7.2945096932158675,0.5416090805965315,0.077129780597437
b1,FEB2024,req_soc_mean,mean required SoC (%),200,56.75773021941599,3.4961032688237874,0.06159695349529361,51.53171221575472,56.53924590221645,63.23573699934385,11.704024783589126,0.20621023318485965
b1,FEB2024,peak_concurrency,peak concurrent EVs,200,18.405,1.5371366057457674,0.08351733799216339,16.0,18.0,21.0,5.0,0.2716653083401249
b1,JAN2024,bl_peak_kw,building peak (kW),200,600.0,4.6295696064632385e-14,7.715949344105398e-17,600.0,600.0,600.0000000000001,1.1368683772161603e-13,1.8947806286936006e-16
b1,JAN2024,bl_mean_kw,building mean (kW),200,316.86590193687726,21.373719300841728,0.06745351636194537,280.85680018788594,322.769791316593,340.02450623635445,59.16770604846852,0.18672790504374084
b1,JAN2024,bl_energy_mwh,building energy (MWh),200,235.74823104103672,15.902047159826246,0.06745351636194537,208.95745933978716,240.1407247395452,252.9782326398477,44.02077330006054,0.18672790504374068
b1,JAN2024,bl_load_factor,load factor,200,0.528109836561462,0.03562286550140289,0.0674535163619454,0.46809466697980995,0.5379496521943217,0.5667075103939241,0.09861284341411414,0.18672790504374076
b1,JAN2024,pv_energy_mwh,PV energy (MWh),200,50.04050042508688,4.575892958639532,0.0914437889263292,42.48737355861104,50.16420245440381,57.671358533793,15.183984975181957,0.30343391545240717
b1,JAN2024,pv_capacity_factor,PV capacity factor,200,0.11209789521748853,0.01025065626935379,0.0914437889263292,0.0951778081510104,0.11237500549821641,0.12919211141082662,0.03401430325981622,0.3034339154524072
b1,JAN2024,net_peak_kw,net peak (kW),200,590.5055779951816,12.653569320276478,0.02142836544107925,564.0071016148507,594.4854850558393,600.0,35.99289838514926,0.06095268144180503
b1,JAN2024,net_min_kw,"net min (kW, <0 export)",200,-146.4902804448989,32.67363351632014,0.22304301293634327,-197.48135926975556,-148.06787605767087,-89.07302522569694,108.40833404405862,0.7400377261536851
b1,JAN2024,wx_mean_temp_c,mean dry-bulb (degC),200,8.134329505376344,5.116111727137983,0.6289530961041736,0.6038965053763442,8.104771505376345,15.937711505376344,15.333815,1.8850742387390615
b1,JAN2024,wx_mean_ghi,mean GHI (W/m2),200,112.214530359543,10.639080922534289,0.0948101898073801,94.8984936155914,112.12731518817205,130.1404499327957,35.241956317204284,0.3140587605213572
b1,JAN2024,n_sessions,EV sessions,200,415.915,34.95219671603463,0.08403687464033427,358.9,414.0,472.15,113.25,0.27229121334888134
b1,JAN2024,ev_energy_mwh,EV energy (MWh),200,5.374267275939331,0.4987724418842282,0.09280752450054715,4.533319680400162,5.3454692719527745,6.275404715441219,1.7420850350410575,0.3241530325148502
b1,JAN2024,arr_hour_mean,mean arrival hour,200,8.59765257245028,0.15098341785437083,0.017561004772183003,8.350283268686672,8.592032357491515,8.841228621085659,0.4909453523989864,0.057102255326312856
b1,JAN2024,dwell_h_mean,mean dwell (h),200,7.029758981903025,0.148457110606009,0.021118378451976484,6.797376186708861,7.012017725939837,7.2767257559466545,0.4793495692377938,0.0681886207580945
b1,JAN2024,req_soc_mean,mean required SoC (%),200,56.58155732552519,3.39381823738002,0.059980997303674316,50.96924002281767,56.63541041498624,61.71116310313202,10.74192308031435,0.18984848752949457
b1,JAN2024,peak_concurrency,peak concurrent EVs,200,18.36,1.5596675331846692,0.08494921204709528,16.0,18.0,21.0,5.0,0.27233115468409586
b1,JUL2024,bl_peak_kw,building peak (kW),200,600.0,3.419163752712976e-14,5.698606254521627e-17,600.0,600.0,600.0,0.0,0.0
b1,JUL2024,bl_mean_kw,building mean (kW),200,338.96489628299344,15.696792815004779,0.046308018874910026,305.06005553101403,341.8202311653701,358.46858450248646,53.408528971472435,0.1575635989364603
b1,JUL2024,bl_energy_mwh,building energy (MWh),200,252.18988283454712,11.678413854363553,0.04630801887491001,226.96468131507447,254.31425198703533,266.7006268698499,39.73594555477541,0.15756359893645996
b1,JUL2024,bl_load_factor,load factor,200,0.5649414938049891,0.0261613213583413,0.04630801887491002,0.5084334258850234,0.5697003852756168,0.5974476408374775,0.0890142149524541,0.15756359893646033
b1,JUL2024,pv_energy_mwh,PV energy (MWh),200,113.0075324852175,9.790901637923985,0.08663937193040414,96.48321568010894,113.33171313325536,128.65141201159423,32.16819633148529,0.28465532893299134
b1,JUL2024,pv_capacity_factor,PV capacity factor,200,0.25315307456365926,0.021933023382446203,0.08663937193040412,0.2161362358425379,0.25387928569277635,0.28819760755285445,0.07206137171031654,0.28465532893299145
b1,JUL2024,net_peak_kw,net peak (kW),200,410.23672176113,36.16987127808371,0.0881682924990427,347.2813657691687,409.3255293126847,469.7472373252413,122.46587155607261,0.29852488833844876
b1,JUL2024,net_min_kw,"net min (kW, <0 export)",200,-207.47406833808236,42.66095428691167,0.20562065721579698,-267.0470191595795,-212.18400836810093,-125.3575369248562,141.6894822347233,0.6829262248033715
b1,JUL2024,wx_mean_temp_c,mean dry-bulb (degC),200,19.917931655913982,5.116111727137983,0.2568595884110748,12.387498655913978,19.888373655913977,27.721313655913978,15.333815,0.7698497647694821
b1,JUL2024,wx_mean_ghi,mean GHI (W/m2),200,323.71147360416666,30.691146255237758,0.09481018980738011,273.7589429166667,323.4598791666666,375.4233670833334,101.66442416666672,0.3140587605213575
b1,JUL2024,n_sessions,EV sessions,200,416.88,34.64660932455645,0.08310931041200453,359.95,415.5,478.04999999999995,118.09999999999997,0.2832949529840721
b1,JUL2024,ev_energy_mwh,EV energy (MWh),200,5.380287191526958,0.4999893528173861,0.0929298632245477,4.505021783926672,5.369286802646258,6.1525386294098805,1.6475168454832083,0.3062135508449751
b1,JUL2024,arr_hour_mean,mean arrival hour,200,8.58806671788652,0.16052259617290363,0.018691354113328014,8.326621877341188,8.59234870516549,8.834532319863767,0.5079104425225793,0.05914141787752361
b1,JUL2024,dwell_h_mean,mean dwell (h),200,7.036863759815866,0.1605990918792576,0.022822538187588844,6.762827738193788,7.0408045977011495,7.283743764240118,0.5209160260463301,0.07402673176948946
b1,JUL2024,req_soc_mean,mean required SoC (%),200,56.595992648778996,3.2630963841373717,0.057655961693036405,51.742840902599774,56.23563484303274,61.75483329095164,10.011992388351864,0.17690284982691018
b1,JUL2024,peak_concurrency,peak concurrent EVs,200,18.49,1.724753277818811,0.09328032870842679,16.0,18.0,22.0,6.0,0.3244997295835587
b1,JUN2024,bl_peak_kw,building peak (kW),200,600.0,2.791735513722158e-14,4.652892522870263e-17,600.0,600.0,600.0,0.0,0.0
b1,JUN2024,bl_mean_kw,building mean (kW),200,308.5706207695806,11.527033240090136,0.037356224035008614,294.53090792404555,307.73915407395464,322.92440159368743,28.393493669641884,0.09201619259418803
b1,JUN2024,bl_energy_mwh,building energy (MWh),200,222.170846954098,8.299463932864898,0.03735622403500862,212.0622537053128,221.57219093324733,232.50556914745496,20.443315442142165,0.09201619259418807
b1,JUN2024,bl_load_factor,load factor,200,0.514284367949301,0.019211722066816896,0.03735622403500862,0.49088484654007597,0.5128985901232577,0.5382073359894791,0.04732248944940315,0.09201619259418804
b1,JUN2024,pv_energy_mwh,PV energy (MWh),200,111.20200409923225,9.539147028040267,0.08578215028865767,95.0090924847186,111.60283140671973,126.21032020396791,31.201227719249317,0.2805815234355541
b1,JUN2024,pv_capacity_factor,PV capacity factor,200,0.2574120465260005,0.02208135886120432,0.08578215028865767,0.2199284548257375,0.2583398875155549,0.2921535189906665,0.07222506416492899,0.2805815234355542
b1,JUN2024,net_peak_kw,net peak (kW),200,408.0310498113626,28.963641790807777,0.07098391606275552,370.7731499795121,402.3056103851861,456.9156510627384,86.1425010832263,0.2111175145201596
b1,JUN2024,net_min_kw,"net min (kW, <0 export)",200,-244.39856505827134,39.33897746993301,0.16096239133218118,-291.4637634417687,-250.32303431069087,-171.5261310173833,119.93763242438541,0.4907460581685043
b1,JUN2024,wx_mean_temp_c,mean dry-bulb (degC),200,17.79053022222222,5.116111727137983,0.28757499991469776,10.260097222222221,17.76097222222222,25.593912222222222,15.333815000000001,0.8619088250021055
b1,JUN2024,wx_mean_ghi,mean GHI (W/m2),200,329.6491404111111,31.254097572217145,0.09481018980738012,278.7803571111111,329.3929311111111,382.3095575555556,103.52920044444454,0.31405876052135767
b1,JUN2024,n_sessions,EV sessions,200,361.965,30.962999072405584,0.08554141718786508,313.9,362.0,414.09999999999997,100.19999999999999,0.2768223447018358
b1,JUN2024,ev_energy_mwh,EV energy (MWh),200,4.6846918079846285,0.47221047824471407,0.10079862189437404,3.940093589452366,4.670832799977829,5.510897029472571,1.5708034400202049,0.3353056090782566
b1,JUN2024,arr_hour_mean,mean arrival hour,200,8.596985928544767,0.18046088204211785,0.02099118034414009,8.312959677419354,8.60258646307984,8.886417597765362,0.5734579203460086,0.06670453169429338
b1,JUN2024,dwell_h_mean,mean dwell (h),200,7.034015464367852,0.16935224256457931,0.024076182860624268,6.767884987006064,7.036419605021188,7.309338626538078,0.5414536395320138,0.07697646419386629
b1,JUN2024,req_soc_mean,mean required SoC (%),200,56.927021375481466,3.4910595082879405,0.06132517430099626,51.680262066620735,57.003588648345,62.03907565081427,10.358813584193534,0.18196654829116155
b1,JUN2024,peak_concurrency,peak concurrent EVs,200,18.395,1.7789881941639958,0.09671042099287827,16.0,18.0,22.0,6.0,0.32617559119325906
b1,MAR2024,bl_peak_kw,building peak (kW),200,600.0,4.6295696064632385e-14,7.715949344105398e-17,599.9999999999999,600.0,600.0000000000001,2.2737367544323206e-13,3.789561257387201e-16
b1,MAR2024,bl_mean_kw,building mean (kW),200,344.43995440109256,23.45499434594801,0.06809603254863748,312.4328283278706,338.2096511195183,389.2524367633015,76.8196084354309,0.22302757695170344
b1,MAR2024,bl_energy_mwh,building energy (MWh),200,256.2633260744128,17.45051579338532,0.06809603254863751,232.45002427593573,251.62798043292162,289.6038129518963,57.153788675960584,0.22302757695170347
b1,MAR2024,bl_load_factor,load factor,200,0.5740665906684876,0.03909165724324668,0.06809603254863748,0.5207213805464509,0.5636827518658638,0.6487540612721691,0.12803268072571816,0.22302757695170344
b1,MAR2024,pv_energy_mwh,PV energy (MWh),200,82.49078241831805,7.354120205054038,0.08915081163566427,70.25330059197353,82.73545180395283,94.57949301020119,24.326192418227663,0.2948958866078805
b1,MAR2024,pv_capacity_factor,PV capacity factor,200,0.18479117925250463,0.016474283613472307,0.08915081163566424,0.1573774654838117,0.18533927375437462,0.2118716241267948,0.0544941586429831,0.29489588660788035
b1,MAR2024,net_peak_kw,net peak (kW),200,496.0774407290421,29.810984707104986,0.060093409334023254,455.31618495890774,493.11148613861457,549.8831955442915,94.5670105853838,0.1906295324504312
b1,MAR2024,net_min_kw,"net min (kW, <0 export)",200,-191.8003327728346,40.32583666342782,0.21024904430791125,-250.5632450295823,-195.5246041492949,-118.40974848735199,132.1534965422303,0.6890159919521667
b1,MAR2024,wx_mean_temp_c,mean dry-bulb (degC),200,11.783926279569892,5.116111727137983,0.43416019463800637,4.253493279569893,11.754368279569892,19.587308279569893,15.333815,1.301248381584383
b1,MAR2024,wx_mean_ghi,mean GHI (W/m2),200,209.48752799596775,19.861552291576558,0.09481018980738011,177.16111072580645,209.32471048387097,242.95250411290326,65.7913933870968,0.31405876052135745
b1,MAR2024,n_sessions,EV sessions,200,380.61,32.72802342928671,0.08598834352562126,325.95,378.5,431.04999999999995,105.09999999999997,0.2761356769396494
b1,MAR2024,ev_energy_mwh,EV energy (MWh),200,4.9338020505606215,0.4711156305568035,0.09548733932348812,4.144764471392224,4.938561898782277,5.741659051288037,1.596894579895813,0.3236640958699103
b1,MAR2024,arr_hour_mean,mean arrival hour,200,8.60924611336595,0.1724731747120147,0.02003348172893422,8.36209549071618,8.600122850122851,8.936552419354838,0.5744569286386572,0.06672557864814742
b1,MAR2024,dwell_h_mean,mean dwell (h),200,6.9992679295163365,0.17329342670517578,0.024758793126690708,6.73297181738611,7.009912607752922,7.268623544057465,0.5356517266713547,0.07652967882719262
b1,MAR2024,req_soc_mean,mean required SoC (%),200,56.69972893390455,3.0101533744807827,0.05308937857515596,51.86445577907536,56.84549040865866,61.75160019838112,9.887144419305763,0.174377278431636
b1,MAR2024,peak_concurrency,peak concurrent EVs,200,18.555,1.7122012632366401,0.0922770823625244,16.0,19.0,22.0,6.0,0.32336297493936944
b1,MAY2024,bl_peak_kw,building peak (kW),200,600.0,4.1876032705832375e-14,6.979338784305395e-17,600.0,600.0,600.0000000000001,1.1368683772161603e-13,1.8947806286936006e-16
b1,MAY2024,bl_mean_kw,building mean (kW),200,276.6652876852839,13.841940685921216,0.05003136028277928,260.37501409495945,276.3909690220683,292.1125504631048,31.737536368145356,0.11471455864115442
b1,MAY2024,bl_energy_mwh,building energy (MWh),200,205.83897403785122,10.298403870325384,0.050031360282779276,193.71901048664984,205.63488095241883,217.33173754454998,23.612727057900145,0.11471455864115442
b1,MAY2024,bl_load_factor,load factor,200,0.4611088128088065,0.023069901143202023,0.05003136028277927,0.43395835682493245,0.4606516150367805,0.4868542507718413,0.052895893946908856,0.11471455864115426
b1,MAY2024,pv_energy_mwh,PV energy (MWh),200,111.34456995552753,9.529523926973702,0.08558588829953646,95.14124320191374,111.81044480886845,126.34007432267548,31.19883112076174,0.28020074201393885
b1,MAY2024,pv_capacity_factor,PV capacity factor,200,0.24942780007958676,0.021347499836410627,0.08558588829953648,0.21313002509389276,0.25047142654316407,0.2830198797550974,0.06988985466120465,0.280200742013939
b1,MAY2024,net_peak_kw,net peak (kW),200,355.6738049197492,27.99227700505923,0.07870210461907684,321.7879282397257,353.4926504052298,401.7005902235603,79.9126619838346,0.22467963869834415
b1,MAY2024,net_min_kw,"net min (kW, <0 export)",200,-290.6965848850079,36.199867282061554,0.1245280101807226,-338.0153636990235,-296.3597934287138,-223.82607613749437,114.18928756152914,0.3928126214716265
b1,MAY2024,wx_mean_temp_c,mean dry-bulb (degC),200,15.361883268817206,5.116111727137983,0.33303935706392723,7.831450268817203,15.332325268817204,23.165265268817205,15.333815000000001,0.9981728627717033
b1,MAY2024,wx_mean_ghi,mean GHI (W/m2),200,312.23784560819894,29.603329407160786,0.09481018980738011,264.05583219086026,311.9951686827957,362.1168629704301,98.06103077956982,0.3140587605213571
b1,MAY2024,n_sessions,EV sessions,200,417.94,35.66801700663957,0.08534243433660232,354.0,419.0,471.19999999999993,117.19999999999993,0.28042302722878865
b1,MAY2024,ev_energy_mwh,EV energy (MWh),200,5.416605192863215,0.525009450206892,0.09692592158989759,4.587950980979705,5.427616912759175,6.28964485902938,1.7016938780496753,0.3141624352263638
b1,MAY2024,arr_hour_mean,mean arrival hour,200,8.608096777844292,0.16966981156571806,0.019710490709446707,8.327001853336004,8.609072928653625,8.890055272701911,0.5630534193659074,0.06540974548695905
b1,MAY2024,dwell_h_mean,mean dwell (h),200,6.99924393638636,0.16383745649072276,0.023407879190921643,6.685892660940657,7.00671935462714,7.251394218226879,0.5655015572862219,0.08079466331304702
b1,MAY2024,req_soc_mean,mean required SoC (%),200,56.656563169404244,3.6096773252324694,0.06371154767082259,50.27156608463737,56.72522973986468,61.76873906021766,11.497172975580291,0.2029274691654613
b1,MAY2024,peak_concurrency,peak concurrent EVs,200,18.46,1.7703305769710906,0.09590089799410025,16.0,18.0,21.049999999999983,5.049999999999983,0.27356446370530785
b1,NOV2024,bl_peak_kw,building peak (kW),200,600.0,3.948110226064496e-14,6.580183710107493e-17,599.9999999999999,600.0,600.0000000000001,2.2737367544323206e-13,3.789561257387201e-16
b1,NOV2024,bl_mean_kw,building mean (kW),200,333.1695120530728,20.594098944982996,0.06181267552987388,306.60034448253145,329.58221125072635,374.92309465754886,68.3227501750174,0.2050690345403928
b1,NOV2024,bl_energy_mwh,building energy (MWh),200,239.8820486782125,14.827751240387757,0.061812675529873864,220.75224802742267,237.29919210052293,269.9446281534352,49.19238012601252,0.20506903454039271
b1,NOV2024,bl_load_factor,load factor,200,0.5552825200884548,0.03432349824163832,0.061812675529873864,0.5110005741375524,0.5493036854178771,0.6248718244292482,0.11387125029169576,0.2050690345403929
b1,NOV2024,pv_energy_mwh,PV energy (MWh),200,51.188817189059016,4.6720028367000435,0.09126999007311751,43.46722208867805,51.321644786900244,58.95198014458225,15.484758055904202,0.3025027516989371
b1,NOV2024,pv_capacity_factor,PV capacity factor,200,0.11849263238208106,0.0108148213812501,0.0912699900731175,0.10061856964971772,0.1188001036733802,0.1364629170013478,0.035844347351630085,0.302502751698937
b1,NOV2024,net_peak_kw,net peak (kW),200,582.8634474868209,16.183045291733674,0.02776472836221144,553.2231680155046,584.3136463710382,600.0,46.7768319844954,0.08025350051746567
b1,NOV2024,net_min_kw,"net min (kW, <0 export)",200,-115.41326911390253,36.005872306913524,0.3119734202432041,-171.1603848436187,-116.45770103974161,-51.70836491214062,119.45201993147808,1.034993816989879
b1,NOV2024,wx_mean_temp_c,mean dry-bulb (degC),200,12.618030222222222,5.116111727137983,0.40546041157262025,5.0875972222222225,12.588472222222222,20.421412222222223,15.333815000000001,1.2152304860543828
b1,NOV2024,wx_mean_ghi,mean GHI (W/m2),200,123.00788479583335,11.662400905297304,0.0948101898073801,104.02630508333333,122.91228083333333,142.65800891666666,38.63170383333333,0.3140587605213573
b1,NOV2024,n_sessions,EV sessions,200,381.44,31.640988619258092,0.08295141731139391,331.95,379.5,430.19999999999993,98.24999999999994,0.25757655201342267
b1,NOV2024,ev_energy_mwh,EV energy (MWh),200,4.953948221995301,0.45831508380986896,0.09251511385907733,4.247145246788681,4.928619442607044,5.759962270891821,1.51281702410314,0.3053760266177798
b1,NOV2024,arr_hour_mean,mean arrival hour,200,8.603421005427304,0.17042481978951704,0.019808959678017362,8.352278765283506,8.586125017082768,8.872216489361701,0.5199377240781953,0.06043383483735162
b1,NOV2024,dwell_h_mean,mean dwell (h),200,7.020674887312802,0.17535065500503405,0.024976324615445963,6.7040002541726675,7.023576408384803,7.264423593589384,0.5604233394167162,0.07982471036074723
b1,NOV2024,req_soc_mean,mean required SoC (%),200,56.91999779972161,3.1317048316959193,0.055019412381481794,51.38224740268714,57.28547779067367,61.81085373963766,10.428606336950516,0.1832151570638592
b1,NOV2024,peak_concurrency,peak concurrent EVs,200,18.41,1.6690803293217025,0.09066161484637167,16.0,18.0,22.0,6.0,0.32590983161325365
b1,OCT2024,bl_peak_kw,building peak (kW),200,600.0,3.693118947787989e-14,6.155198246313315e-17,600.0,600.0,600.0000000000001,1.1368683772161603e-13,1.8947806286936006e-16
b1,OCT2024,bl_mean_kw,building mean (kW),200,309.306047314131,15.24410403976173,0.04928485612271211,287.39692218705414,308.97896599102626,324.4490625431796,37.05214035612545,0.11979119282622795
b1,OCT2024,bl_energy_mwh,building energy (MWh),200,230.1236992017135,11.341613405582724,0.049284856122712085,213.82331010716825,229.88035069732348,241.39010253212558,27.566792424957328,0.1197911928262279
b1,OCT2024,bl_load_factor,load factor,200,0.515510078856885,0.02540684006626955,0.0492848561227121,0.47899487031175686,0.514964943318377,0.540748437571966,0.06175356726020914,0.11979119282622805
b1,OCT2024,pv_energy_mwh,PV energy (MWh),200,71.15792451164045,6.416937099852134,0.09017881204225416,60.52041519040274,71.34977599984373,81.73097271821106,21.210557527808326,0.2980772369820676
b1,OCT2024,pv_capacity_factor,PV capacity factor,200,0.1594039527590512,0.014374859094650836,0.09017881204225414,0.1355744067885366,0.15983372759821624,0.18308909659097464,0.04751468980243803,0.29807723698206773
b1,OCT2024,net_peak_kw,net peak (kW),200,476.17023640389664,25.512396653571155,0.05357831024098503,434.21541502562155,475.9344900819426,522.0577800450118,87.84236501939023,0.1844768074602644
b1,OCT2024,net_min_kw,"net min (kW, <0 export)",200,-174.26755602687822,36.72470885886832,0.2107374986839436,-231.6716079562365,-175.9763979840414,-111.793315114847,119.8782928413895,0.6878979402390886
b1,OCT2024,wx_mean_temp_c,mean dry-bulb (degC),200,16.453953161290325,5.116111727137983,0.3109351094528566,8.923520161290323,16.42439516129032,24.257335161290325,15.333815000000001,0.9319228546289066
b1,OCT2024,wx_mean_ghi,mean GHI (W/m2),200,176.5996548467742,16.743446795940475,0.0948101898073801,149.3482275806452,176.46239838709675,204.81089629032257,55.46266870967739,0.31405876052135717
b1,OCT2024,n_sessions,EV sessions,200,417.43,35.296092855361074,0.08455571677972612,361.95,415.0,474.04999999999995,112.09999999999997,0.2685480200273099
b1,OCT2024,ev_energy_mwh,EV energy (MWh),200,5.429877859739531,0.5459813786080498,0.10055131859526585,4.594138009242972,5.402504669501362,6.358890455303232,1.7647524460602604,0.32500776106682344
b1,OCT2024,arr_hour_mean,mean arrival hour,200,8.604160041069076,0.17030292507949238,0.01979309127987025,8.316607377439045,8.596808510638297,8.88275198886237,0.5661446114233257,0.06579894013140436
b1,OCT2024,dwell_h_mean,mean dwell (h),200,7.013745173210728,0.14653157975098396,0.02089205925397276,6.788772017708585,7.007035099075772,7.255450767263427,0.4666787495548421,0.0665377395428251
b1,OCT2024,req_soc_mean,mean required SoC (%),200,56.65128063325587,3.3623248578921374,0.059351259500360874,51.14915482358386,56.43721706755167,62.46812082298453,11.318965999400675,0.19980070834896763
b1,OCT2024,peak_concurrency,peak concurrent EVs,200,18.59,1.6077388222603244,0.08648406789996366,16.0,19.0,21.0,5.0,0.2689618074233459
b1,SEP2024,bl_peak_kw,building peak (kW),200,600.0,4.339929225409367e-14,7.233215375682277e-17,599.9999999999999,600.0,600.0000000000001,2.2737367544323206e-13,3.789561257387201e-16
b1,SEP2024,bl_mean_kw,building mean (kW),200,277.787127052498,12.172647376226884,0.04382005568575688,258.23817185904227,278.1299919706921,299.08931778091664,40.85114592187438,0.14705917569086654
b1,SEP2024,bl_energy_mwh,building energy (MWh),200,200.00673147779855,8.764306110883357,0.043820055685756885,185.93148373851042,200.25359421889837,215.34430880225997,29.41282506374955,0.14705917569086657
b1,SEP2024,bl_load_factor,load factor,200,0.46297854508749664,0.0202877456270448,0.04382005568575687,0.4303969530984038,0.4635499866178202,0.49848219630152757,0.06808524320312376,0.14705917569086613
b1,SEP2024,pv_energy_mwh,PV energy (MWh),200,87.62935161752841,7.797481325587438,0.08898252904598367,74.65358487503147,87.8354110475331,100.40164863173331,25.74806375670184,0.2938292168254669
b1,SEP2024,pv_capacity_factor,PV capacity factor,200,0.2028457213368713,0.018049725290711666,0.08898252904598371,0.17280922424775805,0.20332271075817848,0.23241122368456785,0.0596019994368098,0.2938292168254669
b1,SEP2024,net_peak_kw,net peak (kW),200,463.802570055011,22.52188928598995,0.04855921622710857,422.5277070910307,463.4433231138678,499.3410642533246,76.81335716229387,0.16561649745317958
b1,SEP2024,net_min_kw,"net min (kW, <0 export)",200,-254.23013727681638,40.602823978400764,0.1597089330687444,-321.14874470462894,-255.41185391036308,-183.56204147032517,137.58670323430377,0.5411895879381665
b1,SEP2024,wx_mean_temp_c,mean dry-bulb (degC),200,19.08566911111111,5.116111727137983,0.268060380663287,11.55523611111111,19.05611111111111,26.889051111111108,15.333814999999998,0.8034203522407871
b1,SEP2024,wx_mean_ghi,mean GHI (W/m2),200,239.82921031319447,22.73825295114805,0.0948101898073801,202.82071056944446,239.64281069444445,278.14117509722223,75.32046452777777,0.3140587605213573
b1,SEP2024,n_sessions,EV sessions,200,380.725,32.317510461235415,0.08488413017594172,327.85,379.0,435.09999999999997,107.24999999999994,0.281699389323002
b1,SEP2024,ev_energy_mwh,EV energy (MWh),200,4.928622141542539,0.4574425886368735,0.09281348326161296,4.209281830289375,4.912828682608597,5.698595901065613,1.4893140707762385,0.30217655726192866
b1,SEP2024,arr_hour_mean,mean arrival hour,200,8.61951891232167,0.17408009241594524,0.020196033466217747,8.337392958437876,8.617251506967946,8.935592948717948,0.5981999902800723,0.06940062390546423
b1,SEP2024,dwell_h_mean,mean dwell (h),200,6.995249570963241,0.1657200901887467,0.02369037566245505,6.738805722803317,7.005775604837043,7.240407763201902,0.501602040398585,0.07170609644589346
b1,SEP2024,req_soc_mean,mean required SoC (%),200,57.01062064255354,3.2808101786201194,0.05754735068032702,51.02097232413647,56.99082871144205,62.170365431916565,11.149393107780092,0.19556694844079678
b1,SEP2024,peak_concurrency,peak concurrent EVs,200,18.31,1.7024664342650033,0.09298014387028965,16.0,18.0,21.049999999999983,5.049999999999983,0.2758055707263781
b10,APR2024,bl_peak_kw,building peak (kW),200,50.0,3.0221423444132368e-15,6.044284688826474e-17,49.99999999999999,50.0,50.0,7.105427357601002e-15,1.4210854715202004e-16
b10,APR2024,bl_mean_kw,building mean (kW),200,17.508855631927215,1.199789572100499,0.06852472813315653,15.793300212561633,17.2477525693221,19.88473297335486,4.091432760793229,0.23367790829987448
b10,APR2024,bl_energy_mwh,building energy (MWh),200,12.606376054987592,0.8638484919123592,0.06852472813315655,11.371176153044376,12.41838184991191,14.3170077408155,2.9458315877711243,0.2336779082998745
b10,APR2024,bl_load_factor,load factor,200,0.3501771126385443,0.023995791442009987,0.06852472813315655,0.31586600425123257,0.344955051386442,0.3976946594670972,0.08182865521586463,0.23367790829987467
b10,APR2024,pv_energy_mwh,PV energy (MWh),200,7.607974479205702,0.6508442909779477,0.08554764382515358,6.538723040905077,7.593164907474876,8.62769089153694,2.088967850631863,0.27457608544054396
b10,APR2024,pv_capacity_factor,PV capacity factor,200,0.2113326244223806,0.018079008082720772,0.08554764382515359,0.18163119558069654,0.21092124742985768,0.23965808032047053,0.05802688473977399,0.2745760854405441
b10,APR2024,net_peak_kw,net peak (kW),200,33.884213616202985,4.229697457808858,0.12482796578127676,28.907409662742133,32.59819682363022,42.78796805960166,13.880558396859527,0.4096467621790115
b10,APR2024,net_min_kw,"net min (kW, <0 export)",200,-28.230757655967878,2.7655587250983915,0.09796261080912799,-32.61151782380597,-28.423862192112708,-23.680628280289074,8.930889543516894,0.3163531653082976
b10,APR2024,wx_mean_temp_c,mean dry-bulb (degC),200,13.913988,5.414793542100554,0.3891618666122577,5.252485,13.732399999999998,22.821144999999998,17.568659999999998,1.2626617185525817
b10,APR2024,wx_mean_ghi,mean GHI (W/m2),200,254.32442932916666,23.040387747240164,0.09059447339767539,216.76093129166668,254.41284083333335,290.73663612499996,73.97570483333328,0.2908714079432303
b10,APR2024,n_sessions,EV sessions,200,117.075,22.416105458343964,0.1914679091039416,83.95,118.0,156.0,72.05,0.6154174674354046
b10,APR2024,ev_energy_mwh,EV energy (MWh),200,1.5014769947950344,0.30187068177414933,0.20104915547864088,1.0277763891707925,1.5298725865296112,2.0113644245083053,0.9835880353375128,0.6550803234063415
b10,APR2024,arr_hour_mean,mean arrival hour,200,8.69750812591869,0.3361417432446255,0.038648051646300696,8.2048086839934,8.680388621794872,9.290875180078205,1.086066496084804,0.12487099527372807
b10,APR2024,dwell_h_mean,mean dwell (h),200,6.977678046856372,0.32069752570655835,0.04596049338376124,6.431660714285714,6.971926166203275,7.456459651898734,1.0247989376130198,0.14686818892062792
b10,APR2024,req_soc_mean,mean required SoC (%),200,57.5032393205856,5.927478647393231,0.10308077801229629,47.904437684430974,57.73122404793513,67.03379523426352,19.129357549832548,0.33266573806711486
b10,APR2024,peak_concurrency,peak concurrent EVs,200,6.85,1.0597714743705113,0.15471116414168049,5.0,7.0,9.0,4.0,0.5839416058394161
b10,AUG2024,bl_peak_kw,building peak (kW),200,50.0,3.561628909076017e-15,7.123257818152035e-17,49.99999999999999,50.0,50.00000000000001,1.4210854715202004e-14,2.842170943040401e-16
b10,AUG2024,bl_mean_kw,building mean (kW),200,18.0603947032051,1.5079257314459555,0.08349350920765593,15.415808377187917,18.065215474191994,20.462024567129564,5.046216189941648,0.2794078575174283
b10,AUG2024,bl_energy_mwh,building energy (MWh),200,13.436933659184596,1.1218967441957908,0.08349350920765591,11.46936143262781,13.440520312798844,15.223746277944395,3.7543848453165847,0.2794078575174282
b10,AUG2024,bl_load_factor,load factor,200,0.36120789406410203,0.03015851462891911,0.08349350920765593,0.3083161675437583,0.36130430948383985,0.4092404913425912,0.10092432379883293,0.2794078575174282
b10,AUG2024,pv_energy_mwh,PV energy (MWh),200,8.775326967440016,0.7553861973914744,0.08608068966481366,7.542025492813018,8.753699772052041,9.984102581124143,2.442077088311125,0.2782890138877116
b10,AUG2024,pv_capacity_factor,PV capacity factor,200,0.23589588622150579,0.020306080575039635,0.08608068966481366,0.20274262077454347,0.23531451000139897,0.26838985433129414,0.06564723355675067,0.27828901388771166
b10,AUG2024,net_peak_kw,net peak (kW),200,31.892303559365704,4.368140190512851,0.1369653396902424,25.23702587858992,31.286794280820335,39.6528007447631,14.415774866173177,0.4520142246651777
b10,AUG2024,net_min_kw,"net min (kW, <0 export)",200,-32.289031681964644,2.9168240727441197,0.09033482643498845,-36.109783662531214,-32.35838038102087,-26.567149562143893,9.542634100387321,0.29553794596192406
b10,AUG2024,wx_mean_temp_c,mean dry-bulb (degC),200,20.24338316129032,5.414793542100554,0.2674846145507337,11.581880161290321,20.06179516129032,29.15054016129032,17.568659999999998,0.8678717317170103
b10,AUG2024,wx_mean_ghi,mean GHI (W/m2),200,294.84090780712364,26.710956778878927,0.0905944733976754,251.29316097446235,294.94340416666665,337.05395094758063,85.76078997311828,0.2908714079432305
b10,AUG2024,n_sessions,EV sessions,200,116.065,22.014859645842183,0.18967698828968407,82.95,115.5,153.09999999999997,70.14999999999996,0.6044027053806054
b10,AUG2024,ev_energy_mwh,EV energy (MWh),200,1.4827107420756527,0.30133469922958767,0.20323228980438088,1.022875924413447,1.45301242284518,1.9891435556798456,0.9662676312663985,0.6516899108141057
b10,AUG2024,arr_hour_mean,mean arrival hour,200,8.685934602812498,0.3216946874836005,0.037036277866913256,8.186723008616143,8.691367398408637,9.240920836269673,1.05419782765353,0.1213683818563614
b10,AUG2024,dwell_h_mean,mean dwell (h),200,6.936597030733692,0.30269615851579335,0.04363755847062328,6.443471128608924,6.960798816568047,7.400266666666666,0.956795538057742,0.13793442718648752
b10,AUG2024,req_soc_mean,mean required SoC (%),200,57.33389423723036,6.259476620841745,0.10917584971538684,46.42802685477442,57.522832557955816,67.36494630630983,20.93691945153541,0.3651752550577631
b10,AUG2024,peak_concurrency,peak concurrent EVs,200,6.935,0.9775237919452884,0.14095512501013532,5.0,7.0,9.0,4.0,0.5767844268204759
b10,DEC2024,bl_peak_kw,building peak (kW),200,50.0,3.3788578598942893e-15,6.757715719788578e-17,49.99999999999999,50.0,50.00000000000001,1.4210854715202004e-14,2.842170943040401e-16
b10,DEC2024,bl_mean_kw,building mean (kW),200,18.992786969817228,0.6223698109632404,0.032768745942988356,18.274582056630575,18.825969588653397,19.928925733437072,1.6543436768064979,0.08710378731860319
b10,DEC2024,bl_energy_mwh,building energy (MWh),200,14.130633505544017,0.46304313935665076,0.03276874594298835,13.596289050133148,14.006521373958126,14.827120745677183,1.230831695544035,0.08710378731860324
b10,DEC2024,bl_load_factor,load factor,200,0.3798557393963445,0.012447396219264805,0.032768745942988356,0.3654916411326115,0.3765193917730679,0.3985785146687415,0.03308687353612999,0.0871037873186033
b10,DEC2024,pv_energy_mwh,PV energy (MWh),200,3.622835843905585,0.32715315612827595,0.09030305821850036,3.0962455809113063,3.6093422077353816,4.140333198831851,1.0440876179205443,0.2881962260798903
b10,DEC2024,pv_capacity_factor,PV capacity factor,200,0.0973880603200426,0.008794439680867632,0.09030305821850036,0.08323240808901361,0.09702532816492962,0.11129927953849059,0.028066871449476977,0.28819622607989015
b10,DEC2024,net_peak_kw,net peak (kW),200,49.53969393489518,0.899642731281582,0.018160038139595453,47.30854581308212,50.0,50.00000000000001,2.6914541869178876,0.054329245361406216
b10,DEC2024,net_min_kw,"net min (kW, <0 export)",200,-18.949590480797152,2.3527612734610783,0.12415895086731736,-22.678965282642288,-18.959791377877544,-14.921672034499302,7.757293248142986,0.40936469080975413
b10,DEC2024,wx_mean_temp_c,mean dry-bulb (degC),200,10.05507670967742,5.414793542100554,0.538513399593375,1.3935737096774194,9.873488709677419,18.96223370967742,17.56866,1.7472427617674162
b10,DEC2024,wx_mean_ghi,mean GHI (W/m2),200,97.13993930779569,8.8003416474719,0.0905944733976754,82.79245436827958,97.17370833333334,111.04768528225806,28.25523091397848,0.2908714079432304
b10,DEC2024,n_sessions,EV sessions,200,115.52,22.247795893313853,0.19258826084932354,83.95,116.0,153.0,69.05,0.5977319944598338
b10,DEC2024,ev_energy_mwh,EV energy (MWh),200,1.485891774724896,0.3108385678593576,0.2091932758137163,1.0018789967647088,1.4865464014710759,1.9975642360070183,0.9956852392423094,0.6700927053901046
b10,DEC2024,arr_hour_mean,mean arrival hour,200,8.72275047133496,0.3081629584469803,0.03532864541519069,8.259665852103698,8.703643331045527,9.259976708074534,1.0003108559708362,0.11467837573229872
b10,DEC2024,dwell_h_mean,mean dwell (h),200,6.934746428631525,0.29823523448821765,0.04300593216456946,6.468618543148779,6.9393324921893775,7.382640888523242,0.9140223453744634,0.13180328290025636
b10,DEC2024,req_soc_mean,mean required SoC (%),200,57.133314169141194,5.7935206356891396,0.10140354572356196,47.198533626587746,57.44556226652814,66.1722617477217,18.97372812113396,0.3320957027796934
b10,DEC2024,peak_concurrency,peak concurrent EVs,200,6.795,1.174680540342478,0.17287425170603063,5.0,7.0,9.0,4.0,0.5886681383370125
b10,FEB2024,bl_peak_kw,building peak (kW),200,50.0,2.8493031272608136e-15,5.698606254521627e-17,49.99999999999999,50.0,50.0,7.105427357601002e-15,1.4210854715202004e-16
b10,FEB2024,bl_mean_kw,building mean (kW),200,16.780120694104976,1.138521076909757,0.06784939737112443,15.2502478361856,16.493444036641705,18.56354411318743,3.313296277001829,0.1974536618300858
b10,FEB2024,bl_energy_mwh,building energy (MWh),200,11.678964003097063,0.7924106695291908,0.06784939737112444,10.614172493985178,11.479437049502625,12.920226702778452,2.306054208793274,0.19745366183008592
b10,FEB2024,bl_load_factor,load factor,200,0.3356024138820996,0.02277042153819514,0.06784939737112443,0.30500495672371203,0.32986888073283405,0.3712708822637486,0.06626592554003657,0.19745366183008575
b10,FEB2024,pv_energy_mwh,PV energy (MWh),200,4.96056758976753,0.4415932895343932,0.08902071820275063,4.248516700679359,4.942218400723504,5.662027390405526,1.4135106897261664,0.2849493861633702
b10,FEB2024,pv_capacity_factor,PV capacity factor,200,0.14254504568297502,0.012689462342942333,0.08902071820275062,0.12208381323791265,0.14201777013573286,0.1627019365059059,0.040618123267993245,0.28494938616336984
b10,FEB2024,net_peak_kw,net peak (kW),200,44.44910676951499,1.638566510271032,0.036863879374845566,40.89344477402835,44.6266066711421,46.71920403709524,5.825759263066885,0.13106583430968805
b10,FEB2024,net_min_kw,"net min (kW, <0 export)",200,-26.935895460474622,3.010209482860229,0.11175457252859369,-31.756294741883675,-26.915507942477962,-22.12477978955557,9.631514952328104,0.35757173792351776
b10,FEB2024,wx_mean_temp_c,mean dry-bulb (degC),200,10.942623057471264,5.414793542100554,0.4948350604477334,2.2811200574712642,10.761035057471265,19.849780057471264,17.56866,1.6055254674979136
b10,FEB2024,wx_mean_ghi,mean GHI (W/m2),200,152.343196404454,13.801451653980147,0.0905944733976754,129.84223818247128,152.3961558908046,174.1545182112069,44.312280028735614,0.2908714079432304
b10,FEB2024,n_sessions,EV sessions,200,110.685,21.70972907899629,0.19613975768167582,78.95,109.0,147.04999999999998,68.09999999999998,0.6152595202601977
b10,FEB2024,ev_energy_mwh,EV energy (MWh),200,1.4193080781621534,0.3025029357099087,0.21313409002900657,0.9238505373453456,1.4098156353259188,1.892697283627172,0.9688467462818264,0.6826190600819911
b10,FEB2024,arr_hour_mean,mean arrival hour,200,8.69721159839054,0.3259783280671348,0.03748078615535336,8.201778093883357,8.678598916322887,9.200830358108838,0.9990522642254813,0.11487041023704203
b10,FEB2024,dwell_h_mean,mean dwell (h),200,6.9638533306862564,0.2835295846944952,0.04071446815875926,6.496568531559729,6.980492529053681,7.4352371504157215,0.938668618855993,0.13479155494555647
b10,FEB2024,req_soc_mean,mean required SoC (%),200,58.27393812148158,6.244423446172442,0.10715636607834737,48.91396637301734,59.003418774000124,67.95678968956788,19.042823316550546,0.3267811294450816
b10,FEB2024,peak_concurrency,peak concurrent EVs,200,6.81,1.0768929809699344,0.15813406475329433,5.0,7.0,8.0,3.0,0.4405286343612335
b10,JAN2024,bl_peak_kw,building peak (kW),200,50.0,3.0638290356374088e-15,6.127658071274817e-17,49.99999999999999,50.0,50.00000000000001,1.4210854715202004e-14,2.842170943040401e-16
b10,JAN2024,bl_mean_kw,building mean (kW),200,14.933537052506813,1.1913360387064775,0.07977587858239481,13.693702758482967,14.195423534414768,16.956033392576096,3.2623306340931286,0.2184566605100095
b10,JAN2024,bl_energy_mwh,building energy (MWh),200,11.110551567065068,0.8863540127976194,0.07977587858239482,10.188114852311328,10.561395109604588,12.615288844076614,2.4271739917652866,0.21845666051000942
b10,JAN2024,bl_load_factor,load factor,200,0.2986707410501362,0.02382672077412955,0.07977587858239482,0.2738740551696593,0.2839084706882954,0.33912066785152195,0.06524661268186266,0.21845666051000984
b10,JAN2024,pv_energy_mwh,PV energy (MWh),200,4.130043471783739,0.3709978680554846,0.08982904673767346,3.5325866095025464,4.114835733496215,4.71714173053304,1.1845551210304937,0.28681420162361926
b10,JAN2024,pv_capacity_factor,PV capacity factor,200,0.11102267397268116,0.009973060969233458,0.08982904673767346,0.09496200563178889,0.1106138638036617,0.1268048852293828,0.03184287959759391,0.28681420162361915
b10,JAN2024,net_peak_kw,net peak (kW),200,46.17173270530344,1.3754496083513352,0.02978986335926151,44.682374999114,45.55752548538001,48.39877993312412,3.7164049340101144,0.08049091329819719
b10,JAN2024,net_min_kw,"net min (kW, <0 export)",200,-23.16778431912935,2.6830570832694796,0.11580982653805667,-27.46704256844929,-23.18153347968952,-18.49130365354208,8.975738914907211,0.3874232767048015
b10,JAN2024,wx_mean_temp_c,mean dry-bulb (degC),200,8.836259505376345,5.414793542100554,0.6127924987723561,0.17475650537634418,8.654671505376344,17.743416505376345,17.56866,1.9882462697378345
b10,JAN2024,wx_mean_ghi,mean GHI (W/m2),200,111.34056520497312,10.086839872544079,0.09059447339767539,94.89566011424732,111.37927083333334,127.28144707661289,32.38578696236557,0.29087140794323035
b10,JAN2024,n_sessions,EV sessions,200,121.395,23.51411369185681,0.19369919429842095,87.0,120.0,156.04999999999998,69.04999999999998,0.5688043164874994
b10,JAN2024,ev_energy_mwh,EV energy (MWh),200,1.5508062636737692,0.3195928449975485,0.20608173469744168,1.0871014302703914,1.545622756152853,2.077802736600987,0.9907013063305956,0.6388298329306991
b10,JAN2024,arr_hour_mean,mean arrival hour,200,8.693423831209218,0.325829819344978,0.03748003383606531,8.160174739491346,8.700831093043078,9.203262867647059,1.0430881281557127,0.11998588224941331
b10,JAN2024,dwell_h_mean,mean dwell (h),200,6.9480016283016,0.3065148379821227,0.04411553916936092,6.466882099490795,6.973985405837665,7.453553672316384,0.986671572825589,0.14200796511136907
b10,JAN2024,req_soc_mean,mean required SoC (%),200,57.73286751260505,6.611798031213182,0.11452398462227087,46.93363734703532,57.84368257705272,68.92712642292832,21.993489075893002,0.38095265354853675
b10,JAN2024,peak_concurrency,peak concurrent EVs,200,6.875,1.0700936886612138,0.15564999107799474,5.0,7.0,8.049999999999983,3.049999999999983,0.44363636363636116
b10,JUL2024,bl_peak_kw,building peak (kW),200,50.0,3.561628909076017e-15,7.123257818152035e-17,49.99999999999999,50.0,50.00000000000001,1.4210854715202004e-14,2.842170943040401e-16
b10,JUL2024,bl_mean_kw,building mean (kW),200,17.795238222445835,1.4617686150008107,0.08214380705266561,15.498796092329966,17.49659278522281,20.33936886422251,4.840572771892544,0.2720150588255087
b10,JUL2024,bl_energy_mwh,building energy (MWh),200,13.239657237499703,1.0875558495606032,0.08214380705266561,11.531104292693495,13.017465032205768,15.13249043498155,3.601386142288055,0.2720150588255088
b10,JUL2024,bl_load_factor,load factor,200,0.3559047644489167,0.029235372300016212,0.0821438070526656,0.30997592184659933,0.3499318557044562,0.40678737728445025,0.09681145543785091,0.27201505882550875
b10,JUL2024,pv_energy_mwh,PV energy (MWh),200,9.329830127177951,0.7981556982824595,0.08554879214332302,8.021898453223534,9.308512374447467,10.601470828235595,2.579572375012061,0.27648653189276445
b10,JUL2024,pv_capacity_factor,PV capacity factor,200,0.25080188513919227,0.021455798340926327,0.08554879214332299,0.21564243153826707,0.25022882727009316,0.28498577495256977,0.0693433434143027,0.27648653189276434
b10,JUL2024,net_peak_kw,net peak (kW),200,32.20653838253617,3.2331250132786185,0.10038722494410525,27.35402524095204,31.684141055446734,37.75337116531207,10.399345924360027,0.32289548789257705
b10,JUL2024,net_min_kw,"net min (kW, <0 export)",200,-32.69017921888721,2.9391029667785205,0.08990782666252294,-37.01550934838778,-32.663586466479444,-27.412565320648742,9.602944027739039,0.293756236802483
b10,JUL2024,wx_mean_temp_c,mean dry-bulb (degC),200,20.61986165591398,5.414793542100554,0.2626008667011371,11.95835865591398,20.438273655913978,29.527018655913974,17.568659999999994,0.8520260850033943
b10,JUL2024,wx_mean_ghi,mean GHI (W/m2),200,321.19029789583334,29.098065898315507,0.09059447339767539,273.75076895833337,321.3019541666667,367.175843125,93.4250741666666,0.2908714079432303
b10,JUL2024,n_sessions,EV sessions,200,120.68,23.005518236865118,0.19063240169758963,86.0,118.0,159.0,73.0,0.6049055352999668
b10,JUL2024,ev_energy_mwh,EV energy (MWh),200,1.5566806102792414,0.31647317070077835,0.20330000169014026,1.1146526595946338,1.5102960115156896,2.119492803321708,1.0048401437270742,0.6455018049892863
b10,JUL2024,arr_hour_mean,mean arrival hour,200,8.697016150739687,0.31581852326324344,0.03631343414676571,8.227360216627634,8.665942028985507,9.243608840061318,1.0162486234336843,0.11685026287403774
b10,JUL2024,dwell_h_mean,mean dwell (h),200,6.959012258485452,0.29839365606050217,0.04287873694958026,6.4545065379825655,6.941016819571866,7.4097474747474745,0.9552409367649091,0.13726674149770876
b10,JUL2024,req_soc_mean,mean required SoC (%),200,56.935862914815814,6.221264979309883,0.10926794924699365,47.20446865411987,56.476022439487465,66.90817113643736,19.70370248231749,0.3460683912316749
b10,JUL2024,peak_concurrency,peak concurrent EVs,200,6.855,1.024314944500781,0.14942595835168213,5.0,7.0,9.0,4.0,0.5835156819839533
b10,JUN2024,bl_peak_kw,building peak (kW),200,50.0,3.3411040731545757e-15,6.682208146309151e-17,49.99999999999999,50.0,50.00000000000001,1.4210854715202004e-14,2.842170943040401e-16
b10,JUN2024,bl_mean_kw,building mean (kW),200,16.16041252161096,0.9572312853339119,0.059233097178294655,15.279101304080541,15.946177457469437,17.798684394874137,2.5195830907935957,0.15591081523594852
b10,JUN2024,bl_energy_mwh,building energy (MWh),200,11.635497015559892,0.6892065254404165,0.059233097178294655,11.00095293893799,11.481247769377994,12.81505276430938,1.8140998253713896,0.1559108152359486
b10,JUN2024,bl_load_factor,load factor,200,0.32320825043221924,0.019144625706678235,0.05923309717829465,0.30558202608161084,0.31892354914938875,0.35597368789748274,0.0503916618158719,0.1559108152359485
b10,JUN2024,pv_energy_mwh,PV energy (MWh),200,9.181978342608181,0.7782965666694633,0.08476349405637836,7.899379219474366,9.1664511938325,10.400160504825257,2.5007812853508904,0.2723575674042085
b10,JUN2024,pv_capacity_factor,PV capacity factor,200,0.25505495396133837,0.02161934907415176,0.08476349405637836,0.21942720054095463,0.254623644273125,0.2888933473562571,0.06946614681530247,0.27235756740420836
b10,JUN2024,net_peak_kw,net peak (kW),200,30.477842570798238,3.074363246014089,0.10087207579973956,26.6080375300851,30.098130606481394,36.69457491542589,10.08653738534079,0.33094656755675395
b10,JUN2024,net_min_kw,"net min (kW, <0 export)",200,-33.46314849252959,2.773470397399614,0.08288133431373834,-36.99471422548986,-33.65872698032038,-28.205274963743,8.789439261746857,0.2626602593509405
b10,JUN2024,wx_mean_temp_c,mean dry-bulb (degC),200,18.49246022222222,5.414793542100554,0.2928108795169204,9.830957222222223,18.310872222222223,27.399617222222222,17.56866,0.9500444932085296
b10,JUN2024,wx_mean_ghi,mean GHI (W/m2),200,327.08172012222224,29.63179619247857,0.0905944733976754,278.7720332222222,327.1954244444445,373.91075366666666,95.13872044444446,0.2908714079432305
b10,JUN2024,n_sessions,EV sessions,200,105.405,20.525042309555545,0.19472550931697305,74.0,104.0,138.04999999999998,64.04999999999998,0.6076561832930125
b10,JUN2024,ev_energy_mwh,EV energy (MWh),200,1.3409627500568786,0.2846685872125299,0.21228672250624064,0.8910165358878391,1.3278845445806806,1.8168725712836205,0.9258560353957813,0.6904412783699696
b10,JUN2024,arr_hour_mean,mean arrival hour,200,8.743795772189294,0.35070729987638166,0.04010927393705247,8.227700249602904,8.72478813559322,9.351314484126984,1.12361423452408,0.128504171849241
b10,JUN2024,dwell_h_mean,mean dwell (h),200,6.9118097315838645,0.3258595800641868,0.04714533424945929,6.367750296884991,6.8770963541666665,7.479404761904762,1.1116544650197708,0.16083406635747066
b10,JUN2024,req_soc_mean,mean required SoC (%),200,58.089013304822856,6.392040295134583,0.11003871354454359,47.319292715692505,58.13344510257164,68.19437403131332,20.87508131562081,0.35936367529740176
b10,JUN2024,peak_concurrency,peak concurrent EVs,200,6.73,0.9807698750158946,0.1457310364065222,5.0,7.0,8.0,3.0,0.44576523031203563
b10,MAR2024,bl_peak_kw,building peak (kW),200,50.0,2.758825890044461e-15,5.5176517800889214e-17,49.99999999999999,50.0,50.00000000000001,1.4210854715202004e-14,2.842170943040401e-16
b10,MAR2024,bl_mean_kw,building mean (kW),200,16.478838902152074,1.2056080412958972,0.07316098230309474,14.68415260300648,16.176096435571885,18.919767494380118,4.235614891373638,0.2570335760015521
b10,MAR2024,bl_energy_mwh,building energy (MWh),200,12.260256143201143,0.8969723827241475,0.07316098230309474,10.925009536636821,12.035015748065485,14.076307015818806,3.1512974791819843,0.25703357600155186
b10,MAR2024,bl_load_factor,load factor,200,0.3295767780430415,0.024112160825917942,0.07316098230309474,0.29368305206012957,0.3235219287114377,0.3783953498876024,0.0847122978274728,0.2570335760015522
b10,MAR2024,pv_energy_mwh,PV energy (MWh),200,6.80924342574651,0.5974717487786304,0.08774421935328718,5.841166867155373,6.787252700400218,7.762043535269446,1.9208766681140732,0.28209839889862415
b10,MAR2024,pv_capacity_factor,PV capacity factor,200,0.18304417811146537,0.01606106851555458,0.08774421935328715,0.15702061470847775,0.18245302958065102,0.2086570842814367,0.05163646957295895,0.28209839889862404
b10,MAR2024,net_peak_kw,net peak (kW),200,38.5801947823757,3.5395447987587363,0.09174512515358477,34.421829410925746,37.495181972212386,46.1816674142081,11.759838003282354,0.3048154129241077
b10,MAR2024,net_min_kw,"net min (kW, <0 export)",200,-30.979555244114575,2.980977806083291,0.09622403493509192,-35.53240753071876,-31.158973389679872,-26.14642317556342,9.385984355155337,0.3029735024016674
b10,MAR2024,wx_mean_temp_c,mean dry-bulb (degC),200,12.48585627956989,5.414793542100554,0.43367418468211627,3.8243532795698925,12.304268279569891,21.393013279569892,17.56866,1.4070849132507555
b10,MAR2024,wx_mean_ghi,mean GHI (W/m2),200,207.85596745564519,18.83060191420853,0.09059447339767539,177.15582100806452,207.928225,237.61517891129034,60.45935790322582,0.2908714079432305
b10,MAR2024,n_sessions,EV sessions,200,110.585,21.318187082923174,0.1927764803809122,79.0,109.0,145.14999999999995,66.14999999999995,0.5981823936338558
b10,MAR2024,ev_energy_mwh,EV energy (MWh),200,1.4237898270078078,0.30031816731671324,0.21092872109351457,0.9698070121018548,1.409901165185261,1.90411852426871,0.9343115121668552,0.6562144878716931
b10,MAR2024,arr_hour_mean,mean arrival hour,200,8.664570216725576,0.30819345708729645,0.03556938767630713,8.129958494519665,8.660977988297574,9.126982306684141,0.9970238121644766,0.11506904407559426
b10,MAR2024,dwell_h_mean,mean dwell (h),200,6.9746729503357985,0.2971555208206309,0.042604939749371934,6.46554486021816,6.9663345410628015,7.437548911714355,0.972004051496195,0.13936195408981827
b10,MAR2024,req_soc_mean,mean required SoC (%),200,57.828894515130735,5.6878362687224175,0.0983563029591412,48.64223625764453,57.7904671440313,66.80071857736993,18.158482319725408,0.31400362175303737
b10,MAR2024,peak_concurrency,peak concurrent EVs,200,6.815,1.0707509223383571,0.15711678977818885,5.0,7.0,9.0,4.0,0.586940572267058
b10,MAY2024,bl_peak_kw,building peak (kW),200,50.0,3.3411040731545757e-15,6.682208146309151e-17,49.99999999999999,50.0,50.00000000000001,1.4210854715202004e-14,2.842170943040401e-16
b10,MAY2024,bl_mean_kw,building mean (kW),200,15.766916509046665,0.7708041862630318,0.04888744009145755,14.517715549015326,15.695904539250094,17.234037820908608,2.716322271893281,0.1722798665379323
b10,MAY2024,bl_energy_mwh,building energy (MWh),200,11.730585882730715,0.5734783145796958,0.048887440091457575,10.801180368467403,11.677752977202069,12.822124138756005,2.0209437702886017,0.17227986653793242
b10,MAY2024,bl_load_factor,load factor,200,0.31533833018093327,0.015416083725260642,0.04888744009145757,0.2903543109803065,0.3139180907850019,0.34468075641817214,0.054326445437865634,0.17227986653793237
b10,MAY2024,pv_energy_mwh,PV energy (MWh),200,9.194387239721493,0.7775091230308108,0.08456345189289224,7.910412573364911,9.182274760239274,10.405323669791313,2.494911096426402,0.2713515356029289
b10,MAY2024,pv_capacity_factor,PV capacity factor,200,0.24716094730434118,0.020900782877172334,0.08456345189289226,0.212645499284003,0.2468353430171848,0.27971300187611053,0.06706750259210753,0.27135153560292874
b10,MAY2024,net_peak_kw,net peak (kW),200,28.955699286832484,2.285211241226731,0.07892094812111562,25.578885374084003,29.023059634187533,32.54366183885639,6.964776464772385,0.2405321451842676
b10,MAY2024,net_min_kw,"net min (kW, <0 export)",200,-33.49639682947126,2.715739463551927,0.08107556993003284,-36.945892057958616,-33.663469260416036,-28.31967735650979,8.626214701448827,0.2575266451900639
b10,MAY2024,wx_mean_temp_c,mean dry-bulb (degC),200,16.063813268817203,5.414793542100554,0.3370802095049037,7.402310268817205,15.882225268817203,24.970970268817204,17.56866,1.0936792968145355
b10,MAY2024,wx_mean_ghi,mean GHI (W/m2),200,309.8060304401882,28.06671418315304,0.09059447339767539,264.04794795026885,309.9137291666667,354.16166421370974,90.11371626344089,0.2908714079432306
b10,MAY2024,n_sessions,EV sessions,200,121.05,22.814689352503933,0.18847327015699242,86.0,120.0,157.0,71.0,0.5865344898802148
b10,MAY2024,ev_energy_mwh,EV energy (MWh),200,1.5602956361166196,0.3275447419036014,0.20992479522587093,1.0552030617333217,1.532906599053245,2.097052054400618,1.0418489926672962,0.6677253775190501
b10,MAY2024,arr_hour_mean,mean arrival hour,200,8.710050665648227,0.33352351400432617,0.03829179953220219,8.165208333333332,8.702035852325736,9.248507381676076,1.0832990483427434,0.12437344969934468
b10,MAY2024,dwell_h_mean,mean dwell (h),200,6.96222786549243,0.29626840891477874,0.042553678885346856,6.508046788482835,6.940829416372894,7.4788366336633665,0.9707898451805317,0.13943666652913678
b10,MAY2024,req_soc_mean,mean required SoC (%),200,57.94437005764125,6.2958315796908355,0.10865303347724617,48.69214922887549,57.083990866191115,67.98036605597648,19.28821682710098,0.33287473499002
b10,MAY2024,peak_concurrency,peak concurrent EVs,200,6.855,1.004499925586116,0.1465353647828032,5.0,7.0,8.049999999999983,3.049999999999983,0.44493070751276187
b10,NOV2024,bl_peak_kw,building peak (kW),200,50.0,2.712455765880854e-15,5.424911531761708e-17,49.99999999999999,50.0,50.00000000000001,1.4210854715202004e-14,2.842170943040401e-16
b10,NOV2024,bl_mean_kw,building mean (kW),200,15.541877497202918,1.0282434867361931,0.06615954133734787,13.642755460516007,15.449087761542977,17.580714730241343,3.9379592697253365,0.2533773201103955
b10,NOV2024,bl_energy_mwh,building energy (MWh),200,11.1901517979861,0.740335310450059,0.06615954133734786,9.822783931571525,11.123343188310942,12.658114605773768,2.8353306742022433,0.2533773201103956
b10,NOV2024,bl_load_factor,load factor,200,0.3108375499440584,0.020564869734723865,0.06615954133734787,0.27285510921032013,0.3089817552308595,0.3516142946048269,0.07875918539450677,0.25337732011039565
b10,NOV2024,pv_energy_mwh,PV energy (MWh),200,4.224720081133846,0.3790335953755842,0.08971803766791994,3.614008686607974,4.208854481845242,4.826289993685755,1.212281307077781,0.28694949814341886
b10,NOV2024,pv_capacity_factor,PV capacity factor,200,0.11735333558705129,0.010528710982655115,0.08971803766791993,0.10038913018355483,0.11691262449570117,0.13406361093571542,0.03367448075216059,0.2869494981434189
b10,NOV2024,net_peak_kw,net peak (kW),200,47.98634003157343,1.84284813095087,0.038403598393591525,44.15290150971658,48.37157817061593,50.0,5.847098490283422,0.12184922806024015
b10,NOV2024,net_min_kw,"net min (kW, <0 export)",200,-24.171024099679553,2.6449757668933236,0.10942754249822577,-28.048912052945703,-24.05962523002004,-19.505053324729108,8.543858728216595,0.353475247593248
b10,NOV2024,wx_mean_temp_c,mean dry-bulb (degC),200,13.319960222222221,5.414793542100554,0.4065172456796709,4.658457222222222,13.138372222222221,22.22711722222222,17.568659999999998,1.3189724073416902
b10,NOV2024,wx_mean_ghi,mean GHI (W/m2),200,122.0498573041667,11.057042550732405,0.09059447339767537,104.02319904166666,122.09228583333334,139.524012875,35.50081383333335,0.2908714079432306
b10,NOV2024,n_sessions,EV sessions,200,110.77,20.967481402922708,0.18928844816216223,79.0,111.0,144.04999999999998,65.04999999999998,0.5872528662995394
b10,NOV2024,ev_energy_mwh,EV energy (MWh),200,1.4241894256121588,0.2977842513932149,0.20909034011765565,0.9493909744700589,1.4028906502338647,1.9114479133719384,0.9620569389018795,0.6755119239060204
b10,NOV2024,arr_hour_mean,mean arrival hour,200,8.703546136951678,0.3304102770011184,0.03796271908048287,8.26813029661017,8.665584822173987,9.288629354654484,1.0204990580443134,0.11725095058802458
b10,NOV2024,dwell_h_mean,mean dwell (h),200,6.9362604111608475,0.30397529993753775,0.043824089915716506,6.402138888888889,6.932736823361823,7.402617739403453,1.0004788505145648,0.14423894017945693
b10,NOV2024,req_soc_mean,mean required SoC (%),200,57.707507591641814,5.997017781387629,0.10392092869136874,48.14235145219997,57.46506626615364,67.40400874382108,19.261657291621113,0.33378078685919393
b10,NOV2024,peak_concurrency,peak concurrent EVs,200,6.755,1.0050000625015607,0.1487786917100756,5.0,7.0,8.0,3.0,0.4441154700222058
b10,OCT2024,bl_peak_kw,building peak (kW),200,50.0,4.029523125884316e-15,8.059046251768632e-17,49.99999999999999,50.0,50.00000000000001,1.4210854715202004e-14,2.842170943040401e-16
b10,OCT2024,bl_mean_kw,building mean (kW),200,16.299703924338566,0.9635506959149129,0.059114613393446244,14.815657575814754,16.175507729577077,17.927109926183267,3.1114523503685128,0.19089011461873986
b10,OCT2024,bl_energy_mwh,building energy (MWh),200,12.126979719707892,0.7168817177606951,0.059114613393446244,11.022849236406177,12.034577750805344,13.337769785080352,2.3149205486741753,0.19089011461874003
b10,OCT2024,bl_load_factor,load factor,200,0.3259940784867713,0.019271013918298257,0.059114613393446244,0.2963131515162951,0.32351015459154153,0.35854219852366537,0.06222904700737025,0.19089011461873986
b10,OCT2024,pv_energy_mwh,PV energy (MWh),200,5.873076576848381,0.5212992344252451,0.08876084410004159,5.031834236833205,5.852969729184102,6.704665275970577,1.672831039137372,0.2848304491263843
b10,OCT2024,pv_capacity_factor,PV capacity factor,200,0.1578784026034511,0.014013420280248524,0.0887608441000416,0.1352643612051937,0.15733789594580921,0.1802329375260908,0.0449685763208971,0.28483044912638433
b10,OCT2024,net_peak_kw,net peak (kW),200,39.281882759226,2.165941990849697,0.055138446497730295,34.27789267871184,39.735459995925424,41.54222042201265,7.264327743300811,0.18492819674216515
b10,OCT2024,net_min_kw,"net min (kW, <0 export)",200,-26.10936492523281,2.855636629214608,0.10937212135921552,-30.77619845561599,-25.92453312881359,-21.604455326143704,9.171743129472286,0.3512817395496457
b10,OCT2024,wx_mean_temp_c,mean dry-bulb (degC),200,17.155883161290323,5.414793542100554,0.3156231300477858,8.494380161290321,16.97429516129032,26.06304016129032,17.56866,1.0240603666292767
b10,OCT2024,wx_mean_ghi,mean GHI (W/m2),200,175.22423631451613,15.874347415423417,0.09059447339767539,149.34376830645164,175.28515,200.31148862903225,50.96772032258062,0.29087140794323035
b10,OCT2024,n_sessions,EV sessions,200,121.375,22.83201435259239,0.18811134379066852,86.80000000000001,121.0,158.04999999999998,71.24999999999997,0.5870236869207001
b10,OCT2024,ev_energy_mwh,EV energy (MWh),200,1.53967862073193,0.3103929459317141,0.20159593161341685,1.082494479676055,1.5323806781238067,2.050512572313791,0.968018092637736,0.6287143820816068
b10,OCT2024,arr_hour_mean,mean arrival hour,200,8.673216573041687,0.2960121231401543,0.03412945135720774,8.231799756062562,8.649822550379376,9.191436696861174,0.9596369407986121,0.11064371939948785
b10,OCT2024,dwell_h_mean,mean dwell (h),200,6.985178367672454,0.2991857245145106,0.04283150819729216,6.466758336792584,6.979087150127226,7.4847790453710985,1.018020708578515,0.14574011642851317
b10,OCT2024,req_soc_mean,mean required SoC (%),200,57.578941785501,6.08315363174431,0.10564893072203202,46.55779716583809,57.98320688064082,67.11677397067342,20.558976804835332,0.357057218616899
b10,OCT2024,peak_concurrency,peak concurrent EVs,200,6.96,1.0458820902633663,0.15027041526772505,6.0,7.0,9.0,3.0,0.4310344827586207
b10,SEP2024,bl_peak_kw,building peak (kW),200,50.0,3.1049560978110745e-15,6.209912195622149e-17,49.99999999999999,50.0,50.00000000000001,1.4210854715202004e-14,2.842170943040401e-16
b10,SEP2024,bl_mean_kw,building mean (kW),200,16.565312410989964,1.310470759930715,0.07910932962914158,14.804480307174764,16.343064573630627,18.782712124070734,3.9782318168959705,0.24015434893076226
b10,SEP2024,bl_energy_mwh,building energy (MWh),200,11.927024935912772,0.9435389471501151,0.0791093296291416,10.65922582116583,11.767006493014051,13.523552729330929,2.864326908165099,0.2401543489307623
b10,SEP2024,bl_load_factor,load factor,200,0.3313062482197992,0.026209415198614305,0.0791093296291416,0.2960896061434953,0.32686129147261256,0.3756542424814147,0.07956463633791944,0.2401543489307624
b10,SEP2024,pv_energy_mwh,PV energy (MWh),200,7.233029556021605,0.6340375125018347,0.08765863703321784,6.206910414426679,7.2118691162264765,8.250197784482392,2.0432873700557126,0.2824939887539441
b10,SEP2024,pv_capacity_factor,PV capacity factor,200,0.2009174876672668,0.017612153125050965,0.08765863703321786,0.1724141781785189,0.2003296976729577,0.22917216068006643,0.05675798250154754,0.28249398875394394
b10,SEP2024,net_peak_kw,net peak (kW),200,40.25317459585207,1.993605808932009,0.04952667283880367,36.284248904141826,40.822767100010125,42.73927265672087,6.455023752579045,0.1603606129799315
b10,SEP2024,net_min_kw,"net min (kW, <0 export)",200,-29.965797735677157,2.976556654641877,0.09933180090506988,-34.79840952283786,-30.038803440367357,-24.887783079418448,9.91062644341941,0.3307312733950633
b10,SEP2024,wx_mean_temp_c,mean dry-bulb (degC),200,19.78759911111111,5.414793542100554,0.27364580774531894,11.126096111111112,19.606011111111112,28.69475611111111,17.56866,0.8878621353378272
b10,SEP2024,wx_mean_ghi,mean GHI (W/m2),200,237.96133837013892,21.55798213864878,0.09059447339767537,202.8146547013889,238.0440615277778,272.0308042291667,69.21614952777779,0.2908714079432305
b10,SEP2024,n_sessions,EV sessions,200,110.765,20.817941986246225,0.18794693257117523,75.9,111.0,146.0,70.1,0.6328713943935358
b10,SEP2024,ev_energy_mwh,EV energy (MWh),200,1.4351767120559982,0.29090157419353446,0.2026939064366479,0.9465315114672225,1.4255079104336312,1.953284745602589,1.0067532341353664,0.7014838142775582
b10,SEP2024,arr_hour_mean,mean arrival hour,200,8.724560164541327,0.33324226219728703,0.038195881042996566,8.173375706214689,8.721808616239827,9.251914414414413,1.0785387081997246,0.12362098350621281
b10,SEP2024,dwell_h_mean,mean dwell (h),200,6.9468447111289775,0.32555100573126927,0.046863147121992,6.44344716275909,6.945384348429638,7.4317488024681335,0.9883016397090438,0.14226626343406895
b10,SEP2024,req_soc_mean,mean required SoC (%),200,57.43571292357554,6.0507371703722,0.10534799452081954,47.94465891874957,57.196837600273454,66.62265113314591,18.67799221439634,0.32519823057214314
b10,SEP2024,peak_concurrency,peak concurrent EVs,200,6.775,1.0294043747887274,0.1519416051348675,5.0,7.0,8.0,3.0,0.44280442804428044
b2,APR2024,bl_peak_kw,building peak (kW),200,500.0,3.1728496821725785e-14,6.345699364345156e-17,500.0,500.0,500.00000000000006,5.684341886080802e-14,1.1368683772161603e-16
b2,APR2024,bl_mean_kw,building mean (kW),200,308.81234985233056,17.497835014192187,0.05666170741733415,288.63044291685253,304.19502874674714,346.0892146300346,57.458771713182045,0.18606371066655195
b2,APR2024,bl_energy_mwh,building energy (MWh),200,222.34489189367798,12.598441210218375,0.05666170741733416,207.81391890013384,219.02042069765793,249.1842345336249,41.37031563349106,0.1860637106665519
b2,APR2024,bl_load_factor,load factor,200,0.6176246997046612,0.03499567002838438,0.05666170741733415,0.5772608858337052,0.6083900574934943,0.6921784292600691,0.11491754342636396,0.1860637106665517
b2,APR2024,pv_energy_mwh,PV energy (MWh),200,78.30154972731562,6.939506055495627,0.08862539859890883,67.54918640023672,78.83599468129296,88.72628079268127,21.177094392444545,0.2704556227328012
b2,APR2024,pv_capacity_factor,PV capacity factor,200,0.21750430479809896,0.01927640570971008,0.08862539859890883,0.1876366288895465,0.21898887411470266,0.24646189109078126,0.05882526220123477,0.2704556227328008
b2,APR2024,net_peak_kw,net peak (kW),200,366.20318807380505,27.7520181431143,0.07578311453018023,333.3173531435607,358.1745402439143,425.36791640527645,92.05056326171575,0.2513647239006662
b2,APR2024,net_min_kw,"net min (kW, <0 export)",200,-110.44482965395746,33.84354943087807,0.3064294592776837,-160.40799837879854,-110.65507363426883,-53.93505967711031,106.47293870168824,0.9640373300885715
b2,APR2024,wx_mean_temp_c,mean dry-bulb (degC),200,13.347659,5.204484741812371,0.3899174186134341,4.465865,13.326400000000001,21.514734999999998,17.048869999999997,1.2772928945817388
b2,APR2024,wx_mean_ghi,mean GHI (W/m2),200,262.3417864625,25.742452634353253,0.09812562833192784,223.49599800000001,261.1051904166667,303.0482293333333,79.55223133333331,0.30323888697275747
b2,APR2024,n_sessions,EV sessions,200,427.3,33.27546064905842,0.07787376702330544,371.95,426.0,476.0,104.05000000000001,0.24350573367657385
b2,APR2024,ev_energy_mwh,EV energy (MWh),200,5.531983255702594,0.5020145768490094,0.0907476674538941,4.759812149415845,5.5079863055374645,6.395539489700571,1.6357273402847259,0.2956855190403101
b2,APR2024,arr_hour_mean,mean arrival hour,200,8.557369171864774,0.1531083259982331,0.01789198560015713,8.300749908518384,8.563450550838095,8.795477077105453,0.4947271685870689,0.05781299820669776
b2,APR2024,dwell_h_mean,mean dwell (h),200,7.034140471440956,0.15492589635845977,0.022024851079882248,6.783988724810234,7.038996811069671,7.29915382355541,0.5151650987451761,0.07323781787366604
b2,APR2024,req_soc_mean,mean required SoC (%),200,57.02672253699224,3.3286742122303083,0.05837042818077184,51.726859890421395,57.05547951828534,61.59628975808925,9.869429867667854,0.17306675587512024
b2,APR2024,peak_concurrency,peak concurrent EVs,200,19.465,1.5783634422334085,0.08108725621543326,17.0,19.0,23.0,6.0,0.30824556896994604
b2,AUG2024,bl_peak_kw,building peak (kW),200,500.0,3.6265708132958835e-14,7.253141626591767e-17,500.0,500.0,500.00000000000006,5.684341886080802e-14,1.1368683772161603e-16
b2,AUG2024,bl_mean_kw,building mean (kW),200,305.3584476526573,12.143565295937918,0.03976823103892355,284.35863833164996,305.6439167012717,323.23251389981965,38.873875568169694,0.12730571519144088
b2,AUG2024,bl_energy_mwh,building energy (MWh),200,227.186685053577,9.034812580177812,0.03976823103892356,211.56282691874756,227.39907402574613,240.48499034146585,28.922163422718285,0.12730571519144102
b2,AUG2024,bl_load_factor,load factor,200,0.6107168953053146,0.024287130591875834,0.039768231038923546,0.5687172766633,0.6112878334025433,0.6464650277996394,0.07774775113633947,0.12730571519144102
b2,AUG2024,pv_energy_mwh,PV energy (MWh),200,90.35473702333097,8.094704721361202,0.0895880502565242,77.96238559504644,90.88497768894885,102.77075617408214,24.808370579035696,0.2745663525381054
b2,AUG2024,pv_capacity_factor,PV capacity factor,200,0.24288907801970688,0.021759958928390326,0.0895880502565242,0.20957630536302807,0.24431445615308833,0.27626547358624226,0.06668916822321419,0.27456635253810524
b2,AUG2024,net_peak_kw,net peak (kW),200,337.44965686539524,24.756906619481118,0.07336474083112303,305.5253706863304,329.0422115484411,382.722742797339,77.19737211100858,0.22876707840838525
b2,AUG2024,net_min_kw,"net min (kW, <0 export)",200,-145.5967287469894,31.91328392126441,0.21918956693540614,-186.23373087732634,-152.3328670995007,-89.14172761887781,97.09200325844853,0.6668556642310973
b2,AUG2024,wx_mean_temp_c,mean dry-bulb (degC),200,19.67705416129032,5.204484741812371,0.2644951169596764,10.795260161290324,19.655795161290325,27.84413016129032,17.048869999999994,0.8664340637705504
b2,AUG2024,wx_mean_ghi,mean GHI (W/m2),200,304.135511796371,29.84348819307135,0.09812562833192782,259.10119258064515,302.7019133736559,351.3269066666666,92.22571408602147,0.30323888697275736
b2,AUG2024,n_sessions,EV sessions,200,428.385,33.804295986393186,0.07891101692728081,368.0,430.0,482.0,114.0,0.26611576035575474
b2,AUG2024,ev_energy_mwh,EV energy (MWh),200,5.5191614092306285,0.47591831413529606,0.08623018586471076,4.749071247194621,5.509363479786605,6.300417132353081,1.5513458851584598,0.2810836230598151
b2,AUG2024,arr_hour_mean,mean arrival hour,200,8.535247284887223,0.17413353683724292,0.02040169792685084,8.254221832016388,8.536793641759493,8.834606545075294,0.5803847130589066,0.06799858207817294
b2,AUG2024,dwell_h_mean,mean dwell (h),200,7.040997030433049,0.15316989305371057,0.021754006199927345,6.775725229335767,7.0281406375920685,7.309651437682115,0.5339262083463483,0.07583105148867102
b2,AUG2024,req_soc_mean,mean required SoC (%),200,56.92498798676395,3.241156873393673,0.056937330828199705,51.960149934070245,56.69647575804436,62.34705680003763,10.386906865967383,0.18246656228337754
b2,AUG2024,peak_concurrency,peak concurrent EVs,200,19.54,1.5622429436791758,0.07995102065911852,17.0,20.0,22.0,5.0,0.25588536335721596
b2,DEC2024,bl_peak_kw,building peak (kW),200,500.0,2.988374330990025e-14,5.97674866198005e-17,500.0,500.0,500.00000000000006,5.684341886080802e-14,1.1368683772161603e-16
b2,DEC2024,bl_mean_kw,building mean (kW),200,333.3967927886422,11.676171397842076,0.03502184679156232,311.3362279299486,334.6711456766346,349.97808633638607,38.64185840643745,0.11590350969853079
b2,DEC2024,bl_energy_mwh,building energy (MWh),200,248.0472138347497,8.687071519994506,0.03502184679156234,231.63415357988177,248.99533238341613,260.38369623427127,28.7495426543895,0.11590350969853098
b2,DEC2024,bl_load_factor,load factor,200,0.6667935855772842,0.02335234279568415,0.035021846791562325,0.6226724558598972,0.6693422913532692,0.6999561726727721,0.07728371681287494,0.11590350969853087
b2,DEC2024,pv_energy_mwh,PV energy (MWh),200,37.38545123254168,3.590234339094763,0.0960329278029334,31.976812819027405,37.50187101372073,43.03660041640264,11.059787597375237,0.29583132562937714
b2,DEC2024,pv_capacity_factor,PV capacity factor,200,0.10049852481866044,0.009651167578211729,0.0960329278029334,0.08595917424469732,0.10081148121967937,0.11568978606559849,0.02973061182090117,0.2958313256293771
b2,DEC2024,net_peak_kw,net peak (kW),200,499.0163869216709,3.5808653845513323,0.007175847283575098,488.0039340519467,500.0,500.00000000000006,11.996065948053342,0.02403942287758243
b2,DEC2024,net_min_kw,"net min (kW, <0 export)",200,-5.062113738159247,25.995293800811854,5.135264663228331,-46.15069114013669,-5.278616632157025,35.82645032765016,81.97714146778685,16.194251197839833
b2,DEC2024,wx_mean_temp_c,mean dry-bulb (degC),200,9.488747709677419,5.204484741812371,0.5484901591918607,0.6069537096774189,9.467488709677419,17.65582370967742,17.04887,1.7967460534978854
b2,DEC2024,wx_mean_ghi,mean GHI (W/m2),200,100.20219167338709,9.832403018187376,0.09812562833192784,85.36493225806451,99.72987029569893,115.75013333333331,30.385201075268796,0.30323888697275736
b2,DEC2024,n_sessions,EV sessions,200,428.485,33.99526681508979,0.07933828912351609,372.0,431.5,479.04999999999995,107.04999999999995,0.2498337164661539
b2,DEC2024,ev_energy_mwh,EV energy (MWh),200,5.542296299883449,0.5073706946026348,0.09154521287743214,4.604697008234571,5.551601112061279,6.3901652076711875,1.7854681994366164,0.32215314787016414
b2,DEC2024,arr_hour_mean,mean arrival hour,200,8.546648430883746,0.16398105932655635,0.01918659234115709,8.274775196838956,8.542904071350762,8.790216223981432,0.5154410271424759,0.06030914121609398
b2,DEC2024,dwell_h_mean,mean dwell (h),200,7.042391741994716,0.16990256003231913,0.024125690000908022,6.7767492697500495,7.031496906678592,7.358285219399538,0.5815359496494885,0.08257648409157822
b2,DEC2024,req_soc_mean,mean required SoC (%),200,56.87993401008744,3.0832610649828958,0.054206481048942344,52.22558489643162,56.77084865564602,61.8658834928437,9.64029859641208,0.1694850524035842
b2,DEC2024,peak_concurrency,peak concurrent EVs,200,19.44,1.7526433732992717,0.09015655212444812,17.0,20.0,22.0,5.0,0.257201646090535
b2,FEB2024,bl_peak_kw,building peak (kW),200,500.0,3.015418993828294e-14,6.030837987656588e-17,500.0,500.0,500.00000000000006,5.684341886080802e-14,1.1368683772161603e-16
b2,FEB2024,bl_mean_kw,building mean (kW),200,252.3931537281502,14.20815631020974,0.05629374687996959,233.22062868567204,251.191247112149,275.1866865295625,41.96605784389047,0.16627256811051078
b2,FEB2024,bl_energy_mwh,building energy (MWh),200,175.66563499479255,9.888876791905977,0.056293746879969575,162.32155756522775,174.82910799005572,191.52993382457552,29.208376259347773,0.1662725681105108
b2,FEB2024,bl_load_factor,load factor,200,0.5047863074563004,0.028416312620419475,0.05629374687996958,0.46644125737134406,0.502382494224298,0.5503733730591249,0.08393211568778086,0.16627256811051064
b2,FEB2024,pv_energy_mwh,PV energy (MWh),200,51.16455723765628,4.835561180299904,0.09450997802715294,43.863829861882564,51.35176559646451,58.69890817173416,14.835078309851596,0.2899483374974507
b2,FEB2024,pv_capacity_factor,PV capacity factor,200,0.1470245897633801,0.01389529074798823,0.09450997802715295,0.12604548810885796,0.14756254481742676,0.1686750234819947,0.04262953537313674,0.2899483374974505
b2,FEB2024,net_peak_kw,net peak (kW),200,459.895029999842,10.703777017556115,0.023274391587923427,441.8259695186378,460.8511489074816,476.70216215155125,34.876192632913444,0.07583511531517405
b2,FEB2024,net_min_kw,"net min (kW, <0 export)",200,-167.3340547357376,32.89088228884098,0.19655821010722488,-218.28873063400385,-167.70973711582243,-115.77222650740867,102.51650412659518,0.6126457898154349
b2,FEB2024,wx_mean_temp_c,mean dry-bulb (degC),200,10.376294057471263,5.204484741812371,0.5015745229449213,1.494500057471264,10.355035057471264,18.543370057471265,17.04887,1.6430596420621166
b2,FEB2024,wx_mean_ghi,mean GHI (W/m2),200,157.1456835883621,15.42001894175835,0.09812562833192784,133.87661896551725,156.40494863505745,181.52930114942527,47.65268218390801,0.3032388869727573
b2,FEB2024,n_sessions,EV sessions,200,407.7,31.148533766116415,0.07640062243344718,361.0,405.5,459.15,98.14999999999998,0.2407407407407407
b2,FEB2024,ev_energy_mwh,EV energy (MWh),200,5.249357568777296,0.462371166367634,0.08808147669683922,4.4409526133654,5.230555199723596,6.054033615052048,1.6130810016866484,0.30729112668588404
b2,FEB2024,arr_hour_mean,mean arrival hour,200,8.556518039705232,0.17200340491380398,0.020102032639404032,8.27874919037771,8.553188953114212,8.86495623885918,0.5862070484814712,0.0685099997173226
b2,FEB2024,dwell_h_mean,mean dwell (h),200,7.02370469674361,0.1740397229898054,0.02477890664601762,6.705281020390418,7.04243446904905,7.281501619870411,0.5762205994799929,0.0820394114443828
b2,FEB2024,req_soc_mean,mean required SoC (%),200,57.27587886588967,3.298984752426381,0.0575981515735601,52.14546268926087,57.30531209313907,63.28813276217258,11.142670072911713,0.1945438515051345
b2,FEB2024,peak_concurrency,peak concurrent EVs,200,19.445,1.5456130168932811,0.0794863984002716,17.0,19.0,22.049999999999983,5.049999999999983,0.25970686551812716
b2,JAN2024,bl_peak_kw,building peak (kW),200,500.0,3.442826067939919e-14,6.885652135879839e-17,500.0,500.0,500.00000000000006,5.684341886080802e-14,1.1368683772161603e-16
b2,JAN2024,bl_mean_kw,building mean (kW),200,262.9222617389868,17.794994320714917,0.06768158087115766,233.6822906779407,268.1483403891631,282.54413308889457,48.86184241095387,0.18584140455729434
b2,JAN2024,bl_energy_mwh,building energy (MWh),200,195.61416273380615,13.239475774611897,0.06768158087115766,173.85962426438786,199.50236524953738,210.21283501813758,36.35321075374972,0.18584140455729456
b2,JAN2024,bl_load_factor,load factor,200,0.5258445234779736,0.035589988641429836,0.06768158087115766,0.4673645813558814,0.5362966807783262,0.5650882661777891,0.09772368482190769,0.1858414045572942
b2,JAN2024,pv_energy_mwh,PV energy (MWh),200,42.61184229947236,4.069087170798369,0.09549193255248564,36.476889280440155,42.74955271743302,48.998560827867635,12.52167154742748,0.2938542637848477
b2,JAN2024,pv_capacity_factor,PV capacity factor,200,0.1145479631706246,0.010938406373113893,0.09549193255248564,0.09805615397967783,0.11491815246621781,0.13171656136523555,0.033660407385557714,0.29385426378484747
b2,JAN2024,net_peak_kw,net peak (kW),200,491.2820068137895,11.37473663008988,0.02315317164546847,468.0635251620967,495.3137028858529,500.00000000000006,31.936474837903347,0.06500640038707589
b2,JAN2024,net_min_kw,"net min (kW, <0 export)",200,-128.7549021038252,27.943945299760827,0.21703208843440716,-173.66289468066967,-127.33465526893879,-85.04576639220151,88.61712828846815,0.6882621697541985
b2,JAN2024,wx_mean_temp_c,mean dry-bulb (degC),200,8.269930505376344,5.204484741812371,0.6293262970503678,-0.6118634946236562,8.248671505376343,16.437006505376342,17.048869999999997,2.0615493671822755
b2,JAN2024,wx_mean_ghi,mean GHI (W/m2),200,114.85047998991936,11.269775513234343,0.09812562833192784,97.84420161290322,114.3091112231183,132.6713333333333,34.82713172043009,0.30323888697275736
b2,JAN2024,n_sessions,EV sessions,200,446.485,33.44116223545903,0.07489873620717165,387.0,450.5,495.09999999999997,108.09999999999997,0.24211339686663597
b2,JAN2024,ev_energy_mwh,EV energy (MWh),200,5.7511366715227235,0.49836246900694864,0.08665460368463086,4.981778592428837,5.759642809536437,6.589267343743555,1.607488751314718,0.27950800739518933
b2,JAN2024,arr_hour_mean,mean arrival hour,200,8.566892336265797,0.16692087666405647,0.019484413963910655,8.295806330676198,8.561228104537232,8.838552408804064,0.5427460781278661,0.06335390440595201
b2,JAN2024,dwell_h_mean,mean dwell (h),200,7.0406637513160755,0.15011893533399376,0.02132170213439504,6.774867647058824,7.040915869587575,7.299727690768931,0.524860043710107,0.07454695498162336
b2,JAN2024,req_soc_mean,mean required SoC (%),200,56.842266348084976,3.2321273467072698,0.05686133847856614,51.774856756300615,56.256898562281854,62.348889611145026,10.574032854844411,0.18602412490192083
b2,JAN2024,peak_concurrency,peak concurrent EVs,200,19.44,1.5776071187420295,0.08115262956491921,17.0,19.0,22.0,5.0,0.257201646090535
b2,JUL2024,bl_peak_kw,building peak (kW),200,500.0,3.693118947787989e-14,7.386237895575978e-17,500.0,500.0,500.00000000000006,5.684341886080802e-14,1.1368683772161603e-16
b2,JUL2024,bl_mean_kw,building mean (kW),200,282.02152508182064,12.490282298017998,0.04428840066159593,261.31386849625005,284.00820100487044,297.53962164986547,36.225753153615415,0.12845031294368586
b2,JUL2024,bl_energy_mwh,building energy (MWh),200,209.82401466087455,9.292770029725393,0.04428840066159594,194.41751816121004,211.3021015476236,221.3694785074999,26.951960346289866,0.12845031294368586
b2,JUL2024,bl_load_factor,load factor,200,0.5640430501636413,0.024980564596035995,0.04428840066159592,0.5226277369925001,0.5680164020097409,0.5950792432997309,0.07245150630723085,0.1284503129436859
b2,JUL2024,pv_energy_mwh,PV energy (MWh),200,96.02829733815675,8.510240461054183,0.08862221550264483,82.92963896428043,96.65580502149695,108.88715387905114,25.957514914770712,0.27031110239686107
b2,JUL2024,pv_capacity_factor,PV capacity factor,200,0.25814058424235686,0.02287699048670479,0.08862221550264482,0.22292913700075387,0.2598274328534864,0.29270740290067515,0.06977826589992128,0.2703111023968611
b2,JUL2024,net_peak_kw,net peak (kW),200,339.0502218274302,28.04006272856716,0.08270179732499627,292.32792487734906,340.7271465852758,381.778809096168,89.45088421881894,0.26382782980259384
b2,JUL2024,net_min_kw,"net min (kW, <0 export)",200,-179.78962340423917,34.85374440752499,0.19385848720067564,-227.50087994046012,-182.40467575468563,-120.74043569178916,106.76044424867096,0.5938075970526434
b2,JUL2024,wx_mean_temp_c,mean dry-bulb (degC),200,20.053532655913976,5.204484741812371,0.25952957172747915,11.171738655913977,20.03227365591398,28.220608655913974,17.048869999999997,0.8501679126830616
b2,JUL2024,wx_mean_ghi,mean GHI (W/m2),200,331.3155435625,32.510545888204526,0.09812562833192785,282.25658999999996,329.75382708333336,382.72434666666663,100.46775666666667,0.3032388869727576
b2,JUL2024,n_sessions,EV sessions,200,447.84,32.60690804509539,0.07280928020073105,395.95,450.0,498.15,102.19999999999999,0.22820650232225795
b2,JUL2024,ev_energy_mwh,EV energy (MWh),200,5.81256564779859,0.4921883692752678,0.08467661254917194,4.9237597585618955,5.844734441775691,6.627918119649084,1.7041583610871882,0.2931852239350809
b2,JUL2024,arr_hour_mean,mean arrival hour,200,8.54461589690446,0.14646787310764883,0.0171415397573004,8.318317707514941,8.53114825798967,8.774222347774177,0.45590464025923616,0.053355779330513976
b2,JUL2024,dwell_h_mean,mean dwell (h),200,7.052666917686854,0.17183497912940507,0.02436453913603562,6.771007644007644,7.051180698151951,7.340920225560497,0.5699125815528534,0.08080809546295352
b2,JUL2024,req_soc_mean,mean required SoC (%),200,56.80521951946575,3.3504960854393517,0.05898218709094539,51.43651180938757,56.883349886732155,61.87539284937132,10.438881039983755,0.1837662300804349
b2,JUL2024,peak_concurrency,peak concurrent EVs,200,19.525,1.5689752761230582,0.08035724845700683,17.0,19.0,22.0,5.0,0.2560819462227913
b2,JUN2024,bl_peak_kw,building peak (kW),200,500.0,3.5358921927807854e-14,7.07178438556157e-17,500.0,500.0,500.00000000000006,5.684341886080802e-14,1.1368683772161603e-16
b2,JUN2024,bl_mean_kw,building mean (kW),200,256.0136396617079,11.339240187102146,0.04429154713040144,239.5520959618448,256.24406661935353,268.710883394322,29.158787432477226,0.11389544506693923
b2,JUN2024,bl_energy_mwh,building energy (MWh),200,184.3298205564297,8.164252934713545,0.04429154713040143,172.47750909252827,184.49572796593455,193.47183604391185,20.994326951383584,0.11389544506693912
b2,JUN2024,bl_load_factor,load factor,200,0.5120272793234157,0.02267848037420429,0.04429154713040144,0.4791041919236895,0.512488133238707,0.5374217667886441,0.058317574864954536,0.11389544506693941
b2,JUN2024,pv_energy_mwh,PV energy (MWh),200,94.46085849771595,8.257531896568633,0.08741749787048886,81.64905669683115,95.16088341017318,106.79655290610513,25.14749620927398,0.2662213387556926
b2,JUN2024,pv_capacity_factor,PV capacity factor,200,0.26239127360476655,0.02293758860157953,0.08741749787048883,0.22680293526897544,0.26433578725048107,0.2966570914058476,0.06985415613687218,0.2662213387556926
b2,JUN2024,net_peak_kw,net peak (kW),200,336.89073416090423,25.00631327444914,0.07422677663347588,301.312470880273,334.25894389195946,378.93116321914096,77.61869233886796,0.23039723111469154
b2,JUN2024,net_min_kw,"net min (kW, <0 export)",200,-210.1268696172172,31.842898823743845,0.1515412992243745,-248.30012707620568,-215.03615412932595,-153.85751126130904,94.44261581489664,0.44945520764165175
b2,JUN2024,wx_mean_temp_c,mean dry-bulb (degC),200,17.926131222222224,5.204484741812371,0.29032950151344444,9.044337222222222,17.90487222222222,26.09320722222222,17.048869999999997,0.9510624344234005
b2,JUN2024,wx_mean_ghi,mean GHI (W/m2),200,337.39268776666665,33.106869481702105,0.09812562833192782,287.43387199999995,335.80232555555557,389.74445511111105,102.3105831111111,0.3032388869727575
b2,JUN2024,n_sessions,EV sessions,200,389.185,29.983257891177274,0.07704114467715167,341.0,389.5,436.0,95.0,0.24409984968588203
b2,JUN2024,ev_energy_mwh,EV energy (MWh),200,5.003197396418554,0.46212825654659906,0.09236658479183832,4.258713460984979,5.0001845810297345,5.736909824345873,1.4781963633608939,0.2954503383014696
b2,JUN2024,arr_hour_mean,mean arrival hour,200,8.557054005196768,0.16790966349247835,0.019622368094265322,8.282705066240736,8.554362349601709,8.814003546345873,0.5312984801051375,0.06208894787650932
b2,JUN2024,dwell_h_mean,mean dwell (h),200,7.045048636289988,0.14063766722312576,0.019962625452815515,6.799886041492171,7.043225914362177,7.254224604190842,0.4543385626986707,0.0644904792222884
b2,JUN2024,req_soc_mean,mean required SoC (%),200,57.58087659088029,3.533112345791603,0.06135912745640938,52.087737228288,57.51160422928892,63.278796485535246,11.191059257247247,0.19435374936649882
b2,JUN2024,peak_concurrency,peak concurrent EVs,200,19.475,1.698173716040042,0.08719762341669021,17.0,19.0,22.049999999999983,5.049999999999983,0.2593068035943508
b2,MAR2024,bl_peak_kw,building peak (kW),200,500.0,3.1728496821725785e-14,6.345699364345156e-17,500.0,500.0,500.00000000000006,5.684341886080802e-14,1.1368683772161603e-16
b2,MAR2024,bl_mean_kw,building mean (kW),200,286.1751095775451,19.071367800033784,0.06664230103095672,261.68786617253943,281.38701172813734,322.3307554582044,60.64288928566498,0.21190832904785709
b2,MAR2024,bl_energy_mwh,building energy (MWh),200,212.91428152569353,14.189097643225137,0.06664230103095674,194.69577243236935,209.3519367257342,239.81408206090407,45.11830962853472,0.21190832904785697
b2,MAR2024,bl_load_factor,load factor,200,0.5723502191550902,0.03814273560006757,0.06664230103095671,0.5233757323450788,0.5627740234562746,0.6446615109164088,0.12128577857132994,0.21190832904785703
b2,MAR2024,pv_energy_mwh,PV energy (MWh),200,70.17969954721184,6.481396146774707,0.09235428747332398,60.32294564303886,70.49405821140468,80.248035152243,19.92508950920415,0.2839152865822685
b2,MAR2024,pv_capacity_factor,PV capacity factor,200,0.18865510630970925,0.017423107921437385,0.09235428747332398,0.16215845602967435,0.18950015648227064,0.2157205246028038,0.05356206857312945,0.2839152865822686
b2,MAR2024,net_peak_kw,net peak (kW),200,412.1869652485766,25.192158914278355,0.06111828135828065,375.7218453870654,406.9254385331085,459.2033243228514,83.48147893578601,0.20253303955267252
b2,MAR2024,net_min_kw,"net min (kW, <0 export)",200,-166.82724991492233,34.57893938485667,0.20727392798533242,-219.73757533715118,-166.03099802182788,-110.26806058195086,109.46951475520032,0.6561848547586021
b2,MAR2024,wx_mean_temp_c,mean dry-bulb (degC),200,11.919527279569893,5.204484741812372,0.43663516343746916,3.0377332795698924,11.89826827956989,20.086603279569893,17.04887,1.4303310525763733
b2,MAR2024,wx_mean_ghi,mean GHI (W/m2),200,214.40844661693552,21.0389635439594,0.09812562833192781,182.66030129032256,213.39779314516127,247.67727999999994,65.01697870967737,0.3032388869727573
b2,MAR2024,n_sessions,EV sessions,200,408.59,30.782784133261483,0.07533905414538164,356.95,409.0,456.0,99.05000000000001,0.2424190508823026
b2,MAR2024,ev_energy_mwh,EV energy (MWh),200,5.296554401236335,0.45947418723298566,0.08674963994058742,4.633119183504056,5.3038032956549515,6.030444133458752,1.3973249499546956,0.2638177283005964
b2,MAR2024,arr_hour_mean,mean arrival hour,200,8.546121418593918,0.16287967841599219,0.019058900574664497,8.293342737332045,8.525022723756479,8.829291404061625,0.5359486667295794,0.06271250319045413
b2,MAR2024,dwell_h_mean,mean dwell (h),200,7.043335736045362,0.15545307986022883,0.02207094559821614,6.787241393298537,7.046655866137924,7.2895548553298015,0.5023134620312648,0.07131755191799219
b2,MAR2024,req_soc_mean,mean required SoC (%),200,57.09892856808194,3.2413197644034133,0.05676673530815248,51.578319490330756,57.19760192952849,62.076885112250395,10.498565621919639,0.18386624557064443
b2,MAR2024,peak_concurrency,peak concurrent EVs,200,19.44,1.587134201910592,0.08164270585959835,17.0,20.0,22.0,5.0,0.257201646090535
b2,MAY2024,bl_peak_kw,building peak (kW),200,500.0,3.736826018822845e-14,7.473652037645689e-17,500.0,500.0,500.00000000000006,5.684341886080802e-14,1.1368683772161603e-16
b2,MAY2024,bl_mean_kw,building mean (kW),200,230.38722731771836,10.973652970546416,0.04763134266733053,216.85637150224946,230.1741422989208,241.63612978637045,24.779758284120987,0.10755699685533415
b2,MAY2024,bl_energy_mwh,building energy (MWh),200,171.40809712438244,8.164397810086534,0.04763134266733054,161.3411403976736,171.24956187039706,179.7772805610596,18.436140163386,0.10755699685533408
b2,MAY2024,bl_load_factor,load factor,200,0.4607744546354367,0.021947305941092832,0.04763134266733053,0.4337127430044989,0.46034828459784166,0.48327225957274084,0.049559516568241924,0.10755699685533404
b2,MAY2024,pv_energy_mwh,PV energy (MWh),200,94.57731668319079,8.244235697405236,0.08716927046070955,81.74165403490278,95.30862535133603,106.85371355142561,25.112059516522834,0.2655188410625102
b2,MAY2024,pv_capacity_factor,PV capacity factor,200,0.2542400986107279,0.02216192391775601,0.08716927046070957,0.21973562912608272,0.25620598212724743,0.28724116546082157,0.06750553633473885,0.2655188410625105
b2,MAY2024,net_peak_kw,net peak (kW),200,294.59975486862567,22.336233707867038,0.07581891477753502,265.5008243793746,293.04958703694933,332.26122426628723,66.76039988691264,0.22661390168733808
b2,MAY2024,net_min_kw,"net min (kW, <0 export)",200,-247.77368341342452,30.113959731321422,0.12153816868870033,-285.620520572096,-252.19882229996108,-196.82177737306844,88.79874319902754,0.3583865000338304
b2,MAY2024,wx_mean_temp_c,mean dry-bulb (degC),200,15.497484268817207,5.204484741812372,0.33582771574638204,6.615690268817204,15.476225268817203,23.664560268817205,17.04887,1.1001056496830501
b2,MAY2024,wx_mean_ghi,mean GHI (W/m2),200,319.57239694556455,31.358242247823775,0.09812562833192782,272.25228870967743,318.06603393817204,369.1590666666666,96.90677795698917,0.3032388869727573
b2,MAY2024,n_sessions,EV sessions,200,448.535,34.04547321203152,0.07590371590183935,392.95,450.0,503.0,110.05000000000001,0.24535432017568307
b2,MAY2024,ev_energy_mwh,EV energy (MWh),200,5.788727113265086,0.5222312623156267,0.09021521521007858,4.976235888089944,5.7667489464759605,6.665055048874205,1.688819160784261,0.2917427489221712
b2,MAY2024,arr_hour_mean,mean arrival hour,200,8.55910010014761,0.1612336887250398,0.018837691677686907,8.311947168617525,8.548810956705694,8.799342992245315,0.4873958236277893,0.056944750958033974
b2,MAY2024,dwell_h_mean,mean dwell (h),200,7.0460533219055534,0.15304169412946522,0.02172020096039753,6.804095534282052,7.043333047000742,7.292004504504504,0.4879089702224526,0.06924571074499067
b2,MAY2024,req_soc_mean,mean required SoC (%),200,56.82464293305888,3.1661527979602653,0.05571795324240026,51.482627399876044,56.76275820059042,61.5973539785023,10.114726578626254,0.177998946522932
b2,MAY2024,peak_concurrency,peak concurrent EVs,200,19.63,1.7488258803548724,0.08908944882093084,16.950000000000003,20.0,22.049999999999983,5.09999999999998,0.2598064187468151
b2,NOV2024,bl_peak_kw,building peak (kW),200,500.0,2.8206661881190207e-14,5.641332376238041e-17,500.0,500.0,500.00000000000006,5.684341886080802e-14,1.1368683772161603e-16
b2,NOV2024,bl_mean_kw,building mean (kW),200,276.74526229705754,19.743425350404614,0.07134151163611278,239.4195547097661,274.8470462846891,313.7281896826668,74.30863497290073,0.268509149374843
b2,NOV2024,bl_energy_mwh,building energy (MWh),200,199.2565888538814,14.215266252291322,0.07134151163611278,172.3820793910316,197.88987332497612,225.8842965715201,53.502217180488515,0.268509149374843
b2,NOV2024,bl_load_factor,load factor,200,0.5534905245941151,0.039486850700809234,0.0713415116361128,0.47883910941953217,0.5496940925693782,0.6274563793653337,0.14861726994580154,0.26850914937484316
b2,NOV2024,pv_energy_mwh,PV energy (MWh),200,43.58658984408371,4.1546278279153785,0.09531894655620353,37.31472191836564,43.741453161626154,50.0578898574353,12.743167939069657,0.29236441723599005
b2,NOV2024,pv_capacity_factor,PV capacity factor,200,0.1210738606780103,0.011540632855320497,0.09531894655620353,0.10365200532879344,0.12150403656007264,0.1390496940484314,0.03539768871963796,0.2923644172359902
b2,NOV2024,net_peak_kw,net peak (kW),200,484.5497835639392,16.88886333636716,0.03485475364811214,446.4038683009949,488.6220667610971,500.0,53.59613169900513,0.11061016538857417
b2,NOV2024,net_min_kw,"net min (kW, <0 export)",200,-103.28820009778279,33.28809301229661,0.32228360045758203,-156.4394624061664,-101.96568909481445,-53.793078659320386,102.64638374684601,0.9937861599841108
b2,NOV2024,wx_mean_temp_c,mean dry-bulb (degC),200,12.753631222222223,5.204484741812372,0.40807866019710193,3.871837222222222,12.732372222222223,20.920707222222223,17.04887,1.3367855556536443
b2,NOV2024,wx_mean_ghi,mean GHI (W/m2),200,125.89737323749999,12.353758854268925,0.09812562833192785,107.25534600000002,125.30393291666667,145.43232533333332,38.17697933333331,0.30323888697275736
b2,NOV2024,n_sessions,EV sessions,200,409.825,30.724654546225977,0.07497018128768615,356.95,409.0,461.04999999999995,104.09999999999997,0.2540108582931738
b2,NOV2024,ev_energy_mwh,EV energy (MWh),200,5.27935244956437,0.4541386721198535,0.08602166202359289,4.5422188995738235,5.263318332398269,6.0378722762287,1.495653376654876,0.2833024297853596
b2,NOV2024,arr_hour_mean,mean arrival hour,200,8.53950296437746,0.1521582366372411,0.0178181607608744,8.322337777408407,8.531160836647121,8.815684686288472,0.49334690888006527,0.05777232128591817
b2,NOV2024,dwell_h_mean,mean dwell (h),200,7.037678891321431,0.1531284678514204,0.021758376620486616,6.778719779915267,7.045934916378284,7.283858411703239,0.5051386317879718,0.07177631142149543
b2,NOV2024,req_soc_mean,mean required SoC (%),200,57.123676728203165,3.4028180389397478,0.05956931055279403,52.09256817805624,56.87652453575073,62.60297050628089,10.51040232822465,0.18399379959790724
b2,NOV2024,peak_concurrency,peak concurrent EVs,200,19.6,1.5787534042901663,0.08054864307602888,17.0,20.0,22.0,5.0,0.25510204081632654
b2,OCT2024,bl_peak_kw,building peak (kW),200,500.0,3.581518495192903e-14,7.163036990385807e-17,500.0,500.0,500.00000000000006,5.684341886080802e-14,1.1368683772161603e-16
b2,OCT2024,bl_mean_kw,building mean (kW),200,257.4049600187174,14.343303448543503,0.0557227158618098,232.02550374151465,256.411470346839,282.22135272877256,50.195848987257904,0.1950073105957549
b2,OCT2024,bl_energy_mwh,building energy (MWh),200,191.50929025392577,10.67141776571637,0.05572271586180982,172.6269747836869,190.77013393804822,209.97268643020678,37.345711646519874,0.19500731059575488
b2,OCT2024,bl_load_factor,load factor,200,0.5148099200374348,0.028686606897087012,0.055722715861809824,0.4640510074830293,0.5128229406936781,0.5644427054575449,0.10039169797451564,0.19500731059575463
b2,OCT2024,pv_energy_mwh,PV energy (MWh),200,60.57003395757616,5.702974461717442,0.09415504811689326,51.986146617066225,60.8035464331536,69.47585100781815,17.489704390751925,0.28875176796172647
b2,OCT2024,pv_capacity_factor,PV capacity factor,200,0.16282267192896818,0.015330576509993126,0.09415504811689326,0.13974770595985544,0.16345039363750968,0.18676304034359717,0.047015334383741725,0.2887517679617264
b2,OCT2024,net_peak_kw,net peak (kW),200,395.810517031371,21.2156102790747,0.05360042082306065,359.9380512408635,395.2549477541497,434.2942815356261,74.35623029476261,0.18785814700539985
b2,OCT2024,net_min_kw,"net min (kW, <0 export)",200,-152.29719254520995,33.329031679145075,0.2188420621690136,-201.8118487236254,-154.44706948723683,-101.42899312588175,100.38285559774364,0.6591247935706014
b2,OCT2024,wx_mean_temp_c,mean dry-bulb (degC),200,16.58955416129032,5.204484741812371,0.3137205913559989,7.707760161290322,16.568295161290322,24.756630161290328,17.048870000000008,1.0276870513965617
b2,OCT2024,wx_mean_ghi,mean GHI (W/m2),200,180.74802844354838,17.73601386078035,0.09812562833192784,153.98408903225808,179.896039516129,208.79391999999996,54.809830967741874,0.30323888697275725
b2,OCT2024,n_sessions,EV sessions,200,447.825,34.81183266458887,0.07773534899701641,390.95,449.5,504.0,113.05000000000001,0.252442360296991
b2,OCT2024,ev_energy_mwh,EV energy (MWh),200,5.78250503432787,0.5172516498449189,0.08945113696819144,5.013160062704242,5.746727292755821,6.60270701786206,1.589546955157818,0.27488898768292713
b2,OCT2024,arr_hour_mean,mean arrival hour,200,8.575723099331775,0.14611486385754247,0.017038197498345977,8.347192781934053,8.57703636569616,8.792107118608659,0.44491433667460534,0.0518806789259874
b2,OCT2024,dwell_h_mean,mean dwell (h),200,7.0214975066881085,0.157832525215949,0.022478470592008408,6.7532099374089,7.029979005118459,7.264884213744485,0.5116742763355848,0.07287252838133254
b2,OCT2024,req_soc_mean,mean required SoC (%),200,56.945280883846664,3.25011332078193,0.05707432240805525,51.74070292007716,56.93452896976896,62.68980590835067,10.94910298827351,0.19227410627066338
b2,OCT2024,peak_concurrency,peak concurrent EVs,200,19.42,1.5639146862053066,0.08053113729172535,17.0,19.0,22.0,5.0,0.2574665293511843
b2,SEP2024,bl_peak_kw,building peak (kW),200,500.0,3.322829893778016e-14,6.645659787556032e-17,500.0,500.0,500.00000000000006,5.684341886080802e-14,1.1368683772161603e-16
b2,SEP2024,bl_mean_kw,building mean (kW),200,230.66230380988227,10.801556446973455,0.04682844256977669,212.09711284985016,231.7155278012799,242.53188719476356,30.434774344913393,0.1319451589714395
b2,SEP2024,bl_energy_mwh,building energy (MWh),200,166.07685874311525,7.777120641820888,0.04682844256977669,152.7099212518921,166.83518001692153,174.62295878022977,21.913037528337668,0.13194515897143966
b2,SEP2024,bl_load_factor,load factor,200,0.4613246076197646,0.021603112893946914,0.04682844256977669,0.4241942256997003,0.4634310556025598,0.48506377438952714,0.06086954868982686,0.13194515897143963
b2,SEP2024,pv_energy_mwh,PV energy (MWh),200,74.55301476008209,6.893589985581802,0.09246560997923367,64.14924850243574,74.87919433855768,85.3618307104265,21.212582207990764,0.2845301732767568
b2,SEP2024,pv_capacity_factor,PV capacity factor,200,0.20709170766689472,0.01914886107106056,0.09246560997923366,0.17819235695121038,0.20799776205154913,0.2371161964178514,0.05892383946664101,0.2845301732767567
b2,SEP2024,net_peak_kw,net peak (kW),200,384.1216005618408,19.404812695142258,0.050517369152787914,351.6143327761584,384.8680312124153,417.8652257165349,66.2508929403765,0.17247375009235022
b2,SEP2024,net_min_kw,"net min (kW, <0 export)",200,-219.28051094042064,34.7851817769826,0.1586332575922986,-272.5731947106183,-219.72185204412918,-161.7582583505595,110.8149363600588,0.5053569780771244
b2,SEP2024,wx_mean_temp_c,mean dry-bulb (degC),200,19.22127011111111,5.204484741812371,0.27076695305394255,10.33947611111111,19.20001111111111,27.38834611111111,17.04887,0.8869793672034543
b2,SEP2024,wx_mean_ghi,mean GHI (W/m2),200,245.4628632479167,24.086197688355902,0.09812562833192784,209.11639100000002,244.30582909722222,283.55027644444436,74.43388544444434,0.3032388869727571
b2,SEP2024,n_sessions,EV sessions,200,408.93,31.82908344209458,0.07783504130803458,355.9,408.5,460.04999999999995,104.14999999999998,0.2546890665884136
b2,SEP2024,ev_energy_mwh,EV energy (MWh),200,5.280212736622864,0.4738236218236466,0.08973570677129504,4.573009718417069,5.2395958894135894,5.991558167102327,1.4185484486852582,0.2686536545859965
b2,SEP2024,arr_hour_mean,mean arrival hour,200,8.562603189013895,0.16014940610932343,0.018703354876330184,8.289909185434272,8.56301646988902,8.82557611063239,0.5356669251981181,0.06255888698490625
b2,SEP2024,dwell_h_mean,mean dwell (h),200,7.027907339521387,0.15907863904656616,0.022635278378243345,6.794281699152252,7.003274041210551,7.302264670848678,0.5079829716964257,0.0722808294354974
b2,SEP2024,req_soc_mean,mean required SoC (%),200,57.204702173331974,3.1124070862749935,0.054408238624235924,51.768911659970755,57.17875540680103,62.58582109735759,10.816909437386833,0.18909126394210168
b2,SEP2024,peak_concurrency,peak concurrent EVs,200,19.435,1.797758235516343,0.0925010669161998,17.0,19.0,22.0,5.0,0.2572678157962439
b3,APR2024,bl_peak_kw,building peak (kW),200,400.0,2.279442501808651e-14,5.698606254521627e-17,400.0,400.0,400.00000000000006,5.684341886080802e-14,1.4210854715202004e-16
b3,APR2024,bl_mean_kw,building mean (kW),200,247.08973536674355,14.255060044217,0.05769183419561679,231.0681529058973,242.00271563609073,277.12732339688324,46.059170490985935,0.18640665271919327
b3,APR2024,bl_energy_mwh,building energy (MWh),200,177.90460946405537,10.26364323183624,0.057691834195616784,166.36907009224606,174.24195525798532,199.5316728457559,33.162602753509844,0.1864066527191931
b3,APR2024,bl_load_factor,load factor,200,0.6177243384168589,0.0356376501105425,0.05769183419561679,0.5776703822647433,0.6050067890902269,0.692818308492208,0.11514792622746473,0.1864066527191931
b3,APR2024,pv_energy_mwh,PV energy (MWh),200,61.94708116332062,5.486548757390993,0.08856831757618991,52.95852709941662,61.768166659928085,70.47470169793874,17.51617459852212,0.28276028942092585
b3,APR2024,pv_capacity_factor,PV capacity factor,200,0.2150940318170855,0.019050516518718724,0.08856831757618991,0.18388377465075217,0.21447280090252807,0.24470382534006507,0.0608200506893129,0.2827602894209257
b3,APR2024,net_peak_kw,net peak (kW),200,293.5029136663554,22.302556063364197,0.07598751162217428,268.50250498774034,285.20576937041153,338.49749233096634,69.994987343226,0.23848140541048948
b3,APR2024,net_min_kw,"net min (kW, <0 export)",200,-85.22365368993457,26.305833624421254,0.3086682216198874,-127.11697468841108,-83.35900822450836,-44.96120186249902,82.15577282591207,0.9640020025991348
b3,APR2024,wx_mean_temp_c,mean dry-bulb (degC),200,13.443301000000002,5.001030798679981,0.3720091366458268,5.052905000000001,13.864700000000001,21.341709999999996,16.288804999999996,1.2116670600472306
b3,APR2024,wx_mean_ghi,mean GHI (W/m2),200,259.17321135416665,25.82297672565519,0.09963597931565331,219.655340125,258.3091604166667,299.2774722083333,79.62213208333327,0.30721590270580723
b3,APR2024,n_sessions,EV sessions,200,326.735,30.845779053658795,0.09440610602983701,269.95,326.0,375.04999999999995,105.09999999999997,0.32166740630786406
b3,APR2024,ev_energy_mwh,EV energy (MWh),200,4.243925358427149,0.4385271416003371,0.10333055003654934,3.6417832463071664,4.194577806297174,4.909348710502326,1.2675654641951595,0.2986776055516996
b3,APR2024,arr_hour_mean,mean arrival hour,200,8.588194872790316,0.18002489176250228,0.02096190112463202,8.256254781211751,8.598351134846462,8.862770767968083,0.6065159867563317,0.07062205687459835
b3,APR2024,dwell_h_mean,mean dwell (h),200,7.007360018401368,0.185306202796054,0.026444510102155285,6.7042814753029605,7.018412946716553,7.310266941583786,0.605985466280826,0.0864784262103709
b3,APR2024,req_soc_mean,mean required SoC (%),200,56.68850024285417,4.066636666245347,0.0717365364901846,49.60857192540988,56.63759322395349,62.918752967238646,13.310181041828763,0.23479508162692253
b3,APR2024,peak_concurrency,peak concurrent EVs,200,15.695,1.4977285985030364,0.09542711682083697,13.0,16.0,18.0,5.0,0.31857279388340237
b3,AUG2024,bl_peak_kw,building peak (kW),200,400.0,1.2088569377652947e-14,3.022142344413237e-17,400.0,400.0,400.0,0.0,0.0
b3,AUG2024,bl_mean_kw,building mean (kW),200,244.48154216219467,9.35569614976765,0.03826749482609557,227.73834652417474,244.9033584822695,258.22197121816794,30.483624693993193,0.12468681449076288
b3,AUG2024,bl_energy_mwh,building energy (MWh),200,181.8942673686728,6.960637935427132,0.03826749482609558,169.437329813986,182.20809871080849,192.11714658631695,22.679816772330952,0.12468681449076299
b3,AUG2024,bl_load_factor,load factor,200,0.6112038554054867,0.023389240374419123,0.03826749482609556,0.5693458663104368,0.6122583962056738,0.6455549280454198,0.07620906173498299,0.12468681449076288
b3,AUG2024,pv_energy_mwh,PV energy (MWh),200,71.4701305120212,6.38150778079986,0.0892891580731967,61.09995624421546,71.20031242198625,81.61756361587773,20.517607371662265,0.2870794725666721
b3,AUG2024,pv_capacity_factor,PV capacity factor,200,0.24015500844093143,0.02144323851075222,0.08928915807319673,0.20530899275610034,0.23924836163301832,0.2742525659135676,0.06894357315746727,0.28707947256667204
b3,AUG2024,net_peak_kw,net peak (kW),200,270.9133403254075,18.981763481815733,0.0700658131453246,244.42282256497188,267.0921690559005,301.7905564005203,57.36773383554842,0.21175676977236035
b3,AUG2024,net_min_kw,"net min (kW, <0 export)",200,-113.95188850127165,25.562796062789413,0.2243297272120606,-148.60991036005325,-113.73414112548969,-68.20001954546863,80.40989081458461,0.7056477244226389
b3,AUG2024,wx_mean_temp_c,mean dry-bulb (degC),200,19.772696161290323,5.001030798679981,0.2529260935324879,11.382300161290322,20.19409516129032,27.671105161290317,16.288804999999996,0.8238029283982597
b3,AUG2024,wx_mean_ghi,mean GHI (W/m2),200,300.4621503192204,29.936840594342556,0.0996359793156533,254.64867868951615,299.46044724462365,346.95542942876335,92.3067507392472,0.30721590270580706
b3,AUG2024,n_sessions,EV sessions,200,328.02,29.848858803299272,0.09099706970093066,279.0,329.0,372.19999999999993,93.19999999999993,0.2841290165233825
b3,AUG2024,ev_energy_mwh,EV energy (MWh),200,4.252041565969308,0.4449189363224785,0.1046365444503959,3.5912302090101216,4.253832340688511,5.026667850578597,1.435437641568475,0.33758786674542973
b3,AUG2024,arr_hour_mean,mean arrival hour,200,8.603003586277442,0.18172836109575355,0.02112382719282211,8.328579615588081,8.594075932364095,8.902009820355934,0.5734302047678526,0.06665465136879925
b3,AUG2024,dwell_h_mean,mean dwell (h),200,7.02303153857304,0.17749353369027102,0.02527306515931362,6.7039549059929495,7.021989197119232,7.305523726140739,0.6015688201477891,0.08565657392306367
b3,AUG2024,req_soc_mean,mean required SoC (%),200,56.86562129353115,3.980139844967462,0.06999202249849032,50.24215206651106,57.132616694682454,62.97731494260273,12.735162876091671,0.223951881407482
b3,AUG2024,peak_concurrency,peak concurrent EVs,200,15.795,1.5637138501097716,0.09900056031084341,13.0,16.0,18.0,5.0,0.31655587211142766
b3,DEC2024,bl_peak_kw,building peak (kW),200,400.0,2.451063228509927e-14,6.127658071274817e-17,400.0,400.0,400.00000000000006,5.684341886080802e-14,1.4210854715202004e-16
b3,DEC2024,bl_mean_kw,building mean (kW),200,267.105368043321,8.958545803315143,0.03353937013299629,250.60625221399587,268.2430127136946,280.65280763228526,30.046555418289387,0.1124895229114835
b3,DEC2024,bl_energy_mwh,building energy (MWh),200,198.72639382423083,6.665158077666468,0.0335393701329963,186.45105164721295,199.5728014589888,208.80568887842026,22.354637231207306,0.1124895229114835
b3,DEC2024,bl_load_factor,load factor,200,0.6677634201083025,0.02239636450828786,0.0335393701329963,0.6265156305349897,0.6706075317842366,0.7016320190807132,0.07511638854572344,0.11248952291148345
b3,DEC2024,pv_energy_mwh,PV energy (MWh),200,29.547653438099516,2.820556218491267,0.0954578753402586,25.095232561139262,29.346431923108902,34.045854607340765,8.950622046201502,0.30292158614058795
b3,DEC2024,pv_capacity_factor,PV capacity factor,200,0.09928646988608708,0.00947767546536044,0.09545787534025861,0.08432537822963464,0.09861032232227454,0.11440139316982782,0.030076014940193185,0.3029215861405876
b3,DEC2024,net_peak_kw,net peak (kW),200,399.4542113146065,2.290860876233223,0.00573497740502969,397.18734021008476,400.0,400.00000000000006,2.812659789915301,0.007041257070888848
b3,DEC2024,net_min_kw,"net min (kW, <0 export)",200,-1.2749091025103372,20.39926584497675,16.00056490679213,-34.73405279613454,0.22882712457109733,31.696726619190684,66.43077941532522,52.10628685960503
b3,DEC2024,wx_mean_temp_c,mean dry-bulb (degC),200,9.584389709677419,5.001030798679981,0.5217891749153739,1.1939937096774202,10.00578870967742,17.482798709677414,16.288804999999993,1.6995140528930166
b3,DEC2024,wx_mean_ghi,mean GHI (W/m2),200,98.99194539650536,9.863159423942488,0.0996359793156533,83.89798205645161,98.6619186827957,114.30988192204299,30.41189986559138,0.3072159027058073
b3,DEC2024,n_sessions,EV sessions,200,326.66,30.981343064664777,0.09484278168329387,272.0,327.0,376.04999999999995,104.04999999999995,0.31852690871242256
b3,DEC2024,ev_energy_mwh,EV energy (MWh),200,4.2098786341508365,0.4362394175247141,0.10362280137624605,3.4877609939240073,4.220582389771934,4.852954509344662,1.3651935154206547,0.3242833425995009
b3,DEC2024,arr_hour_mean,mean arrival hour,200,8.61279235619979,0.18072978282281096,0.020983877858464256,8.333507640132247,8.5988897536492,8.927233175551901,0.5937255354196544,0.06893531283060249
b3,DEC2024,dwell_h_mean,mean dwell (h),200,7.00646888365324,0.16384717541299643,0.023385128533899225,6.725217079530639,7.011333088954057,7.267716613381046,0.5424995338504068,0.07742837980999387
b3,DEC2024,req_soc_mean,mean required SoC (%),200,57.083659880994084,3.8430374019838878,0.0673228978309329,50.919685454577575,57.137684669090646,63.541805767411624,12.62212031283405,0.22111617123268168
b3,DEC2024,peak_concurrency,peak concurrent EVs,200,15.77,1.694537484516693,0.10745323300676557,13.0,16.0,19.0,6.0,0.3804692454026633
b3,FEB2024,bl_peak_kw,building peak (kW),200,400.0,2.4177138755305894e-14,6.044284688826474e-17,400.0,400.0,400.00000000000006,5.684341886080802e-14,1.4210854715202004e-16
b3,FEB2024,bl_mean_kw,building mean (kW),200,201.2203737007649,12.708122823839796,0.06315524909390172,184.7476491043704,198.22301765391705,222.1578476481816,37.41019854381119,0.18591655435171764
b3,FEB2024,bl_energy_mwh,building energy (MWh),200,140.04938009573237,8.844853485392496,0.0631552490939017,128.5843637766418,137.96322028712626,154.6218619631344,26.0374981864926,0.1859165543517177
b3,FEB2024,bl_load_factor,load factor,200,0.5030509342519122,0.03177030705959949,0.06315524909390172,0.461869122760926,0.4955575441347926,0.555394619120454,0.09352549635952795,0.1859165543517176
b3,FEB2024,pv_energy_mwh,PV energy (MWh),200,40.44563587532804,3.797636589864237,0.09389484199408538,34.41426768360399,40.21057941461993,46.51870825231735,12.104440568713365,0.2992768022247145
b3,FEB2024,pv_capacity_factor,PV capacity factor,200,0.14527886449471278,0.013640936026811197,0.09389484199408538,0.12361446725432465,0.14443455249504283,0.1670930612511399,0.04347859399681525,0.2992768022247145
b3,FEB2024,net_peak_kw,net peak (kW),200,367.03248655967184,10.652304342826731,0.029022783358156196,351.1725891750877,369.1603702680766,382.60634611996505,31.43375694487736,0.08564298283107669
b3,FEB2024,net_min_kw,"net min (kW, <0 export)",200,-131.3305677648655,25.659256299914126,0.19537916219059154,-172.24019331354154,-130.18385470366775,-92.18112835107972,80.05906496246182,0.6095996257763823
b3,FEB2024,wx_mean_temp_c,mean dry-bulb (degC),200,10.471936057471265,5.001030798679981,0.47756506258572556,2.0815400574712655,10.893335057471264,18.37034505747126,16.288804999999993,1.5554721601244546
b3,FEB2024,wx_mean_ghi,mean GHI (W/m2),200,155.24767142600575,15.468253779004849,0.0996359793156533,131.57602165948276,154.73009518678163,179.27057517959764,47.69455352011488,0.307215902705807
b3,FEB2024,n_sessions,EV sessions,200,312.595,29.16218682992614,0.09329063750196304,262.8,313.0,359.04999999999995,96.24999999999994,0.30790639645547735
b3,FEB2024,ev_energy_mwh,EV energy (MWh),200,4.0334998506955415,0.4306440508654716,0.10676684437987789,3.3065265279264295,4.039889367978904,4.686151825783242,1.3796252978568129,0.3420417376782371
b3,FEB2024,arr_hour_mean,mean arrival hour,200,8.631554083857466,0.18842414904332022,0.02182968990435995,8.322763984018264,8.637884565147496,8.93240661736822,0.6096426333499565,0.0706295329238678
b3,FEB2024,dwell_h_mean,mean dwell (h),200,7.008017158413593,0.17833128104171658,0.025446752913214254,6.735471121200965,7.005511891064183,7.309692028985507,0.5742209077845422,0.08193771430698504
b3,FEB2024,req_soc_mean,mean required SoC (%),200,56.85594403242788,3.741481998849361,0.06580634729616662,50.93117512199807,56.68470956314778,63.24898374914957,12.3178086271515,0.21664944337439931
b3,FEB2024,peak_concurrency,peak concurrent EVs,200,15.56,1.4755630898612244,0.09483053276743088,13.0,16.0,18.0,5.0,0.3213367609254499
b3,JAN2024,bl_peak_kw,building peak (kW),200,400.0,2.0147615629421575e-14,5.036903907355394e-17,400.0,400.0,400.00000000000006,5.684341886080802e-14,1.4210854715202004e-16
b3,JAN2024,bl_mean_kw,building mean (kW),200,209.63045405517624,14.67971568498815,0.0700266368794123,187.0310192361645,213.20017561916507,226.8350027590569,39.803983522892395,0.18987691317224215
b3,JAN2024,bl_energy_mwh,building energy (MWh),200,155.96505781705113,10.921708469631184,0.0700266368794123,139.1510783117064,158.62093066065881,168.76524205273833,29.614163741031916,0.18987691317224198
b3,JAN2024,bl_load_factor,load factor,200,0.5240761351379405,0.03669928921247037,0.07002663687941231,0.46757754809041124,0.5330004390479126,0.5670875068976422,0.09950995880723096,0.18987691317224212
b3,JAN2024,pv_energy_mwh,PV energy (MWh),200,33.680580623961916,3.196851495548858,0.09491675726262483,28.628671711553835,33.455798074434,38.7799501547141,10.151278443160265,0.3013985583116159
b3,JAN2024,pv_capacity_factor,PV capacity factor,200,0.11317399403213009,0.01074210851998944,0.09491675726262482,0.09619849365441475,0.11241867632538308,0.1303089722940662,0.034110478639651456,0.3013985583116161
b3,JAN2024,net_peak_kw,net peak (kW),200,392.4781311016653,9.72795624911427,0.024785982907655036,372.5959042892483,395.682190076473,400.0,27.404095710751676,0.06982324246660529
b3,JAN2024,net_min_kw,"net min (kW, <0 export)",200,-100.96379181845826,23.62627042752493,0.23400736048034956,-139.10601927338527,-100.39048104202203,-65.91173570044123,73.19428357294404,0.7249557713180362
b3,JAN2024,wx_mean_temp_c,mean dry-bulb (degC),200,8.365572505376344,5.001030798679981,0.5978109442558706,-0.024823494623654983,8.786971505376343,16.26398150537634,16.288804999999993,1.9471237610494185
b3,JAN2024,wx_mean_ghi,mean GHI (W/m2),200,113.46331107190859,11.30502811504622,0.0996359793156533,96.16280191532259,113.08503864247312,131.0205354502688,34.857733534946206,0.3072159027058072
b3,JAN2024,n_sessions,EV sessions,200,341.91,31.781634025117913,0.09295321583199646,292.85,342.0,394.09999999999997,101.24999999999994,0.29613056067386134
b3,JAN2024,ev_energy_mwh,EV energy (MWh),200,4.405722316212051,0.48269810645834194,0.10956162731412356,3.6109478286116112,4.406152178495706,5.190935548933769,1.579987720322158,0.3586217212347143
b3,JAN2024,arr_hour_mean,mean arrival hour,200,8.605461272282396,0.17961851529046,0.02087261909701447,8.320581664342756,8.60373077217418,8.925913571264056,0.6053319069213003,0.07034276115692173
b3,JAN2024,dwell_h_mean,mean dwell (h),200,6.991461652914518,0.1649103353316375,0.023587390379648524,6.73532352588576,6.984832929886746,7.276746760738374,0.5414232348526138,0.07744063569695925
b3,JAN2024,req_soc_mean,mean required SoC (%),200,56.740774726852194,3.7580524146749146,0.06623195458232686,50.63273471156397,56.84893123525793,62.43374604173817,11.801011330174198,0.2079811456044404
b3,JAN2024,peak_concurrency,peak concurrent EVs,200,15.83,1.494075401889966,0.09438252696714883,14.0,16.0,18.0,4.0,0.2526847757422615
b3,JUL2024,bl_peak_kw,building peak (kW),200,400.0,1.7564284096389855e-14,4.391071024097464e-17,400.0,400.0,400.00000000000006,5.684341886080802e-14,1.4210854715202004e-16
b3,JUL2024,bl_mean_kw,building mean (kW),200,225.97437590887455,8.92552321211485,0.0394979438541037,208.92296311988778,227.21060112555472,237.2193611087025,28.296397988814704,0.12521949833916296
b3,JUL2024,bl_energy_mwh,building energy (MWh),200,168.12493567620265,6.640589269813449,0.039497943854103705,155.4386845611965,169.04468723741272,176.49120466487466,21.052520103678148,0.12521949833916302
b3,JUL2024,bl_load_factor,load factor,200,0.5649359397721864,0.022313808030287124,0.0394979438541037,0.5223074077997195,0.5680265028138869,0.5930484027717561,0.07074099497203656,0.12521949833916263
b3,JUL2024,pv_energy_mwh,PV energy (MWh),200,75.96912056006742,6.718454537035893,0.08843665014818397,64.99013707160155,75.7170616257915,86.52027401480505,21.5301369432035,0.2834064259856741
b3,JUL2024,pv_capacity_factor,PV capacity factor,200,0.25527258252710827,0.022575452073373296,0.08843665014818397,0.21838083693414498,0.25442561030171873,0.2907267272002858,0.07234589026614083,0.2834064259856742
b3,JUL2024,net_peak_kw,net peak (kW),200,273.7765892041447,22.223823887003036,0.08117503381719604,240.34942416000786,271.73835042918483,311.73008514517926,71.3806609851714,0.2607259488207941
b3,JUL2024,net_min_kw,"net min (kW, <0 export)",200,-140.25934664390115,26.7425208406844,0.1906648040260726,-177.6352563178793,-143.27362651390487,-90.75101357599394,86.88424274188537,0.6194542097966013
b3,JUL2024,wx_mean_temp_c,mean dry-bulb (degC),200,20.14917465591398,5.001030798679981,0.2482002803629542,11.758778655913979,20.57057365591398,28.047583655913975,16.288804999999996,0.8084105318536743
b3,JUL2024,wx_mean_ghi,mean GHI (W/m2),200,327.31390052083333,32.612241022019546,0.09963597931565328,277.40616312500003,326.22267708333334,377.9621985416665,100.55603541666648,0.30721590270580684
b3,JUL2024,n_sessions,EV sessions,200,342.04,32.15693927783851,0.09401514231621597,290.0,342.0,396.0,106.0,0.3099052742369313
b3,JUL2024,ev_energy_mwh,EV energy (MWh),200,4.41258505851032,0.4791910180056777,0.10859643761007785,3.6538553183699936,4.379326364695605,5.276746408829679,1.6228910904596852,0.3677869251108714
b3,JUL2024,arr_hour_mean,mean arrival hour,200,8.602790625205218,0.1719676116489909,0.01998974741348987,8.338379434324066,8.597315611577157,8.896862954583543,0.5584835202594771,0.06491887860471492
b3,JUL2024,dwell_h_mean,mean dwell (h),200,7.005473394444299,0.17812130893497316,0.025426020328081257,6.712957772139006,6.995574605108567,7.281359274141837,0.568401502002831,0.0811367726346092
b3,JUL2024,req_soc_mean,mean required SoC (%),200,56.92673327261089,3.9270870224203964,0.06898493548917257,50.577844997569585,57.101583971020226,63.2397009440503,12.661855946480713,0.22242372289036128
b3,JUL2024,peak_concurrency,peak concurrent EVs,200,15.705,1.55242556202484,0.09884912843201782,13.0,16.0,18.0,5.0,0.3183699458771092
b3,JUN2024,bl_peak_kw,building peak (kW),200,400.0,2.5484941924231654e-14,6.371235481057914e-17,400.0,400.0,400.00000000000006,5.684341886080802e-14,1.4210854715202004e-16
b3,JUN2024,bl_mean_kw,building mean (kW),200,204.42643199315577,7.6595413151058915,0.0374684488714372,192.58892232984718,204.8709433496399,214.52714116693244,21.93821883708526,0.10731596018767159
b3,JUN2024,bl_energy_mwh,building energy (MWh),200,147.18703103507218,5.514869746876242,0.037468448871437195,138.66402407748996,147.50707921174072,154.45954164019136,15.795517562701406,0.1073159601876717
b3,JUN2024,bl_load_factor,load factor,200,0.5110660799828896,0.01914885328776473,0.037468448871437195,0.4814723058246179,0.5121773583740996,0.536317852917331,0.05484554709271311,0.10731596018767149
b3,JUN2024,pv_energy_mwh,PV energy (MWh),200,74.74343468109547,6.5317280237440425,0.08738865228247378,63.992582584281216,74.55399138121767,84.85992217687583,20.86733959259461,0.2791862547075656
b3,JUN2024,pv_capacity_factor,PV capacity factor,200,0.25952581486491483,0.0226796111935557,0.08738865228247376,0.222196467306532,0.25886802562922806,0.2946525075585966,0.07245604025206462,0.2791862547075656
b3,JUN2024,net_peak_kw,net peak (kW),200,271.42877642619845,18.721802070182708,0.0689750081648884,245.30291618172862,267.53010001647885,302.45400036663017,57.15108418490155,0.2105564669206728
b3,JUN2024,net_min_kw,"net min (kW, <0 export)",200,-165.43212550648332,24.96338185213768,0.15089803008762864,-196.25315259268388,-168.3628471183502,-118.95036529438107,77.3027872983028,0.4672779670915447
b3,JUN2024,wx_mean_temp_c,mean dry-bulb (degC),200,18.021773222222222,5.001030798679981,0.27749937461832713,9.631377222222223,18.443172222222223,25.920182222222213,16.28880499999999,0.9038403046773804
b3,JUN2024,wx_mean_ghi,mean GHI (W/m2),200,333.31764472222227,33.21042995508561,0.09963597931565328,282.4944763333333,332.20640555555553,384.8949574444444,102.4004811111111,0.3072159027058074
b3,JUN2024,n_sessions,EV sessions,200,297.075,28.713265804603786,0.09665325525407317,243.9,296.5,347.04999999999995,103.14999999999995,0.3472187158125051
b3,JUN2024,ev_energy_mwh,EV energy (MWh),200,3.865612762310755,0.41507148125810106,0.1073753391195819,3.1804617633236014,3.883074127491832,4.509590900459863,1.329129137136262,0.34383400999062974
b3,JUN2024,arr_hour_mean,mean arrival hour,200,8.621129953325772,0.18967302319258914,0.02200094700108528,8.310567560854446,8.62283039965373,8.925550965906256,0.6149834050518095,0.07133443160946291
b3,JUN2024,dwell_h_mean,mean dwell (h),200,6.99783893693806,0.18475488984541685,0.026401706514019498,6.670560447271908,7.000004944473562,7.260791204031814,0.5902307567599063,0.08434471871657064
b3,JUN2024,req_soc_mean,mean required SoC (%),200,56.803893963547296,3.5517691302376804,0.06252686008668619,51.16645021491001,56.963851548011135,62.47371935191026,11.307269137000254,0.19905799317660258
b3,JUN2024,peak_concurrency,peak concurrent EVs,200,15.605,1.5752402704183697,0.10094458637733865,13.0,16.0,18.0,5.0,0.32041012495994875
b3,MAR2024,bl_peak_kw,building peak (kW),200,400.0,2.988374330990025e-14,7.470935827475061e-17,400.0,400.0,400.00000000000006,5.684341886080802e-14,1.4210854715202004e-16
b3,MAR2024,bl_mean_kw,building mean (kW),200,228.42105436915227,16.923221056721065,0.07408783355570793,201.2107000483748,223.93748370657877,261.5449403602961,60.33424031192129,0.26413607308901943
b3,MAR2024,bl_energy_mwh,building energy (MWh),200,169.94526445064926,12.590876466200472,0.07408783355570794,149.70076083599085,166.60948787769462,194.58943562806027,44.88867479206942,0.2641360730890194
b3,MAR2024,bl_load_factor,load factor,200,0.5710526359228807,0.04230805264180265,0.0740878335557079,0.503026750120937,0.559843709266447,0.6538623509007402,0.15083560077980318,0.2641360730890194
b3,MAR2024,pv_energy_mwh,PV energy (MWh),200,55.49207874803938,5.1011334041454885,0.09192543366967883,47.30297762757738,55.23086323569728,63.65031945590904,16.347341828331665,0.29458874486494596
b3,MAR2024,pv_capacity_factor,PV capacity factor,200,0.18646531837378824,0.017140905255865216,0.09192543366967883,0.15894817751202076,0.18558757807693976,0.2138787616125976,0.05493058410057686,0.29458874486494613
b3,MAR2024,net_peak_kw,net peak (kW),200,328.6087174527081,21.60335199832688,0.06574187126193917,294.8869619178754,324.7853631204955,367.9972577678194,73.11029584994401,0.22248434678384854
b3,MAR2024,net_min_kw,"net min (kW, <0 export)",200,-131.27277743789745,27.490184707714967,0.209412684368014,-171.9865874960339,-130.20709110755516,-89.25479899846886,82.73178849756505,0.6302280648910915
b3,MAR2024,wx_mean_temp_c,mean dry-bulb (degC),200,12.015169279569893,5.001030798679981,0.41622641198934507,3.624773279569894,12.436568279569894,19.913578279569887,16.288804999999993,1.3556866841399244
b3,MAR2024,wx_mean_ghi,mean GHI (W/m2),200,211.81881239919355,21.104774810872293,0.0996359793156533,179.52138278225806,211.11263508064516,244.59549044354833,65.07410766129027,0.3072159027058072
b3,MAR2024,n_sessions,EV sessions,200,311.225,29.505716591158887,0.09480509789110414,257.0,312.5,359.0,102.0,0.32773716764398747
b3,MAR2024,ev_energy_mwh,EV energy (MWh),200,4.026680001739347,0.44046763327265254,0.10938729501286172,3.27744549853014,4.013310942075156,4.818221670332777,1.5407761718026372,0.3826418218326488
b3,MAR2024,arr_hour_mean,mean arrival hour,200,8.604500800175002,0.17926718843139028,0.020834118398564652,8.314661670964044,8.604519200905694,8.90315517998244,0.5884935090183951,0.06839368403643198
b3,MAR2024,dwell_h_mean,mean dwell (h),200,7.009338974149075,0.16844494413967756,0.024031502080426433,6.716755054641611,7.018566010297528,7.269410991406952,0.5526559367653405,0.07884565703036674
b3,MAR2024,req_soc_mean,mean required SoC (%),200,57.11040341869105,3.796445244498361,0.06647554591176051,51.37720532936421,56.74673980508714,63.734308482521364,12.357103153157155,0.2163721916401825
b3,MAR2024,peak_concurrency,peak concurrent EVs,200,15.72,1.5176019168047485,0.09653956213770665,13.0,16.0,18.0,5.0,0.31806615776081426
b3,MAY2024,bl_peak_kw,building peak (kW),200,400.0,2.1699646127046834e-14,5.424911531761708e-17,400.0,400.0,400.00000000000006,5.684341886080802e-14,1.4210854715202004e-16
b3,MAY2024,bl_mean_kw,building mean (kW),200,184.1724049083194,8.13555232128864,0.04417356837653556,171.9287513025351,184.16556919275632,194.64938564282016,22.720634340285073,0.12336611639292733
b3,MAY2024,bl_energy_mwh,building energy (MWh),200,137.02426925178963,6.05285092703875,0.04417356837653557,127.91499096908609,137.01918347941069,144.8191429182582,16.904151949172103,0.1233661163929274
b3,MAY2024,bl_load_factor,load factor,200,0.46043101227079847,0.020338880803221604,0.04417356837653557,0.42982187825633766,0.4604139229818908,0.4866234641070504,0.05680158585071271,0.12336611639292741
b3,MAY2024,pv_energy_mwh,PV energy (MWh),200,74.8384153657321,6.5246862863319475,0.0871836509958968,64.07462036832017,74.67629538803024,84.91068498341225,20.836064615092084,0.27841402725147424
b3,MAY2024,pv_capacity_factor,PV capacity factor,200,0.2514731699117342,0.02192434908041649,0.0871836509958968,0.21530450392580702,0.25092841192214466,0.28531816190662723,0.07001365798082021,0.2784140272514744
b3,MAY2024,net_peak_kw,net peak (kW),200,235.78882815636373,17.40571846315719,0.07381909736458998,213.95274471627584,233.80419897548433,266.52627475278524,52.573530036509396,0.2229687065650336
b3,MAY2024,net_min_kw,"net min (kW, <0 export)",200,-195.95814989348466,23.897628895235464,0.12195271749720692,-227.23946575799587,-198.36343248116083,-152.2046359926154,75.03482976538047,0.38291252395558195
b3,MAY2024,wx_mean_temp_c,mean dry-bulb (degC),200,15.593126268817203,5.001030798679981,0.320720214308848,7.202730268817206,16.014525268817206,23.491535268817195,16.28880499999999,1.0446144486480553
b3,MAY2024,wx_mean_ghi,mean GHI (W/m2),200,315.7125881216398,31.456332899779074,0.09963597931565331,267.57378034274194,314.6600420026882,364.56570809811825,96.99192775537631,0.30721590270580734
b3,MAY2024,n_sessions,EV sessions,200,342.395,33.17320125352745,0.09688576425919611,284.85,342.0,393.15,108.29999999999995,0.3163013478584674
b3,MAY2024,ev_energy_mwh,EV energy (MWh),200,4.434712543769194,0.4822968831399256,0.10875493696148501,3.621367856336992,4.401160849630955,5.230238884823092,1.6088710284860999,0.36279037538669245
b3,MAY2024,arr_hour_mean,mean arrival hour,200,8.625361999475434,0.17818325381440356,0.020658060939962877,8.369565483340008,8.628946722043587,8.897885113113496,0.5283196297734882,0.06125187902903309
b3,MAY2024,dwell_h_mean,mean dwell (h),200,7.018173271997175,0.1939415915435281,0.027634198248903844,6.733710502930772,7.004031280087608,7.330116782654245,0.5964062797234728,0.08498027287287997
b3,MAY2024,req_soc_mean,mean required SoC (%),200,56.91001410484241,3.8275941136286193,0.06725695246845728,51.04479964753312,56.87324512149248,62.964452294416205,11.919652646883087,0.20944736764471925
b3,MAY2024,peak_concurrency,peak concurrent EVs,200,15.74,1.611017344544158,0.10235180079696048,13.0,16.0,18.0,5.0,0.3176620076238882
b3,NOV2024,bl_peak_kw,building peak (kW),200,400.0,2.2070607120355687e-14,5.5176517800889214e-17,400.0,400.0,400.00000000000006,5.684341886080802e-14,1.4210854715202004e-16
b3,NOV2024,bl_mean_kw,building mean (kW),200,221.1366911831909,16.185062505380785,0.07319030785340361,193.29681166399345,219.82967217772415,251.62492737199582,58.32811570800237,0.26376498353085615
b3,NOV2024,bl_energy_mwh,building energy (MWh),200,159.21841765189743,11.653245003874167,0.07319030785340362,139.1737043980753,158.27736396796138,181.169947707837,41.996243309761695,0.2637649835308561
b3,NOV2024,bl_load_factor,load factor,200,0.5528417279579771,0.040462656263451954,0.07319030785340361,0.48324202915998365,0.5495741804443104,0.6290623184299896,0.14582028927000595,0.26376498353085626
b3,NOV2024,pv_energy_mwh,PV energy (MWh),200,34.451749271714085,3.2625674049493347,0.09469961537273812,29.279843521842217,34.23984117189276,39.6665647641069,10.386721242264684,0.30148603370896154
b3,NOV2024,pv_capacity_factor,PV capacity factor,200,0.11962412941567394,0.011328359044962969,0.0946996153727381,0.10166612333972991,0.11888833740240543,0.137731127653149,0.03606500431341908,0.3014860337089618
b3,NOV2024,net_peak_kw,net peak (kW),200,388.36033234061733,12.267096336796083,0.03158689318979426,359.0695505534465,390.9233190238198,400.0,40.930449446553496,0.10539297152175373
b3,NOV2024,net_min_kw,"net min (kW, <0 export)",200,-80.51751993312088,25.49559382102301,0.3166465365823494,-120.53167696732042,-78.57037507374298,-37.54367280923749,82.98800415808293,1.030682567309749
b3,NOV2024,wx_mean_temp_c,mean dry-bulb (degC),200,12.849273222222223,5.001030798679981,0.38920728917421804,4.458877222222224,13.270672222222222,20.747682222222217,16.288804999999993,1.267682982398511
b3,NOV2024,wx_mean_ghi,mean GHI (W/m2),200,124.37677947916667,12.39240222753382,0.09963597931565328,105.41222087500002,123.96212291666667,143.62274545833333,38.21052458333331,0.30721590270580723
b3,NOV2024,n_sessions,EV sessions,200,311.77,29.765365526474273,0.09547219272692778,260.85,311.0,358.04999999999995,97.19999999999993,0.3117682907271384
b3,NOV2024,ev_energy_mwh,EV energy (MWh),200,4.008870542123122,0.43735921559526353,0.10909786459795118,3.307657314045829,4.009176035917544,4.694553590189373,1.3868962761435437,0.3459568628048126
b3,NOV2024,arr_hour_mean,mean arrival hour,200,8.60354393085595,0.18663209687180238,0.021692467472905052,8.3101491267648,8.574922014260249,8.943349377709033,0.6332002509442329,0.07359760768737506
b3,NOV2024,dwell_h_mean,mean dwell (h),200,7.018894670032544,0.18742381413695702,0.026702753488689696,6.704083528951487,7.01785192271918,7.322049006010171,0.617965477058684,0.08804313301595944
b3,NOV2024,req_soc_mean,mean required SoC (%),200,57.1134777076677,3.6047122824593942,0.06311491485267143,50.73116403480585,57.18165701139156,62.78713181777111,12.055967782965261,0.2110879649926606
b3,NOV2024,peak_concurrency,peak concurrent EVs,200,15.56,1.4857446570422685,0.09548487513125119,13.0,15.5,18.0,5.0,0.3213367609254499
b3,OCT2024,bl_peak_kw,building peak (kW),200,400.0,2.4839648782488596e-14,6.209912195622149e-17,400.0,400.0,400.00000000000006,5.684341886080802e-14,1.4210854715202004e-16
b3,OCT2024,bl_mean_kw,building mean (kW),200,206.0961363257419,10.205254017429777,0.04951695941208732,187.0353586479789,206.50069591237047,221.99362927589175,34.95827062791284,0.16962118383752772
b3,OCT2024,bl_energy_mwh,building energy (MWh),200,153.33552542635195,7.592708988967754,0.04951695941208733,139.1543068340963,153.63651775880365,165.16326018126344,26.008953347167136,0.16962118383752764
b3,OCT2024,bl_load_factor,load factor,200,0.5152403408143548,0.025513135043574435,0.04951695941208731,0.4675883966199473,0.5162517397809262,0.5549840731897293,0.08739567656978203,0.16962118383752758
b3,OCT2024,pv_energy_mwh,PV energy (MWh),200,47.88269122813172,4.475574083501384,0.09346956005831028,40.75517755498665,47.63035538284227,55.06081529484185,14.3056377398552,0.2987642793864194
b3,OCT2024,pv_capacity_factor,PV capacity factor,200,0.16089613987947485,0.015038891409614868,0.0934695600583103,0.13694616113906802,0.16004823717352912,0.1850161804262159,0.04807001928714788,0.29876427938641964
b3,OCT2024,net_peak_kw,net peak (kW),200,317.9311722618193,14.6766597472875,0.04616300956862806,293.62746022941946,317.5110974407586,342.2359721633072,48.60851193388777,0.1528900472013427
b3,OCT2024,net_min_kw,"net min (kW, <0 export)",200,-118.5808571821209,25.33613216222454,0.21366123305477852,-159.49796215771045,-116.37840470947503,-79.77819192865165,79.7197702290588,0.6722819527828358
b3,OCT2024,wx_mean_temp_c,mean dry-bulb (degC),200,16.68519616129032,5.001030798679981,0.29972861873103895,8.294800161290324,17.106595161290322,24.58360516129032,16.288804999999996,0.9762429426985131
b3,OCT2024,wx_mean_ghi,mean GHI (W/m2),200,178.56494616935484,17.791493283030583,0.0996359793156533,151.33795572580647,177.96963306451613,206.1959468548387,54.85799112903223,0.3072159027058073
b3,OCT2024,n_sessions,EV sessions,200,342.055,32.51813525716097,0.09506697828466466,283.85,345.0,396.09999999999997,112.24999999999994,0.32816359942114554
b3,OCT2024,ev_energy_mwh,EV energy (MWh),200,4.416673154421131,0.46294926984118356,0.10481854863490793,3.618326161695864,4.408996318100963,5.176369415077525,1.5580432533816606,0.3527639920155841
b3,OCT2024,arr_hour_mean,mean arrival hour,200,8.609502885983519,0.18272373395714755,0.021223494129333095,8.322849280093756,8.60472777991535,8.952625668960245,0.6297763888664889,0.07314898400136206
b3,OCT2024,dwell_h_mean,mean dwell (h),200,7.015316514228566,0.17453547235700714,0.024879201387850682,6.711811321238212,7.027256944444444,7.299605645496056,0.5877943242578443,0.08378728501638827
b3,OCT2024,req_soc_mean,mean required SoC (%),200,56.575370692536396,4.069763091722951,0.0719352439392827,50.433282720785044,56.79056401329635,63.20621316893068,12.772930448145637,0.22576839164804063
b3,OCT2024,peak_concurrency,peak concurrent EVs,200,15.725,1.4104331278157787,0.08969368062421486,13.0,16.0,18.0,5.0,0.3179650238473768
b3,SEP2024,bl_peak_kw,building peak (kW),200,400.0,1.7564284096389855e-14,4.391071024097464e-17,400.0,400.0,400.00000000000006,5.684341886080802e-14,1.4210854715202004e-16
b3,SEP2024,bl_mean_kw,building mean (kW),200,184.5657432781174,7.817016266984155,0.04235355991932313,169.59172959580692,184.89709829820143,194.14385762102552,24.552128025218593,0.133026463032317
b3,SEP2024,bl_energy_mwh,building energy (MWh),200,132.88733516024453,5.628251712228592,0.04235355991932313,122.106045308981,133.12591077470503,139.7835774871384,17.677532178157392,0.13302646303231702
b3,SEP2024,bl_load_factor,load factor,200,0.4614143581952935,0.019542540667460386,0.042353559919323124,0.4239793239895173,0.4622427457455036,0.4853596440525638,0.0613803200630465,0.13302646303231705
b3,SEP2024,pv_energy_mwh,PV energy (MWh),200,58.94917703862213,5.41651723136838,0.09188452669694784,50.27936930275675,58.66096974333545,67.68171339609958,17.402344093342833,0.2952092797146468
b3,SEP2024,pv_capacity_factor,PV capacity factor,200,0.20468464249521573,0.018807351497806876,0.09188452669694784,0.17458114341234982,0.20368392271991476,0.23500594929201243,0.06042480587966262,0.2952092797146468
b3,SEP2024,net_peak_kw,net peak (kW),200,308.7730178260788,14.473233963661052,0.04687337664916475,282.1282336084219,309.44911138782044,331.59490571490284,49.46667210648093,0.1602039985707035
b3,SEP2024,net_min_kw,"net min (kW, <0 export)",200,-171.89855422707987,26.41658189063014,0.1536754163489563,-216.19260223314697,-170.67456313853526,-127.5843723778624,88.60822985528458,0.515468150699116
b3,SEP2024,wx_mean_temp_c,mean dry-bulb (degC),200,19.316912111111108,5.001030798679981,0.2588939044664071,10.926516111111113,19.73831111111111,27.215321111111106,16.288804999999993,0.8432406228441995
b3,SEP2024,wx_mean_ghi,mean GHI (W/m2),200,242.49815248263891,24.161540904844347,0.09963597931565328,205.52283889583333,241.68969409722223,280.02212771527775,74.49928881944442,0.3072159027058073
b3,SEP2024,n_sessions,EV sessions,200,312.675,29.232036102080997,0.09349016103647875,260.95,312.0,360.0,99.05000000000001,0.3167826017430239
b3,SEP2024,ev_energy_mwh,EV energy (MWh),200,4.042259641901312,0.4192108262600956,0.10370705085705878,3.362348319392268,4.039783345009795,4.693486560497941,1.3311382411056734,0.3293054773887708
b3,SEP2024,arr_hour_mean,mean arrival hour,200,8.628728916363006,0.19179014180010143,0.02222692863098319,8.356797769443348,8.606332255830063,8.987964133182254,0.631166363738906,0.07314708456560733
b3,SEP2024,dwell_h_mean,mean dwell (h),200,7.002023372475028,0.1916334976866965,0.027368303059371133,6.699175168070517,7.019822291469087,7.3019153439153435,0.6027401758448265,0.08608085745817412
b3,SEP2024,req_soc_mean,mean required SoC (%),200,56.875306733809246,3.81020130032052,0.06699218903826262,50.750666688113036,56.831968326300505,62.83218962194163,12.081522933828595,0.21242123564050674
b3,SEP2024,peak_concurrency,peak concurrent EVs,200,15.525,1.4386534044343176,0.0926668859539013,13.0,15.0,18.0,5.0,0.322061191626409
b4,APR2024,bl_peak_kw,building peak (kW),200,350.0,2.4177138755305894e-14,6.907753930087399e-17,349.99999999999994,350.0,350.00000000000006,1.1368683772161603e-13,3.2481953634747437e-16
b4,APR2024,bl_mean_kw,building mean (kW),200,215.1783696761392,10.745112730776917,0.04993584042368747,202.81861127757006,212.20665642866703,234.36885275985134,31.55024148228128,0.14662366635534482
b4,APR2024,bl_energy_mwh,building energy (MWh),200,154.92842616682023,7.736481166159378,0.04993584042368745,146.02940011985044,152.78879262864024,168.74557398709297,22.71617386724253,0.14662366635534488
b4,APR2024,bl_load_factor,load factor,200,0.6147953419318264,0.030700322087934048,0.049935840423687455,0.579481746507343,0.6063047326533344,0.6696252935995753,0.09014354709223238,0.14662366635534504
b4,APR2024,pv_energy_mwh,PV energy (MWh),200,53.918268243414325,4.786552929949556,0.0887742334071383,45.734888125549396,54.249230485519156,61.56137706361472,15.826488938065324,0.29352739718227877
b4,APR2024,pv_capacity_factor,PV capacity factor,200,0.21396138191831077,0.018994257658529985,0.08877423340713832,0.18148765129186267,0.21527472414888554,0.24429117882386792,0.06280352753200524,0.29352739718227877
b4,APR2024,net_peak_kw,net peak (kW),200,255.52601434798456,16.95742830552309,0.06636282551814804,237.27593976250344,251.4178796776149,289.7727995952355,52.49685983273204,0.2054462437677282
b4,APR2024,net_min_kw,"net min (kW, <0 export)",200,-73.18442950322067,24.369359958790476,0.3329855834664673,-111.81007429000935,-75.86567277948366,-30.9007155954808,80.90935869452855,1.1055542721825538
b4,APR2024,wx_mean_temp_c,mean dry-bulb (degC),200,14.2755215,4.8735436628810245,0.3413916376281612,7.01378,14.608799999999999,22.400289999999995,15.386509999999994,1.0778247225504156
b4,APR2024,wx_mean_ghi,mean GHI (W/m2),200,258.34825305833334,25.17498139141465,0.09744591300073667,215.16356970833337,259.60361875,300.70655420833333,85.54298449999996,0.3311150104068438
b4,APR2024,n_sessions,EV sessions,200,353.7,28.949618339626696,0.08184794554601836,307.0,354.0,400.0,93.0,0.26293469041560646
b4,APR2024,ev_energy_mwh,EV energy (MWh),200,4.554389809639629,0.4407742367297527,0.09678008584088006,3.812415574379227,4.596135084122448,5.184110539103223,1.371694964723996,0.30118084355026536
b4,APR2024,arr_hour_mean,mean arrival hour,200,8.558214758560531,0.16349363228364935,0.01910370759510463,8.256128327778548,8.567819005604829,8.821572177822178,0.5654438500436303,0.06607030391216034
b4,APR2024,dwell_h_mean,mean dwell (h),200,7.040022720416125,0.17553937264941283,0.02493448950673798,6.787947563559322,7.019819407810772,7.32747260541154,0.539525041852218,0.07663683247606443
b4,APR2024,req_soc_mean,mean required SoC (%),200,57.14878354365855,3.7124076782833932,0.06496039719633431,51.4014837432554,57.253714905933975,63.15580250283498,11.754318759579583,0.2056792468837053
b4,APR2024,peak_concurrency,peak concurrent EVs,200,16.59,1.3970176417845577,0.0842084172263145,14.0,17.0,19.0,5.0,0.3013863773357444
b4,AUG2024,bl_peak_kw,building peak (kW),200,350.0,1.661414946889008e-14,4.746899848254308e-17,350.0,350.0,350.0,0.0,0.0
b4,AUG2024,bl_mean_kw,building mean (kW),200,214.39599031433443,8.957330104494863,0.04177937325862376,196.249643275181,216.42379588730378,225.48836064234948,29.238717367168476,0.13637716509669998
b4,AUG2024,bl_energy_mwh,building energy (MWh),200,159.5106167938648,6.664253597744179,0.04177937325862377,146.00973459673463,161.01930414015402,167.76334031790802,21.753605721173386,0.13637716509670023
b4,AUG2024,bl_load_factor,load factor,200,0.6125599723266697,0.025592371727128187,0.04177937325862378,0.5607132665005171,0.6183537025351536,0.6442524589781414,0.08353919247762431,0.13637716509670017
b4,AUG2024,pv_energy_mwh,PV energy (MWh),200,62.196485949044984,5.558763603823669,0.08937423905874256,52.775650471457745,62.49827366835386,71.2150239180404,18.439373446582657,0.2964696986528994
b4,AUG2024,pv_capacity_factor,PV capacity factor,200,0.23884979243104834,0.021347018447863554,0.08937423905874256,0.20267146878439993,0.24000873144529133,0.2734831947697405,0.07081172598534055,0.29646969865289974
b4,AUG2024,net_peak_kw,net peak (kW),200,239.59760103020008,18.615867876364945,0.07769638675980944,212.36208859929266,238.71014449884171,270.4303624593364,58.06827386004372,0.24235749277274485
b4,AUG2024,net_min_kw,"net min (kW, <0 export)",200,-98.4231082163538,24.15129101975541,0.2453823239016798,-130.8575309310308,-102.66468268208776,-54.72199638364312,76.13553454738766,0.7735534462092626
b4,AUG2024,wx_mean_temp_c,mean dry-bulb (degC),200,20.604916661290325,4.8735436628810245,0.2365233377544674,13.343175161290324,20.938195161290324,28.729685161290316,15.386509999999992,0.7467397346433361
b4,AUG2024,wx_mean_ghi,mean GHI (W/m2),200,299.5057677432796,29.18561298673046,0.09744591300073666,249.4413233803764,300.9611260080645,348.61217878360213,99.17085540322574,0.3311150104068437
b4,AUG2024,n_sessions,EV sessions,200,352.29,30.174798963080292,0.08565329405626129,297.95,352.5,395.09999999999997,97.14999999999998,0.2757671236765164
b4,AUG2024,ev_energy_mwh,EV energy (MWh),200,4.540820251705285,0.45862740374669186,0.1010010038548556,3.7981219231141354,4.556767711297872,5.291774168390056,1.4936522452759204,0.3289388618091601
b4,AUG2024,arr_hour_mean,mean arrival hour,200,8.564743264698999,0.18254149300301317,0.021313130745598416,8.293277358343712,8.564809327760797,8.860761624942981,0.5674842665992692,0.0662581759967341
b4,AUG2024,dwell_h_mean,mean dwell (h),200,7.025637284079434,0.1555264875124404,0.02213699358844981,6.782573088455772,7.022060037173388,7.310784656569554,0.5282115681137824,0.07518343842070317
b4,AUG2024,req_soc_mean,mean required SoC (%),200,56.89689549764909,3.6889612590220024,0.06483589705126223,50.977650695173914,56.604524787504204,63.41299565730703,12.435344962133115,0.2185592878726912
b4,AUG2024,peak_concurrency,peak concurrent EVs,200,16.555,1.4095777905950042,0.08514513987284834,14.0,17.0,19.0,5.0,0.30202355783751134
b4,DEC2024,bl_peak_kw,building peak (kW),200,350.0,3.015418993828294e-14,8.615482839509413e-17,349.99999999999994,350.0,350.00000000000006,1.1368683772161603e-13,3.2481953634747437e-16
b4,DEC2024,bl_mean_kw,building mean (kW),200,232.36061999242457,7.5982658702157835,0.03270031673380585,217.82404698651894,233.76963294788735,244.0212286816915,26.19718169517256,0.11274363829820493
b4,DEC2024,bl_energy_mwh,building energy (MWh),200,172.87630127436387,5.653109807440543,0.03270031673380585,162.0610909579701,173.92460691322816,181.55179413917847,19.490703181208374,0.11274363829820487
b4,DEC2024,bl_load_factor,load factor,200,0.6638874856926416,0.02170933105775938,0.03270031673380585,0.6223544199614827,0.6679132369939638,0.6972035105191187,0.074849090557636,0.1127436382982051
b4,DEC2024,pv_energy_mwh,PV energy (MWh),200,25.703203563816814,2.4230535656709806,0.09427048887719146,21.633316269260447,25.902690931699254,29.781402295565066,8.148086026304618,0.31700663328111084
b4,DEC2024,pv_capacity_factor,PV capacity factor,200,0.09870661890866674,0.009305121219934641,0.09427048887719143,0.08307725141805088,0.0994726994304887,0.11436790436084895,0.03129065294279808,0.31700663328111084
b4,DEC2024,net_peak_kw,net peak (kW),200,349.5616473885095,1.6787800979635994,0.004802529426512775,345.538666449049,350.0,350.00000000000006,4.461333550951053,0.012762651693286711
b4,DEC2024,net_min_kw,"net min (kW, <0 export)",200,-0.3292030109392941,17.912325048646206,54.41118232041105,-28.743393900593716,-1.8334480872173344,30.378507777869988,59.1219016784637,179.59101136339828
b4,DEC2024,wx_mean_temp_c,mean dry-bulb (degC),200,10.416610209677419,4.8735436628810245,0.4678627273921914,3.154868709677419,10.749888709677418,18.541378709677414,15.386509999999994,1.4771129657616786
b4,DEC2024,wx_mean_ghi,mean GHI (W/m2),200,98.67685022849463,9.61565576255261,0.09744591300073667,82.18233756720431,99.15634072580646,114.85572385752688,32.67338629032257,0.3311150104068438
b4,DEC2024,n_sessions,EV sessions,200,352.88,30.21556722142682,0.08562561556740768,303.85,353.5,398.04999999999995,94.19999999999993,0.2669462706869189
b4,DEC2024,ev_energy_mwh,EV energy (MWh),200,4.563534504694639,0.471737959054329,0.10337118270258254,3.832285300590896,4.518256575398624,5.328534665357197,1.4962493647663013,0.3278707245945148
b4,DEC2024,arr_hour_mean,mean arrival hour,200,8.548874507626563,0.17976328676474065,0.021027713835823823,8.272944688109163,8.531425753378663,8.871884106254443,0.5989394181452798,0.07006061647190612
b4,DEC2024,dwell_h_mean,mean dwell (h),200,7.0424874835522076,0.16046452736420655,0.022785205900468106,6.807521759585979,7.051432095036747,7.297769886363636,0.49024812677765706,0.06961292127570491
b4,DEC2024,req_soc_mean,mean required SoC (%),200,57.059256420062226,3.698095894141952,0.06481149818912973,51.25979493671355,57.117874854569834,63.239096005929234,11.979301069215687,0.209944920785959
b4,DEC2024,peak_concurrency,peak concurrent EVs,200,16.585,1.4743280557869074,0.0888952701710526,14.0,16.0,19.0,5.0,0.3014772384684956
b4,FEB2024,bl_peak_kw,building peak (kW),200,350.0,2.3495955506198105e-14,6.71313014462803e-17,349.99999999999994,350.0,350.00000000000006,1.1368683772161603e-13,3.2481953634747437e-16
b4,FEB2024,bl_mean_kw,building mean (kW),200,174.41718768616803,10.533429542607884,0.06039215333273732,161.01788638808824,171.65798917297133,192.275322497826,31.257436109737768,0.17921075625860813
b4,FEB2024,bl_energy_mwh,building energy (MWh),200,121.39436262957297,7.3312669616550865,0.06039215333273731,112.06844892610943,119.47396046438806,133.8236244584869,21.75517553237748,0.17921075625860805
b4,FEB2024,bl_load_factor,load factor,200,0.4983348219604802,0.03009551297887967,0.060392153332737314,0.4600511039659664,0.490451397637061,0.549358064279503,0.08930696031353658,0.1792107562586083
b4,FEB2024,pv_energy_mwh,PV energy (MWh),200,35.18324707995848,3.2648959851677835,0.092796892161428,29.69785912185917,35.40402669761074,40.646193829711194,10.948334707852023,0.31118033770363823
b4,FEB2024,pv_capacity_factor,PV capacity factor,200,0.14443040673217766,0.013402692878357074,0.09279689216142799,0.1219123937678948,0.14533672700168612,0.16685629650948766,0.044943902741592864,0.3111803377036382
b4,FEB2024,net_peak_kw,net peak (kW),200,320.53714585158036,7.752403383904164,0.024185662985511797,306.6321906146575,322.4325073040367,332.3972584804748,25.765067865817343,0.08038091122751635
b4,FEB2024,net_min_kw,"net min (kW, <0 export)",200,-114.04311093101275,21.749001114590662,0.19070859201435783,-152.6626572214339,-115.26141116873153,-78.75007906817552,73.91257815325838,0.6481108551832628
b4,FEB2024,wx_mean_temp_c,mean dry-bulb (degC),200,11.304156557471265,4.8735436628810245,0.4311284648353485,4.042415057471264,11.637435057471263,19.428925057471258,15.386509999999994,1.361137376483925
b4,FEB2024,wx_mean_ghi,mean GHI (W/m2),200,154.7535121192529,15.080097278531163,0.09744591300073666,128.88540061063222,155.50549030172414,180.12661138649426,51.241210775862044,0.33111501040684377
b4,FEB2024,n_sessions,EV sessions,200,336.76,27.86764121944443,0.08275223072646523,289.95,337.0,384.0,94.05000000000001,0.27927901175911635
b4,FEB2024,ev_energy_mwh,EV energy (MWh),200,4.348326357790622,0.42384580840854724,0.0974733204303236,3.648413880040486,4.33835852248624,5.036652815469904,1.3882389354294182,0.3192582205662181
b4,FEB2024,arr_hour_mean,mean arrival hour,200,8.554008369840718,0.17849193196894672,0.02086646683656102,8.26385653409091,8.545920608701763,8.85971244305803,0.5958559089671187,0.06965809281505461
b4,FEB2024,dwell_h_mean,mean dwell (h),200,7.04701850433649,0.18808715124792605,0.026690316072277055,6.736882603570529,7.040430169073617,7.343138993710691,0.6062563901401621,0.08603019699282653
b4,FEB2024,req_soc_mean,mean required SoC (%),200,57.384320058913765,3.985969605031622,0.06946095381002015,51.34580694331891,57.603407301240495,64.12310056957726,12.777293626258349,0.22266175870238605
b4,FEB2024,peak_concurrency,peak concurrent EVs,200,16.535,1.5494447052000153,0.0937069673540983,14.0,17.0,19.0,5.0,0.3023888720895071
b4,JAN2024,bl_peak_kw,building peak (kW),200,350.0,2.7329555514381846e-14,7.808444432680527e-17,349.99999999999994,350.0,350.00000000000006,1.1368683772161603e-13,3.2481953634747437e-16
b4,JAN2024,bl_mean_kw,building mean (kW),200,182.20404998969704,12.932451408214158,0.07097784823633416,163.59895146135148,184.01229816330095,198.89238677306975,35.29343531171827,0.19370280360789993
b4,JAN2024,bl_energy_mwh,building energy (MWh),200,135.55981319233462,9.621743847711333,0.07097784823633414,121.7176198872455,136.9051498334959,147.9759357591639,26.258315871918384,0.19370280360789985
b4,JAN2024,bl_load_factor,load factor,200,0.520582999970563,0.03694986116632617,0.07097784823633416,0.4674255756038614,0.525749423323717,0.5682639622087707,0.10083838660490935,0.19370280360789993
b4,JAN2024,pv_energy_mwh,PV energy (MWh),200,29.299001435059594,2.7468706739440787,0.09375304752390418,24.683413539249322,29.520105396851353,33.91612611537392,9.232712576124598,0.31512038376422635
b4,JAN2024,pv_capacity_factor,PV capacity factor,200,0.11251536649408447,0.010548658502089397,0.09375304752390418,0.09479037457469018,0.11336446004935236,0.13024626004367865,0.035455885468988466,0.3151203837642263
b4,JAN2024,net_peak_kw,net peak (kW),200,343.4690648058414,8.438836674385536,0.02456942280713374,324.2757963882136,345.64231854375385,350.0,25.72420361178638,0.07489525621857077
b4,JAN2024,net_min_kw,"net min (kW, <0 export)",200,-88.15842620065048,19.49846794547499,0.22117531795651676,-118.22884725830058,-87.3936441500334,-55.7156853940049,62.513161864295675,0.7091002477972369
b4,JAN2024,wx_mean_temp_c,mean dry-bulb (degC),200,9.197793005376344,4.8735436628810245,0.529860115359447,1.936051505376344,9.531071505376344,17.322561505376342,15.386509999999998,1.6728480398511025
b4,JAN2024,wx_mean_ghi,mean GHI (W/m2),200,113.10215299059138,11.021342560517176,0.09744591300073667,94.19635198252689,113.65173891129032,131.646172547043,37.4498205645161,0.33111501040684377
b4,JAN2024,n_sessions,EV sessions,200,369.395,31.114942927263005,0.08423217132679925,313.85,369.0,417.0,103.14999999999998,0.27924037953951725
b4,JAN2024,ev_energy_mwh,EV energy (MWh),200,4.759430617768333,0.467252433514536,0.0981740193396553,3.9057567507394073,4.7498938129270964,5.510002543631353,1.604245792891946,0.3370667463672717
b4,JAN2024,arr_hour_mean,mean arrival hour,200,8.54703128766074,0.17611712515994948,0.02060564881916461,8.265916053921568,8.52587474543116,8.831942011362777,0.5660259574412088,0.06622486081902783
b4,JAN2024,dwell_h_mean,mean dwell (h),200,7.042648539387696,0.1725113610793519,0.024495239271779764,6.755191256830601,7.041744872733932,7.300597726506016,0.5454064696754148,0.07744337469420755
b4,JAN2024,req_soc_mean,mean required SoC (%),200,56.83213172876341,3.5946509028066855,0.06325032676871051,50.75757636219356,56.94478558353018,62.312409333938305,11.554832971744744,0.2033151426888446
b4,JAN2024,peak_concurrency,peak concurrent EVs,200,16.69,1.4678805696766244,0.08794970459416562,14.0,17.0,19.0,5.0,0.29958058717795083
b4,JUL2024,bl_peak_kw,building peak (kW),200,350.0,1.5606275959707605e-14,4.458935988487887e-17,350.0,350.0,350.0,0.0,0.0
b4,JUL2024,bl_mean_kw,building mean (kW),200,198.03149347418096,8.508962989020334,0.042967726192145894,179.49576922217253,199.5934341462209,207.95330461300932,28.457535390836796,0.1437020692597415
b4,JUL2024,bl_energy_mwh,building energy (MWh),200,147.33543114479065,6.33066846383113,0.0429677261921459,133.54485230129637,148.49751500478834,154.71725863207894,21.172406330782565,0.14370206925974138
b4,JUL2024,bl_load_factor,load factor,200,0.5658042670690885,0.024311322825772388,0.0429677261921459,0.5128450549204929,0.5702669547034882,0.5941522988943123,0.08130724397381939,0.1437020692597414
b4,JUL2024,pv_energy_mwh,PV energy (MWh),200,66.11740546026196,5.865104151055057,0.08870741539578585,56.13739957397076,66.45694614843873,75.51738278468248,19.37998321071172,0.2931146961348857
b4,JUL2024,pv_capacity_factor,PV capacity factor,200,0.25390708702097525,0.022523441440303594,0.08870741539578583,0.21558141157438845,0.2552110067144344,0.29000531023303566,0.07442389865864721,0.29311469613488594
b4,JUL2024,net_peak_kw,net peak (kW),200,240.54845791992787,21.659977566080162,0.09004413394863744,202.63974184719555,241.0264416234599,273.5948860181717,70.95514417097613,0.29497235103704217
b4,JUL2024,net_min_kw,"net min (kW, <0 export)",200,-121.46145253082973,26.0037652844369,0.2140906826207808,-158.67734988867747,-122.94358888177618,-77.42510077847984,81.25224911019762,0.6689550257895518
b4,JUL2024,wx_mean_temp_c,mean dry-bulb (degC),200,20.98139515591398,4.8735436628810245,0.23227929442562972,13.71965365591398,21.314673655913978,29.10616365591397,15.38650999999999,0.7333406518328229
b4,JUL2024,wx_mean_ghi,mean GHI (W/m2),200,326.27204779166664,31.793877583678945,0.09744591300073667,271.73343604166666,327.85746875,379.76700854166666,108.03357249999999,0.331115010406844
b4,JUL2024,n_sessions,EV sessions,200,370.08,30.428656157935887,0.08222183354392533,315.85,370.0,419.04999999999995,103.19999999999993,0.27885862516212695
b4,JUL2024,ev_energy_mwh,EV energy (MWh),200,4.7705342990624455,0.4530694512133576,0.09497247536872326,4.029145636554262,4.772936763191325,5.544227452206595,1.5150818156523327,0.31759164082524094
b4,JUL2024,arr_hour_mean,mean arrival hour,200,8.557729796411309,0.18290200681826574,0.021372725146681523,8.28093151907121,8.557801429556712,8.854859689922481,0.5739281708512713,0.06706546999087873
b4,JUL2024,dwell_h_mean,mean dwell (h),200,7.029207631799164,0.16831033582042595,0.023944425123966072,6.759787060091419,7.0178510854816825,7.296063790078757,0.5362767299873381,0.0762926289958055
b4,JUL2024,req_soc_mean,mean required SoC (%),200,56.77748318333726,3.7059234548992923,0.06527100616511453,50.65918831354096,57.119695610159326,62.48097892516503,11.821790611624074,0.20821265665212627
b4,JUL2024,peak_concurrency,peak concurrent EVs,200,16.59,1.5341669862529772,0.09247540604297633,14.0,17.0,19.0,5.0,0.3013863773357444
b4,JUN2024,bl_peak_kw,building peak (kW),200,350.0,2.4177138755305894e-14,6.907753930087399e-17,349.99999999999994,350.0,350.00000000000006,1.1368683772161603e-13,3.2481953634747437e-16
b4,JUN2024,bl_mean_kw,building mean (kW),200,179.69930766751145,5.412821912768677,0.030121551290468784,170.35550793059718,179.79245588052316,186.4928041647063,16.13729623410913,0.0898016605827283
b4,JUN2024,bl_energy_mwh,building energy (MWh),200,129.38350152060826,3.8972317771934475,0.03012155129046878,122.65596571002996,129.45056823397667,134.27481899858853,11.618853288558569,0.08980166058272826
b4,JUN2024,bl_load_factor,load factor,200,0.513426593335747,0.015465205465053367,0.03012155129046879,0.48673002265884907,0.513692731087209,0.5328365833277323,0.046106560668883245,0.08980166058272834
b4,JUN2024,pv_energy_mwh,PV energy (MWh),200,65.0599510921823,5.714136537532132,0.08782878624418072,55.274903893154296,65.44300465387936,74.08174689244078,18.80684299928648,0.28906943032649063
b4,JUN2024,pv_capacity_factor,PV capacity factor,200,0.2581744090959615,0.022675144990206873,0.08782878624418072,0.21934485671886622,0.25969446291221965,0.29397518608111417,0.07463032936224795,0.2890694303264907
b4,JUN2024,net_peak_kw,net peak (kW),200,240.67400731184665,18.095448345835116,0.07518655025504455,218.1672886168586,237.6689243246421,273.80508717368707,55.63779855682847,0.23117493732814007
b4,JUN2024,net_min_kw,"net min (kW, <0 export)",200,-143.23258583814402,23.6734229366719,0.16527958912522456,-173.63650632562752,-147.50009575108578,-101.30158059163067,72.33492573399685,0.5050172438814791
b4,JUN2024,wx_mean_temp_c,mean dry-bulb (degC),200,18.85399372222222,4.873543662881024,0.25848866477221916,11.592252222222221,19.187272222222223,26.978762222222215,15.386509999999994,0.8160875741602012
b4,JUN2024,wx_mean_ghi,mean GHI (W/m2),200,332.2566818444444,32.37705571292718,0.0974459130007367,276.7176974444444,333.8711833333333,386.7328721111111,110.01517466666667,0.331115010406844
b4,JUN2024,n_sessions,EV sessions,200,321.355,26.66126573237402,0.08296514985724204,277.7,321.0,362.0,84.30000000000001,0.26232671033592136
b4,JUN2024,ev_energy_mwh,EV energy (MWh),200,4.130286465854989,0.41658462790998324,0.10086095270966834,3.4416994701085724,4.157027215827048,4.785802618793509,1.3441031486849369,0.3254261320120567
b4,JUN2024,arr_hour_mean,mean arrival hour,200,8.550379149664057,0.17543212511060158,0.020517467359034515,8.272752300637917,8.553991652500926,8.840615380475729,0.5678630798378119,0.0664137893651328
b4,JUN2024,dwell_h_mean,mean dwell (h),200,7.045203936076984,0.16858915520761658,0.023929634505582945,6.773670795306388,7.041756348315893,7.320659019502392,0.5469882241960038,0.07763979994886933
b4,JUN2024,req_soc_mean,mean required SoC (%),200,57.40850104118716,4.028259521026117,0.07016834524448011,50.95301100539519,57.2962258539424,64.58501194462009,13.632000939224902,0.23745613788879036
b4,JUN2024,peak_concurrency,peak concurrent EVs,200,16.695,1.4113591581758465,0.0845378351707605,15.0,17.0,19.0,4.0,0.2395926924228811
b4,MAR2024,bl_peak_kw,building peak (kW),200,350.0,2.7625018755391202e-14,7.892862501540343e-17,349.99999999999994,350.0,350.00000000000006,1.1368683772161603e-13,3.2481953634747437e-16
b4,MAR2024,bl_mean_kw,building mean (kW),200,198.15567758979495,13.114405212396651,0.06618233386955977,171.5642638299364,195.78422950047664,220.67340848392286,49.10914465398645,0.24783112576591435
b4,MAR2024,bl_energy_mwh,building energy (MWh),200,147.42782412680745,9.757117478023108,0.06618233386955975,127.64381228947269,145.6634667483546,164.18101591203862,36.537203622565926,0.2478311257659144
b4,MAR2024,bl_load_factor,load factor,200,0.5661590788279856,0.03746972917827615,0.06618233386955978,0.49018361094267543,0.5593835128585047,0.6304954528112083,0.1403118418685329,0.2478311257659147
b4,MAR2024,pv_energy_mwh,PV energy (MWh),200,48.28233384933163,4.411575495803222,0.09137038631085749,40.84357396423527,48.548752414774114,55.59072676905306,14.747152804817794,0.3054357904660804
b4,MAR2024,pv_capacity_factor,PV capacity factor,200,0.18541602860726436,0.016941534162070743,0.09137038631085746,0.15684936238185587,0.18643914137778078,0.21348205364459702,0.05663269126274115,0.30543579046608027
b4,MAR2024,net_peak_kw,net peak (kW),200,286.9038668175046,16.94401137697788,0.059058149215380634,260.4671129982511,285.64193793790304,316.67045423297577,56.20334123472469,0.19589607438255555
b4,MAR2024,net_min_kw,"net min (kW, <0 export)",200,-114.49439028878255,24.076190202583987,0.21028270591998446,-150.9373948554887,-114.4290560036251,-71.94020474741784,78.99719010807085,0.6899655948978882
b4,MAR2024,wx_mean_temp_c,mean dry-bulb (degC),200,12.847389779569891,4.8735436628810245,0.3793411538451963,5.5856482795698925,13.180668279569893,20.972158279569886,15.386509999999994,1.1976370503265845
b4,MAR2024,wx_mean_ghi,mean GHI (W/m2),200,211.14458497580642,20.57517685812908,0.09744591300073666,175.85031866935483,212.17057862903226,245.76346012096772,69.91314145161289,0.33111501040684393
b4,MAR2024,n_sessions,EV sessions,200,336.66,27.997386812731445,0.08316220166557192,289.85,338.0,380.0,90.14999999999998,0.2677775797540545
b4,MAR2024,ev_energy_mwh,EV energy (MWh),200,4.345246341224575,0.4393872256430011,0.10111906003450502,3.658720984465612,4.288977041306195,5.092509375069536,1.4337883906039242,0.32996711302675064
b4,MAR2024,arr_hour_mean,mean arrival hour,200,8.568746177282486,0.17618033044825232,0.02056080630738517,8.293839276196568,8.556453379383417,8.871706766425268,0.5778674902286998,0.06743897861751882
b4,MAR2024,dwell_h_mean,mean dwell (h),200,7.022377663291518,0.15495556132598168,0.02206596807460098,6.762768182494237,7.0237625258761245,7.284264705882354,0.5214965233881168,0.07426210158336624
b4,MAR2024,req_soc_mean,mean required SoC (%),200,57.19494198918713,3.539200360202897,0.06187960398442214,51.346250056408685,57.30013668853172,62.847766716392,11.501516659983317,0.2010932481085078
b4,MAR2024,peak_concurrency,peak concurrent EVs,200,16.495,1.5104244137154759,0.09156862162567297,14.0,17.0,19.0,5.0,0.30312215822976657
b4,MAY2024,bl_peak_kw,building peak (kW),200,350.0,2.5164363855647605e-14,7.189818244470745e-17,349.99999999999994,350.0,350.00000000000006,1.1368683772161603e-13,3.2481953634747437e-16
b4,MAY2024,bl_mean_kw,building mean (kW),200,160.64397160233986,6.774713273333269,0.042172222248734494,150.02735960252633,160.62852982409277,167.82178172868677,17.79442212616044,0.11076931146976982
b4,MAY2024,bl_energy_mwh,building energy (MWh),200,119.51911487214088,5.040386675359952,0.04217222224873448,111.62035554427958,119.50762618912502,124.85940560614297,13.239050061863395,0.11076931146977002
b4,MAY2024,bl_load_factor,load factor,200,0.45898277600668536,0.019356323638095054,0.04217222224873449,0.42864959886436094,0.458938656640265,0.4794908049391051,0.05084120607474418,0.11076931146976995
b4,MAY2024,pv_energy_mwh,PV energy (MWh),200,65.14543161119657,5.708515619389924,0.08762725916776026,55.342001448531576,65.56551599191437,74.15442239401335,18.812420945481776,0.28877575111880105
b4,MAY2024,pv_capacity_factor,PV capacity factor,200,0.2501744685529822,0.021922102993048864,0.08762725916776028,0.21252688728314736,0.25178769582148375,0.28477120735028166,0.0722443200671343,0.288775751118801
b4,MAY2024,net_peak_kw,net peak (kW),200,206.22128503458237,13.857430756594987,0.06719689848829698,187.48733276442724,205.3822448896414,227.1042876519361,39.616954887508854,0.19210895170624737
b4,MAY2024,net_min_kw,"net min (kW, <0 export)",200,-170.36408976810608,22.23823594564252,0.13053358824569464,-198.33044243886602,-173.84588287318616,-129.98857818192488,68.34186425694114,0.40115181755712603
b4,MAY2024,wx_mean_temp_c,mean dry-bulb (degC),200,16.425346768817207,4.8735436628810245,0.2967087228948634,9.163605268817205,16.758625268817205,24.5501152688172,15.386509999999996,0.936754043403857
b4,MAY2024,wx_mean_ghi,mean GHI (W/m2),200,314.70766281586026,30.666975531419485,0.09744591300073666,262.1021173723118,316.2368901209677,366.3065484206989,104.20443104838711,0.33111501040684393
b4,MAY2024,n_sessions,EV sessions,200,369.105,30.3290824326426,0.08216925382382412,319.0,370.0,418.0,99.0,0.26821636119803305
b4,MAY2024,ev_energy_mwh,EV energy (MWh),200,4.772805837276825,0.466992672367474,0.09784447310220389,4.010241674113762,4.800113993871725,5.458759231759417,1.4485175576456548,0.3034939209829918
b4,MAY2024,arr_hour_mean,mean arrival hour,200,8.555048902046543,0.1923800137697473,0.02248730731670348,8.28348245251858,8.535144739953852,8.881800110416428,0.598317657897848,0.06993737437955709
b4,MAY2024,dwell_h_mean,mean dwell (h),200,7.039859556706421,0.17445895654196786,0.024781596157805737,6.774500473366884,7.02549568607931,7.350218694939878,0.5757182215729939,0.08177978792553385
b4,MAY2024,req_soc_mean,mean required SoC (%),200,56.559822612353145,3.5688377778074827,0.06309846129234532,50.42794988613227,56.53801092240201,62.54620997347791,12.11826008734564,0.2142556240036529
b4,MAY2024,peak_concurrency,peak concurrent EVs,200,16.675,1.4456223990389105,0.08669399694386269,14.0,17.0,19.0,5.0,0.29985007496251875
b4,NOV2024,bl_peak_kw,building peak (kW),200,350.0,2.0147615629421575e-14,5.756461608406164e-17,350.0,350.0,350.00000000000006,5.684341886080802e-14,1.6240976817373719e-16
b4,NOV2024,bl_mean_kw,building mean (kW),200,191.81366041802022,11.24691367182436,0.0586345813291604,172.11390629523504,191.2906134707884,213.48595042269636,41.37204412746132,0.2156887264301149
b4,NOV2024,bl_energy_mwh,building energy (MWh),200,138.10583550097456,8.097777843713539,0.058634581329160385,123.92201253256923,137.72924169896766,153.7098843043414,29.78787177177216,0.21568872643011494
b4,NOV2024,bl_load_factor,load factor,200,0.548039029765772,0.03213403906235531,0.05863458132916039,0.4917540179863858,0.5465446099165382,0.609959858350561,0.1182058403641752,0.2156887264301149
b4,NOV2024,pv_energy_mwh,PV energy (MWh),200,29.96840295784432,2.803932578921737,0.09356296306032548,25.259899646136965,30.16782244909486,34.670222234941946,9.41032258880498,0.31400814391218
b4,NOV2024,pv_capacity_factor,PV capacity factor,200,0.11892223395969967,0.011126716583022767,0.09356296306032551,0.10023769700848002,0.11971358114720183,0.13758024696405532,0.0373425499555753,0.3140081439121799
b4,NOV2024,net_peak_kw,net peak (kW),200,339.73175824052896,10.03216582203357,0.02952966738814812,319.3772147272312,341.6443067176509,350.0,30.622785272768795,0.09013812965665684
b4,NOV2024,net_min_kw,"net min (kW, <0 export)",200,-70.786464226985,21.625233405217774,0.30549955618455465,-106.28045806723546,-71.01874796225273,-35.81918878244666,70.4612692847888,0.995405972797943
b4,NOV2024,wx_mean_temp_c,mean dry-bulb (degC),200,13.681493722222221,4.873543662881024,0.356214296613326,6.419752222222222,14.014772222222224,21.806262222222216,15.386509999999994,1.1246220853069862
b4,NOV2024,wx_mean_ghi,mean GHI (W/m2),200,123.98088340833334,12.081430378362928,0.09744591300073667,103.25662795833333,124.58333124999999,144.30855945833332,41.051931499999995,0.3311150104068439
b4,NOV2024,n_sessions,EV sessions,200,335.795,28.340055907570495,0.08439689664101757,291.8,336.0,380.04999999999995,88.24999999999994,0.26280915439479424
b4,NOV2024,ev_energy_mwh,EV energy (MWh),200,4.345358710286601,0.44296902558097656,0.10194072690301792,3.705535627851768,4.315362438796418,5.162577437599929,1.4570418097481612,0.33530990348367834
b4,NOV2024,arr_hour_mean,mean arrival hour,200,8.556475553199228,0.171967138801284,0.020097894013965396,8.291932890404915,8.556044307191762,8.838031914893616,0.5460990244887007,0.0638228930934673
b4,NOV2024,dwell_h_mean,mean dwell (h),200,7.038396325976549,0.16917750203078186,0.02403637053037208,6.77625605645671,7.051371849363377,7.293101078572601,0.5168450221158913,0.07343221355813338
b4,NOV2024,req_soc_mean,mean required SoC (%),200,57.143765500388454,3.7669608385427327,0.06592076678106075,50.5591769631292,56.9204037407923,63.059335962314734,12.500158999185537,0.21874930519061722
b4,NOV2024,peak_concurrency,peak concurrent EVs,200,16.56,1.4058027624937917,0.08489147116508404,14.0,16.0,19.0,5.0,0.30193236714975846
b4,OCT2024,bl_peak_kw,building peak (kW),200,350.0,2.0147615629421575e-14,5.756461608406164e-17,349.99999999999994,350.0,350.0,5.684341886080802e-14,1.6240976817373719e-16
b4,OCT2024,bl_mean_kw,building mean (kW),200,179.62425394062063,7.9874005103136465,0.0444672717357762,169.16804911240388,179.75931513837824,190.29841377801526,21.13036466561138,0.11763647838223763
b4,OCT2024,bl_energy_mwh,building energy (MWh),200,133.64044493182172,5.942625979673354,0.04446727173577621,125.86102853962848,133.7409304629534,141.58201985084338,15.720991311214902,0.11763647838223791
b4,OCT2024,bl_load_factor,load factor,200,0.5132121541160588,0.022821144315181844,0.044467271735776207,0.48333728317829683,0.5135980432525092,0.5437097536514721,0.06037247047317529,0.1176364783822375
b4,OCT2024,pv_energy_mwh,PV energy (MWh),200,41.64995547915667,3.8489989803731697,0.09241303948810618,35.18883105144166,41.85624148240581,48.0655816740304,12.876750622588737,0.3091660116907637
b4,OCT2024,pv_capacity_factor,PV capacity factor,200,0.15994606558815927,0.01478110207516578,0.09241303948810616,0.13513375979816306,0.1607382545407289,0.18458364698168353,0.049449887183520475,0.3091660116907635
b4,OCT2024,net_peak_kw,net peak (kW),200,277.69420142427623,13.69875245824518,0.04933035111278929,253.30857258349508,277.6703720979765,302.85133367557455,49.54276109207947,0.17840761830091426
b4,OCT2024,net_min_kw,"net min (kW, <0 export)",200,-102.89050843399934,22.146178611243425,0.21524024857404045,-138.95159677171907,-104.43669747426284,-66.41609730546226,72.53549946625681,0.7049775588657509
b4,OCT2024,wx_mean_temp_c,mean dry-bulb (degC),200,17.517416661290323,4.8735436628810245,0.27821132288589645,10.255675161290323,17.85069516129032,25.642185161290318,15.386509999999994,0.8783549707989096
b4,OCT2024,wx_mean_ghi,mean GHI (W/m2),200,177.99656708064515,17.345037990170333,0.09744591300073666,148.2432194354839,178.8614879032258,207.1805545967742,58.93733516129029,0.3311150104068438
b4,OCT2024,n_sessions,EV sessions,200,369.2,30.0976634763177,0.08152129868991793,316.9,368.0,415.09999999999997,98.19999999999999,0.26598049837486454
b4,OCT2024,ev_energy_mwh,EV energy (MWh),200,4.761233456739879,0.4484684607174894,0.09419165533306272,3.947761644360806,4.7641815737903634,5.489282224364985,1.5415205800041787,0.32376496427034934
b4,OCT2024,arr_hour_mean,mean arrival hour,200,8.562588542305058,0.1867500341437656,0.021809997434898618,8.256315896940896,8.562087507951654,8.875964680036052,0.6196487830951565,0.0723669927655249
b4,OCT2024,dwell_h_mean,mean dwell (h),200,7.030246566692039,0.16725595000269117,0.023790908102017047,6.77408222708657,7.038072758102432,7.275108385155972,0.5010261580694024,0.07126722417435091
b4,OCT2024,req_soc_mean,mean required SoC (%),200,57.078222839643246,3.744373701408332,0.06560074079264615,50.6566478717379,57.799383207814145,62.44913370805155,11.792485836313645,0.20660218993579568
b4,OCT2024,peak_concurrency,peak concurrent EVs,200,16.705,1.5426841452025417,0.09234864682445626,14.0,17.0,19.0,5.0,0.299311583358276
b4,SEP2024,bl_peak_kw,building peak (kW),200,350.0,2.611429451709414e-14,7.46122700488404e-17,349.99999999999994,350.0,350.00000000000006,1.1368683772161603e-13,3.2481953634747437e-16
b4,SEP2024,bl_mean_kw,building mean (kW),200,161.586220144232,6.821004929619787,0.04221278846383901,148.6706618706444,162.62982647474823,170.66582710860212,21.995165237957707,0.13612030294615968
b4,SEP2024,bl_energy_mwh,building energy (MWh),200,116.34207850384705,4.911123549326247,0.042212788463839,107.04287654686397,117.09347506181874,122.87939551819353,15.836518971329568,0.13612030294615982
b4,SEP2024,bl_load_factor,load factor,200,0.4616749146978057,0.019488585513199392,0.04221278846383901,0.4247733196304125,0.4646566470707092,0.48761664888172035,0.06284332925130787,0.13612030294615995
b4,SEP2024,pv_energy_mwh,PV energy (MWh),200,51.28217210237131,4.676622295894467,0.09119391991740962,43.42308187041718,51.50879748371071,59.03458247935726,15.611500608940084,0.3044235446536049
b4,SEP2024,pv_capacity_factor,PV capacity factor,200,0.2035006829459179,0.0185580249837082,0.09119391991740962,0.1723138169460999,0.20439999001472503,0.23426421618792564,0.06195039924182574,0.304423544653605
b4,SEP2024,net_peak_kw,net peak (kW),200,269.7844734867312,13.54749289688988,0.050215984344096014,245.86178278391034,271.41682863646884,291.8476588902714,45.985876106361076,0.1704541240347651
b4,SEP2024,net_min_kw,"net min (kW, <0 export)",200,-148.6971722167963,24.07879402298852,0.16193175474703927,-186.94230808859953,-150.8093974827816,-107.95079565790708,78.99151243069245,0.5312240391197557
b4,SEP2024,wx_mean_temp_c,mean dry-bulb (degC),200,20.14913261111111,4.8735436628810245,0.2418736209117776,12.887391111111114,20.482411111111112,28.273901111111105,15.38650999999999,0.7636313828971079
b4,SEP2024,wx_mean_ghi,mean GHI (W/m2),200,241.72627154027776,23.555237226506357,0.09744591300073667,201.32006646527776,242.90086770833335,281.3592633819444,80.03919691666664,0.3311150104068439
b4,SEP2024,n_sessions,EV sessions,200,338.15,28.10474843193069,0.08311325870746915,289.0,340.0,378.15,89.14999999999998,0.2636403962738429
b4,SEP2024,ev_energy_mwh,EV energy (MWh),200,4.35598278434629,0.4301120142597343,0.098740522071251,3.6594186381349663,4.3689544920294825,5.036222590688317,1.376803952553351,0.31607194534860183
b4,SEP2024,arr_hour_mean,mean arrival hour,200,8.548955464861105,0.17556398218857563,0.020536307963025285,8.285884847992856,8.537990709402855,8.866878064831129,0.580993216838273,0.06796072563792592
b4,SEP2024,dwell_h_mean,mean dwell (h),200,7.0586440908749,0.16440406315437975,0.023291167685719413,6.80252304681779,7.069606305843854,7.313782775945988,0.5112597291281977,0.07243030283806652
b4,SEP2024,req_soc_mean,mean required SoC (%),200,57.518195693446735,3.544488405230744,0.061623775963378855,51.82647001167907,57.611383548048636,63.07735107946935,11.250881067790282,0.19560559805724465
b4,SEP2024,peak_concurrency,peak concurrent EVs,200,16.7,1.526976847059996,0.09143573934490995,14.950000000000001,17.0,19.049999999999983,4.099999999999982,0.24550898203592708
b5,APR2024,bl_peak_kw,building peak (kW),200,300.0,1.7564284096389855e-14,5.854761365463285e-17,300.0,300.0,300.0,0.0,0.0
b5,APR2024,bl_mean_kw,building mean (kW),200,184.57967337859336,9.768311482343652,0.05292192419426251,173.2589534142245,181.66171749112945,203.94376416682715,30.684810752602658,0.16624154865451904
b5,APR2024,bl_energy_mwh,building energy (MWh),200,132.89736483258721,7.03318426728743,0.05292192419426252,124.74644645824164,130.7964365936132,146.83951020011554,22.093063741873905,0.16624154865451896
b5,APR2024,bl_load_factor,load factor,200,0.6152655779286446,0.03256103827447884,0.05292192419426251,0.5775298447140816,0.6055390583037649,0.6798125472227571,0.10228270250867544,0.16624154865451887
b5,APR2024,pv_energy_mwh,PV energy (MWh),200,46.36270507949523,4.282448662922276,0.09236839514820003,39.130253240805786,46.49226089492573,53.000083579787926,13.86983033898214,0.29915921245752186
b5,APR2024,pv_capacity_factor,PV capacity factor,200,0.21464215314581117,0.01982615121723276,0.09236839514820007,0.1811585798185453,0.21524194858761914,0.24537075731383298,0.06421217749528768,0.2991592124575219
b5,APR2024,net_peak_kw,net peak (kW),200,219.3373634720655,15.06845648721106,0.06869990706863839,201.57508584926077,214.96235264171187,250.06379279382224,48.48870694456147,0.22106906993407408
b5,APR2024,net_min_kw,"net min (kW, <0 export)",200,-63.57670254005864,20.35613832236558,0.3201823546847135,-92.94505480142936,-64.47839071456505,-31.60921849737405,61.33583630405531,0.9647533428681458
b5,APR2024,wx_mean_temp_c,mean dry-bulb (degC),200,13.477493500000001,4.793070412140472,0.3556351492316039,5.565939999999999,13.440850000000001,21.87414,16.3082,1.2100321176189028
b5,APR2024,wx_mean_ghi,mean GHI (W/m2),200,258.7192448166667,26.976930598518265,0.10427106270209867,217.39909925,259.9142887500001,299.3370172916666,81.93791804166659,0.3167059261468135
b5,APR2024,n_sessions,EV sessions,200,327.145,34.024141222515055,0.10400324389036988,276.95,324.0,380.04999999999995,103.09999999999997,0.3151507741215668
b5,APR2024,ev_energy_mwh,EV energy (MWh),200,4.2312901698397125,0.4817743840253191,0.1138599256225364,3.4438363113993566,4.215919794848489,5.0723872771925755,1.628550965793219,0.38488283724935624
b5,APR2024,arr_hour_mean,mean arrival hour,200,8.617224637126592,0.18268451504130687,0.021199924886978798,8.312617355560818,8.609831574675324,8.896043686816588,0.5834263312557706,0.06770466778156473
b5,APR2024,dwell_h_mean,mean dwell (h),200,6.995063546309134,0.17541958520301604,0.025077625677264105,6.716818038412336,6.972140699411961,7.267753273539206,0.5509352351268699,0.07876057615195857
b5,APR2024,req_soc_mean,mean required SoC (%),200,56.87750315389345,3.632164450930513,0.06385942155553077,51.6529556690731,56.74363675809552,63.0847891278558,11.431833458782698,0.20099042371553458
b5,APR2024,peak_concurrency,peak concurrent EVs,200,15.715,1.6726517327571444,0.10643663587382401,13.0,16.0,18.0,5.0,0.3181673560292714
b5,AUG2024,bl_peak_kw,building peak (kW),200,300.0,1.890013877422076e-14,6.300046258073587e-17,299.99999999999994,300.0,300.00000000000006,1.1368683772161603e-13,3.789561257387201e-16
b5,AUG2024,bl_mean_kw,building mean (kW),200,183.01778627084408,7.605305788097233,0.04155500917731736,168.8529630457155,183.49095324677813,193.58917714562176,24.73621409990625,0.135157432531173
b5,AUG2024,bl_energy_mwh,building energy (MWh),200,136.16523298550797,5.658347506344342,0.04155500917731737,125.62660450601234,136.51726921560294,144.03034779634257,18.403743290330226,0.13515743253117285
b5,AUG2024,bl_load_factor,load factor,200,0.6100592875694802,0.025351019293657445,0.041555009177317366,0.562843210152385,0.6116365108225938,0.6452972571520725,0.0824540469996875,0.13515743253117302
b5,AUG2024,pv_energy_mwh,PV energy (MWh),200,53.487814161372214,4.973342237192847,0.09298084648193554,45.126738946375305,53.56379170721343,61.402762984335496,16.27602403796019,0.30429405824765215
b5,AUG2024,pv_capacity_factor,PV capacity factor,200,0.23964074445059236,0.022281999270577273,0.09298084648193554,0.20218073004648435,0.23998114564163725,0.2751019846968436,0.07292125465035926,0.3042940582476521
b5,AUG2024,net_peak_kw,net peak (kW),200,202.9536003772013,14.409674582023793,0.070999847035197,182.91377471459327,201.1236612718016,229.48846805059384,46.574693336000564,0.22948444003673124
b5,AUG2024,net_min_kw,"net min (kW, <0 export)",200,-84.83219803300155,20.04321613652149,0.23626897099523755,-111.13379765628653,-87.7591511925495,-49.55176350938665,61.58203414689988,0.7259276026650063
b5,AUG2024,wx_mean_temp_c,mean dry-bulb (degC),200,19.806888661290323,4.793070412140471,0.24199007194440533,11.895335161290323,19.770245161290322,28.20353516129032,16.308199999999996,0.8233600076660196
b5,AUG2024,wx_mean_ghi,mean GHI (W/m2),200,299.9358622768817,31.274631102080768,0.10427106270209868,252.0329956048387,301.32128891129037,347.0244606518816,94.99146504704291,0.3167059261468134
b5,AUG2024,n_sessions,EV sessions,200,328.46,33.86135491654047,0.10309125895555159,276.65000000000003,326.0,381.09999999999997,104.44999999999993,0.3179991475369906
b5,AUG2024,ev_energy_mwh,EV energy (MWh),200,4.234047687213692,0.47352468705910145,0.11183735329412758,3.4877082012408236,4.213168124500571,4.988268726250064,1.5005605250092406,0.3544033123530353
b5,AUG2024,arr_hour_mean,mean arrival hour,200,8.587711522396381,0.19154943636860908,0.022305061816417147,8.286107242339833,8.587629056047199,8.900404167415124,0.6142969250752905,0.0715320866884304
b5,AUG2024,dwell_h_mean,mean dwell (h),200,7.020904995725195,0.1883019985030716,0.02682018893828113,6.663520494579946,7.027979196729197,7.297149564526653,0.6336290699467071,0.09024891667562851
b5,AUG2024,req_soc_mean,mean required SoC (%),200,56.8367193528845,3.8756665022817995,0.06818948289782154,50.5797387360229,56.540070273586366,63.185482139610386,12.60574340358749,0.22178872297891944
b5,AUG2024,peak_concurrency,peak concurrent EVs,200,15.705,1.5907948141427661,0.10129225177604369,13.0,16.0,18.0,5.0,0.3183699458771092
b5,DEC2024,bl_peak_kw,building peak (kW),200,300.0,2.3147848032316192e-14,7.715949344105398e-17,299.99999999999994,300.0,300.00000000000006,1.1368683772161603e-13,3.789561257387201e-16
b5,DEC2024,bl_mean_kw,building mean (kW),200,200.3144784056352,6.298132986174246,0.03144122699618635,187.31586829743446,200.9205381450279,209.67534491482,22.359476617385525,0.11162186974876456
b5,DEC2024,bl_energy_mwh,building energy (MWh),200,149.03397193379257,4.6858109417136395,0.03144122699618636,139.36300601329125,149.48488037990074,155.99845661662607,16.635450603334817,0.1116218697487645
b5,DEC2024,bl_load_factor,load factor,200,0.667714928018784,0.02099377662058083,0.03144122699618637,0.6243862276581149,0.6697351271500931,0.6989178163827333,0.0745315887246184,0.11162186974876455
b5,DEC2024,pv_energy_mwh,PV energy (MWh),200,22.12104175152202,2.2248402007612524,0.10057574257813487,18.53592214424958,22.136155368050442,25.611812078597545,7.075889934347966,0.3198714605681315
b5,DEC2024,pv_capacity_factor,PV capacity factor,200,0.09910860999785852,0.009967922046421383,0.10057574257813488,0.08304624616599274,0.09917632333355933,0.11474826200088507,0.031702015834892336,0.3198714605681316
b5,DEC2024,net_peak_kw,net peak (kW),200,299.7205247263908,1.4547473306741165,0.004853679380156324,299.99999999999994,300.0,300.00000000000006,1.1368683772161603e-13,3.7930948447857748e-16
b5,DEC2024,net_min_kw,"net min (kW, <0 export)",200,-0.8010646466207325,16.359626844540234,20.422355316206794,-25.889675443296312,-1.6094042368795698,26.10869208480264,51.99836752809895,64.91157454951049
b5,DEC2024,wx_mean_temp_c,mean dry-bulb (degC),200,9.61858220967742,4.793070412140471,0.4983136087684608,1.7070287096774195,9.58193870967742,18.015228709677416,16.308199999999996,1.6954889654726906
b5,DEC2024,wx_mean_ghi,mean GHI (W/m2),200,98.8185515860215,10.303915388556621,0.10427106270209868,83.03620443548388,99.27500201612904,114.33262533602147,31.296420900537584,0.3167059261468133
b5,DEC2024,n_sessions,EV sessions,200,327.73,34.23635112995348,0.10446511192125676,270.95,327.0,382.04999999999995,111.09999999999997,0.3389985658926554
b5,DEC2024,ev_energy_mwh,EV energy (MWh),200,4.217196207538445,0.4901512430619934,0.11622680542722297,3.4660076701643776,4.190624103538642,5.0356913895367,1.569683719372322,0.37221026533373897
b5,DEC2024,arr_hour_mean,mean arrival hour,200,8.616354637241882,0.1778594452070487,0.020642075761169224,8.379164312617704,8.593523207852556,8.950195592274895,0.5710312796571912,0.06627295459602622
b5,DEC2024,dwell_h_mean,mean dwell (h),200,7.001815802807233,0.17611169685555908,0.02515228932257126,6.710735017179033,7.002219332855093,7.282997097336278,0.5722620801572447,0.08173052480583795
b5,DEC2024,req_soc_mean,mean required SoC (%),200,57.25985976778793,3.3544385834923176,0.0585827243918503,51.90230977613273,57.223518299392126,62.37830060156506,10.475990825432326,0.18295523020693272
b5,DEC2024,peak_concurrency,peak concurrent EVs,200,15.555,1.4926873677664214,0.09596190085287183,13.0,16.0,18.0,5.0,0.3214400514304082
b5,FEB2024,bl_peak_kw,building peak (kW),200,300.0,1.9324914031033607e-14,6.441638010344536e-17,300.0,300.0,300.00000000000006,5.684341886080802e-14,1.8947806286936006e-16
b5,FEB2024,bl_mean_kw,building mean (kW),200,151.22955717395945,8.84171124753616,0.0584654971737141,140.011367562241,150.70976270176422,165.62972484069226,25.61835727845127,0.1694004648111378
b5,FEB2024,bl_energy_mwh,building energy (MWh),200,105.25577179307577,6.153831028285168,0.058465497173714104,97.44791182331973,104.8939948404279,115.27828848912182,17.830376665802092,0.1694004648111379
b5,FEB2024,bl_load_factor,load factor,200,0.5040985239131982,0.029472370825120532,0.05846549717371408,0.4667045585408032,0.5023658756725474,0.5520990828023075,0.08539452426150423,0.1694004648111378
b5,FEB2024,pv_energy_mwh,PV energy (MWh),200,30.27925151246584,2.992427354268072,0.09882765275872497,25.430188243833623,30.30579594536874,35.00541667065251,9.575228426818885,0.31623068433104445
b5,FEB2024,pv_capacity_factor,PV capacity factor,200,0.14501557237770996,0.014331548631552069,0.09882765275872497,0.12179208929039093,0.1451427008877813,0.16765046298205225,0.04585837369166132,0.3162306843310444
b5,FEB2024,net_peak_kw,net peak (kW),200,275.3631783561561,7.197211706925936,0.026137160930126347,264.3147628828945,276.9522740503673,285.82093883071127,21.506175947816757,0.07810113202572264
b5,FEB2024,net_min_kw,"net min (kW, <0 export)",200,-97.95205422604386,19.547988978872436,0.19956691192776377,-127.83929273726358,-98.1095481458963,-66.74590801327143,61.093384723992145,0.6237070289818221
b5,FEB2024,wx_mean_temp_c,mean dry-bulb (degC),200,10.506128557471266,4.793070412140471,0.456216615466023,2.5945750574712645,10.469485057471264,18.902775057471263,16.3082,1.552255896240931
b5,FEB2024,wx_mean_ghi,mean GHI (W/m2),200,154.9757403591954,16.15948514029783,0.10427106270209867,130.22450797413794,155.69158512931034,179.30624335488503,49.08173538074709,0.31670592614681353
b5,FEB2024,n_sessions,EV sessions,200,313.02,32.76150455801019,0.10466265592617145,261.8,313.0,364.0,102.19999999999999,0.32649670947543286
b5,FEB2024,ev_energy_mwh,EV energy (MWh),200,4.025131565646253,0.4656693828459957,0.1156904750195986,3.302233727641877,4.019954193126959,4.7747333947145165,1.4724996670726394,0.3658264687892811
b5,FEB2024,arr_hour_mean,mean arrival hour,200,8.623110800957456,0.19139147062156595,0.022195177012026224,8.380078148280589,8.599513751634758,8.976550892301308,0.5964727440207191,0.06917141131417337
b5,FEB2024,dwell_h_mean,mean dwell (h),200,6.996595301249246,0.18075792038113556,0.025835125885995024,6.655187616447853,7.012346060240082,7.271066468253968,0.6158788518061149,0.08802550744876574
b5,FEB2024,req_soc_mean,mean required SoC (%),200,57.18524604062454,3.7548908902094658,0.06566188221944488,51.183457073895916,57.3536739293296,63.207200529755085,12.023743455859169,0.21025953875091263
b5,FEB2024,peak_concurrency,peak concurrent EVs,200,15.62,1.608894873373596,0.10300223261034545,13.0,16.0,18.0,5.0,0.32010243277848915
b5,JAN2024,bl_peak_kw,building peak (kW),200,300.0,2.0147615629421575e-14,6.715871876473858e-17,299.99999999999994,300.0,300.0,5.684341886080802e-14,1.8947806286936006e-16
b5,JAN2024,bl_mean_kw,building mean (kW),200,157.58909566787585,10.87179916202301,0.0689882705141965,139.86392323068475,161.22904917901232,170.07783641930274,30.213913188617994,0.19172591263734898
b5,JAN2024,bl_energy_mwh,building energy (MWh),200,117.24628717689964,8.08861857654512,0.0689882705141965,104.05875888362945,119.95441258918517,126.53791029596123,22.479151412331774,0.19172591263734884
b5,JAN2024,bl_load_factor,load factor,200,0.5252969855595861,0.0362393305400767,0.0689882705141965,0.46621307743561574,0.5374301639300412,0.5669261213976757,0.10071304396205999,0.191725912637349
b5,JAN2024,pv_energy_mwh,PV energy (MWh),200,25.215300203767082,2.5216628642999397,0.10000526838554996,21.147907717197374,25.234858172837768,29.174316492350005,8.026408775152632,0.31831501946399643
b5,JAN2024,pv_capacity_factor,PV capacity factor,200,0.11297177510648336,0.011297772689515859,0.10000526838554995,0.09474869048923555,0.11305940041593983,0.130709303281138,0.03596061279190245,0.31831501946399615
b5,JAN2024,net_peak_kw,net peak (kW),200,294.19840472387585,6.941576711193201,0.0235948822282307,278.81615184863665,296.030468197632,300.0,21.18384815136335,0.07200531277946852
b5,JAN2024,net_min_kw,"net min (kW, <0 export)",200,-75.15976670187572,18.37805289544949,0.24451982359587124,-102.94110808454357,-76.75924682687376,-45.08212807475833,57.85898000978524,0.7698131932644927
b5,JAN2024,wx_mean_temp_c,mean dry-bulb (degC),200,8.399765005376345,4.793070412140472,0.5706195838898617,0.48821150537634417,8.363121505376345,16.79641150537634,16.308199999999996,1.9415066956708653
b5,JAN2024,wx_mean_ghi,mean GHI (W/m2),200,113.2645692876344,11.810217006117128,0.10427106270209868,95.1750433467742,113.78774697580644,131.04660366263437,35.871560315860165,0.31670592614681337
b5,JAN2024,n_sessions,EV sessions,200,342.26,34.99149071003624,0.10223657660853222,288.8,339.5,400.09999999999997,111.29999999999995,0.3251913749780867
b5,JAN2024,ev_energy_mwh,EV energy (MWh),200,4.425492785073781,0.5025951441444644,0.11356817614517592,3.6382739587356525,4.40654403886955,5.29177228237422,1.6534983236385674,0.3736303286303969
b5,JAN2024,arr_hour_mean,mean arrival hour,200,8.60449060045053,0.18941782482186317,0.022013833661686525,8.308685248608647,8.589254647010346,8.925194258897216,0.6165090102885689,0.07164968141824556
b5,JAN2024,dwell_h_mean,mean dwell (h),200,7.023015923973848,0.18110122548418867,0.025786816866807814,6.730312185906828,7.028185896116371,7.295305143853531,0.5649929579467026,0.0804487650409614
b5,JAN2024,req_soc_mean,mean required SoC (%),200,57.2601451583468,3.581096606096466,0.0625408230487947,51.71983760014119,57.014937483404616,63.47005313805063,11.75021553790944,0.20520757510159077
b5,JAN2024,peak_concurrency,peak concurrent EVs,200,15.7,1.5627575164677283,0.09953869531641582,13.0,16.0,18.0,5.0,0.3184713375796179
b5,JUL2024,bl_peak_kw,building peak (kW),200,300.0,1.8465594738939945e-14,6.155198246313315e-17,300.0,300.0,300.00000000000006,5.684341886080802e-14,1.8947806286936006e-16
b5,JUL2024,bl_mean_kw,building mean (kW),200,169.65872866601043,7.009591742879033,0.04131583324945273,156.574232935098,170.80860088572132,178.41576665969964,21.841533724601646,0.12873804900188077
b5,JUL2024,bl_energy_mwh,building energy (MWh),200,126.22609412751179,5.215136256702001,0.041315833249452726,116.49122930371291,127.08159905897665,132.74133039481654,16.25010109110363,0.1287380490018808
b5,JUL2024,bl_load_factor,load factor,200,0.5655290955533682,0.023365305809596785,0.04131583324945274,0.52191410978366,0.5693620029524042,0.5947192221989988,0.07280511241533871,0.12873804900188057
b5,JUL2024,pv_energy_mwh,PV energy (MWh),200,56.85318062027607,5.233348937066249,0.0920502402850586,47.996796553572054,56.95831673610307,65.07473412631654,17.07793757274449,0.3003866694250317
b5,JUL2024,pv_capacity_factor,PV capacity factor,200,0.25471855116611136,0.023446903839902552,0.09205024028505863,0.21503941108231206,0.2551895911115729,0.2915534683078698,0.07651405722555776,0.3003866694250319
b5,JUL2024,net_peak_kw,net peak (kW),200,206.16672804661894,17.65950441137884,0.08565642273464043,178.87475534704882,206.34637480314575,235.11518575179323,56.240430404744416,0.27279101209787443
b5,JUL2024,net_min_kw,"net min (kW, <0 export)",200,-104.09521544891959,21.439994968706742,0.20596522977780407,-132.94395363261327,-106.89358767429096,-66.45057724463042,66.49337638798285,0.6387745690445467
b5,JUL2024,wx_mean_temp_c,mean dry-bulb (degC),200,20.18336715591398,4.793070412140471,0.23747625334834388,12.271813655913979,20.146723655913977,28.580013655913977,16.3082,0.8080019490316556
b5,JUL2024,wx_mean_ghi,mean GHI (W/m2),200,326.7405790833334,34.06958740891829,0.10427106270209868,274.55672125000007,328.24981875000003,378.03739895833326,103.48067770833319,0.3167059261468133
b5,JUL2024,n_sessions,EV sessions,200,341.295,35.723364467029434,0.10467004927417464,280.8,339.5,398.15,117.34999999999997,0.34383744268155103
b5,JUL2024,ev_energy_mwh,EV energy (MWh),200,4.430115530286713,0.5045955615453191,0.11390121952703616,3.5862552963009553,4.411000918927124,5.253111858963485,1.6668565626625296,0.37625577736449056
b5,JUL2024,arr_hour_mean,mean arrival hour,200,8.619585828081425,0.18716286039114255,0.021713672109556784,8.343122217382888,8.608231812435353,8.933878526327984,0.590756308945096,0.06853650752226322
b5,JUL2024,dwell_h_mean,mean dwell (h),200,7.002311964883985,0.18328093191270753,0.026174345392185643,6.6823035668951505,7.009531584907187,7.295654717910816,0.6133511510156655,0.08759266283644185
b5,JUL2024,req_soc_mean,mean required SoC (%),200,56.91333425239469,3.652369571369313,0.06417423296923841,50.65559499175601,56.80589292821192,62.778973636570704,12.123378644814693,0.21301473203188037
b5,JUL2024,peak_concurrency,peak concurrent EVs,200,15.74,1.6871968367173837,0.10719166688166351,13.0,16.0,19.0,6.0,0.3811944091486658
b5,JUN2024,bl_peak_kw,building peak (kW),200,300.0,1.7564284096389855e-14,5.854761365463285e-17,299.99999999999994,300.0,300.0,5.684341886080802e-14,1.8947806286936006e-16
b5,JUN2024,bl_mean_kw,building mean (kW),200,153.78580908497526,5.18108666431683,0.03369027802463873,144.91679459113888,154.01120461030303,160.94410518763854,16.02731059649966,0.10421839760028623
b5,JUN2024,bl_energy_mwh,building energy (MWh),200,110.7257825411822,3.7303823983081164,0.03369027802463872,104.34009210562,110.8880673194182,115.87975573509975,11.539663629479747,0.10421839760028613
b5,JUN2024,bl_load_factor,load factor,200,0.5126193636165842,0.017270288881056094,0.033690278024638726,0.48305598197046296,0.5133706820343434,0.5364803506254618,0.05342436865499889,0.10421839760028626
b5,JUN2024,pv_energy_mwh,PV energy (MWh),200,55.93581134225663,5.0881116217346,0.09096340072018931,47.26559311471006,56.08724750776655,63.82300798631972,16.557414871609666,0.2960074141107772
b5,JUN2024,pv_capacity_factor,PV capacity factor,200,0.2589620895474844,0.023556072322845376,0.09096340072018932,0.21882219034587988,0.2596631829063266,0.29547688882555423,0.07665469847967435,0.2960074141107771
b5,JUN2024,net_peak_kw,net peak (kW),200,204.19439754005973,14.188779789680645,0.06948662627679111,185.1021180246875,203.40078304401698,227.47519179159582,42.373073766908306,0.2075134003546565
b5,JUN2024,net_min_kw,"net min (kW, <0 export)",200,-123.0320457159461,19.591686654745722,0.15924051771014694,-147.50649235046458,-128.18721785125757,-87.61123527290358,59.895257077561,0.4868264745905791
b5,JUN2024,wx_mean_temp_c,mean dry-bulb (degC),200,18.05596572222222,4.793070412140471,0.2654563309367298,10.144412222222224,18.019322222222222,26.452612222222218,16.308199999999992,0.9032028666253404
b5,JUN2024,wx_mean_ghi,mean GHI (W/m2),200,332.73380715555555,34.694507669024944,0.10427106270209868,279.5927686666667,334.27072999999996,384.9715372222221,105.37876855555538,0.31670592614681325
b5,JUN2024,n_sessions,EV sessions,200,297.18,31.297528279113507,0.10531505578812002,244.0,296.5,346.19999999999993,102.19999999999993,0.34389932027727277
b5,JUN2024,ev_energy_mwh,EV energy (MWh),200,3.832074682214791,0.4379892307902795,0.11429558845057233,3.0928910123479256,3.8362520785539775,4.525956810448047,1.4330657981001216,0.3739660410980991
b5,JUN2024,arr_hour_mean,mean arrival hour,200,8.601395416999114,0.21562373257790812,0.025068459491092168,8.25147897379871,8.590919826407,8.944014360075712,0.6925353862770027,0.08051430642385429
b5,JUN2024,dwell_h_mean,mean dwell (h),200,7.021857547802129,0.19044971829982144,0.027122412695403227,6.720339492674393,7.017321189038996,7.289063800201463,0.56872430752707,0.080993427117456
b5,JUN2024,req_soc_mean,mean required SoC (%),200,57.30244682439285,3.7645991488338773,0.06569700523209315,50.83774614952452,57.163247915882536,63.612789949838756,12.775043800314236,0.2229406335730166
b5,JUN2024,peak_concurrency,peak concurrent EVs,200,15.56,1.709094796997998,0.10983899723637519,13.0,16.0,18.0,5.0,0.3213367609254499
b5,MAR2024,bl_peak_kw,building peak (kW),200,300.0,1.2088569377652947e-14,4.029523125884316e-17,300.0,300.0,300.0,0.0,0.0
b5,MAR2024,bl_mean_kw,building mean (kW),200,170.14234258431208,11.807630677383527,0.06939854299662292,150.76503194002686,167.76063410236864,192.0533521560938,41.28832021606695,0.24266928260733803
b5,MAR2024,bl_energy_mwh,building energy (MWh),200,126.58590288272816,8.784877223973345,0.06939854299662293,112.16918376337996,124.81391177216227,142.88769400413378,30.718510240753815,0.2426692826073381
b5,MAR2024,bl_load_factor,load factor,200,0.5671411419477068,0.03935876892461176,0.06939854299662293,0.5025501064667561,0.5592021136745622,0.6401778405203127,0.13762773405355655,0.24266928260733817
b5,MAR2024,pv_energy_mwh,PV energy (MWh),200,41.53493008524526,3.9900824727110153,0.09606570817675314,34.959578912145844,41.58816359588547,47.89139352881434,12.931814616668497,0.3113479326949043
b5,MAR2024,pv_capacity_factor,PV capacity factor,200,0.18608839643927083,0.017876713587414945,0.09606570817675317,0.15662893777843118,0.18632689783102807,0.214567175308308,0.05793823752987681,0.31134793269490457
b5,MAR2024,net_peak_kw,net peak (kW),200,244.7399054099508,16.103756580006074,0.06579947210910099,219.4854963074739,241.30333526505643,273.1602228529533,53.674726545479416,0.2193133418743941
b5,MAR2024,net_min_kw,"net min (kW, <0 export)",200,-98.62487754160219,20.258187849123367,0.20540646897714027,-129.62169028310416,-99.6135981461289,-64.19497430614157,65.42671597696258,0.6633895788551334
b5,MAR2024,wx_mean_temp_c,mean dry-bulb (degC),200,12.049361779569892,4.793070412140472,0.39778624792122086,4.137808279569893,12.012718279569892,20.446008279569888,16.308199999999996,1.3534492779236749
b5,MAR2024,wx_mean_ghi,mean GHI (W/m2),200,211.44779159677418,22.047885935807535,0.10427106270209868,177.67738717741938,212.42448508064518,244.64415584677414,66.96676866935476,0.3167059261468134
b5,MAR2024,n_sessions,EV sessions,200,314.125,32.41966298002947,0.1032062490410807,262.9,312.0,366.04999999999995,103.14999999999998,0.3283724631914046
b5,MAR2024,ev_energy_mwh,EV energy (MWh),200,4.082294932039194,0.469715763030398,0.11506169222216506,3.3941837261001435,4.022379303922045,4.888548938236859,1.4943652121367155,0.36606008066895057
b5,MAR2024,arr_hour_mean,mean arrival hour,200,8.602563394598695,0.2095067033851816,0.024353985408201106,8.285657964892135,8.61101697141656,8.931763021327765,0.6461050564356299,0.07510610812136541
b5,MAR2024,dwell_h_mean,mean dwell (h),200,7.011697407933383,0.18180333702261056,0.02592857712554869,6.720244372990353,7.010966256019952,7.277879063301968,0.5576346903116143,0.07952920068693761
b5,MAR2024,req_soc_mean,mean required SoC (%),200,56.84135650646665,4.032934745931206,0.07095071254100686,50.79706979999688,56.432356564988126,63.46866120190096,12.671591401904074,0.22292908158274632
b5,MAR2024,peak_concurrency,peak concurrent EVs,200,15.795,1.6873680852962645,0.10682925516278978,13.0,16.0,18.0,5.0,0.31655587211142766
b5,MAY2024,bl_peak_kw,building peak (kW),200,300.0,2.054661704935752e-14,6.84887234978584e-17,299.99999999999994,300.0,300.00000000000006,1.1368683772161603e-13,3.789561257387201e-16
b5,MAY2024,bl_mean_kw,building mean (kW),200,137.9343074279942,6.131897036255255,0.044455198641978805,128.54259748692863,138.39396213295504,145.00718512077023,16.464587633841603,0.11936542794066374
b5,MAY2024,bl_energy_mwh,building energy (MWh),200,102.6231247264277,4.56213139497391,0.044455198641978805,95.6356925302749,102.96510782691855,107.88534572985304,12.249653199578148,0.11936542794066368
b5,MAY2024,bl_load_factor,load factor,200,0.4597810247599807,0.02043965678751752,0.04445519864197881,0.42847532495642876,0.46131320710985013,0.4833572837359008,0.05488195877947205,0.11936542794066383
b5,MAY2024,pv_energy_mwh,PV energy (MWh),200,56.00969069981047,5.0887381372950475,0.09085460165400033,47.3349677399165,56.19100634422219,63.85216154404633,16.517193804129832,0.2948988576397499
b5,MAY2024,pv_capacity_factor,PV capacity factor,200,0.25093947446151643,0.022799005991465265,0.09085460165400033,0.21207422822543234,0.2517518205386299,0.28607599258085276,0.07400176435542041,0.29489885763975
b5,MAY2024,net_peak_kw,net peak (kW),200,176.57218485198868,12.449428836388545,0.07050617200452187,160.02953146752444,175.06540297411854,196.61753861465823,36.588007147133794,0.2072127451886243
b5,MAY2024,net_min_kw,"net min (kW, <0 export)",200,-146.2086200539189,18.463188858763893,0.1262797559538899,-170.24253603540382,-150.0714047744315,-111.4200455861652,58.822490449238614,0.4023188949293552
b5,MAY2024,wx_mean_temp_c,mean dry-bulb (degC),200,15.627318768817204,4.793070412140471,0.30671099009668745,7.715765268817204,15.590675268817204,24.0239652688172,16.308199999999996,1.0435699329651753
b5,MAY2024,wx_mean_ghi,mean GHI (W/m2),200,315.1595874865592,32.86202510797856,0.10427106270209865,264.82533407258063,316.61533366935487,364.638243111559,99.81290903897838,0.31670592614681337
b5,MAY2024,n_sessions,EV sessions,200,343.24,34.42306110267348,0.10028860593949854,287.95,343.0,398.15,110.19999999999999,0.3210581517305675
b5,MAY2024,ev_energy_mwh,EV energy (MWh),200,4.426164619343378,0.4780270903473505,0.10800029629676672,3.6217372017876137,4.440575483873499,5.205182090162351,1.5834448883747374,0.35774649714895634
b5,MAY2024,arr_hour_mean,mean arrival hour,200,8.575068848116775,0.17554881994587376,0.020472001222990432,8.284851745317702,8.578163585589328,8.856011597938144,0.5711598526204416,0.0666070282043132
b5,MAY2024,dwell_h_mean,mean dwell (h),200,7.02123167574404,0.16940586858062642,0.02412765685625585,6.740067512274959,7.021104399008674,7.303825781008351,0.563758268733392,0.0802933580273365
b5,MAY2024,req_soc_mean,mean required SoC (%),200,56.87972132111427,3.4334656421508436,0.06036361575625917,50.97299680841628,56.84962423287837,62.921881283853196,11.948884475436913,0.21007283787449532
b5,MAY2024,peak_concurrency,peak concurrent EVs,200,15.675,1.578554456094015,0.10070522845894832,13.0,16.0,18.0,5.0,0.31897926634768736
b5,NOV2024,bl_peak_kw,building peak (kW),200,300.0,1.4528652246043834e-14,4.8428840820146116e-17,300.0,300.0,300.0,0.0,0.0
b5,NOV2024,bl_mean_kw,building mean (kW),200,164.99059039475824,10.903998194730626,0.06608860643895875,147.56176916175707,163.56298174430103,185.31255709745128,37.750787935694206,0.22880570246685747
b5,NOV2024,bl_energy_mwh,building energy (MWh),200,118.79322508422592,7.85087870020605,0.06608860643895875,106.2444737964651,117.76534685589675,133.42504111016493,27.180567313699825,0.22880570246685747
b5,NOV2024,bl_load_factor,load factor,200,0.5499686346491941,0.03634666064910209,0.06608860643895877,0.49187256387252354,0.5452099391476701,0.6177085236581709,0.12583595978564732,0.22880570246685744
b5,NOV2024,pv_energy_mwh,PV energy (MWh),200,25.792659016031504,2.5737232824270464,0.0997851086554256,21.63273315559567,25.816089666992006,29.846993992283164,8.214260836687494,0.31847281940112865
b5,NOV2024,pv_capacity_factor,PV capacity factor,200,0.11941045840755324,0.011915385566791881,0.09978510865542561,0.10015154238701698,0.11951893364348148,0.13818052774205167,0.03802898535503468,0.31847281940112865
b5,NOV2024,net_peak_kw,net peak (kW),200,291.46745670270013,8.711837415351866,0.029889571597140712,273.48930711540896,293.9935961734478,300.0,26.510692884591037,0.0909559275827909
b5,NOV2024,net_min_kw,"net min (kW, <0 export)",200,-60.70015855589705,18.922137288756332,0.31173126625907366,-88.93515570949384,-60.735672631090914,-30.00045385751088,58.934701851982965,0.9709151220373119
b5,NOV2024,wx_mean_temp_c,mean dry-bulb (degC),200,12.883465722222223,4.793070412140471,0.3720326902312534,4.971912222222222,12.846822222222222,21.280112222222222,16.3082,1.2658239911230234
b5,NOV2024,wx_mean_ghi,mean GHI (W/m2),200,124.15892171666667,12.946182711343512,0.10427106270209868,104.32945475000001,124.73242125,143.65132104166662,39.32186629166661,0.3167059261468133
b5,NOV2024,n_sessions,EV sessions,200,313.77,32.28760672051574,0.10290214717951283,263.0,312.0,365.15,102.14999999999998,0.32555693660961843
b5,NOV2024,ev_energy_mwh,EV energy (MWh),200,4.0474017820728925,0.4728292176791486,0.11682290099625031,3.2848682943253533,4.024172664405832,4.812446121082813,1.5275778267574593,0.3774218397401368
b5,NOV2024,arr_hour_mean,mean arrival hour,200,8.600763162743709,0.16798613878598836,0.019531538725965743,8.340541465378422,8.595849054819523,8.893009068209327,0.5524676028309052,0.06423471875426737
b5,NOV2024,dwell_h_mean,mean dwell (h),200,7.015263657818155,0.1685741417983922,0.024029623121937106,6.728765188608662,7.025005508408318,7.2635919416722565,0.5348267530635944,0.07623758409529728
b5,NOV2024,req_soc_mean,mean required SoC (%),200,57.712673522613834,3.721937537179943,0.06449081822074242,51.22184144345051,57.8155475147651,63.155166028253724,11.933324584803216,0.20677130093665344
b5,NOV2024,peak_concurrency,peak concurrent EVs,200,15.64,1.5205130052041564,0.09721950161151895,13.0,15.5,18.0,5.0,0.319693094629156
b5,OCT2024,bl_peak_kw,building peak (kW),200,300.0,1.507709496914147e-14,5.025698323047157e-17,300.0,300.0,300.0,0.0,0.0
b5,OCT2024,bl_mean_kw,building mean (kW),200,154.48931501826283,7.04167474945641,0.04558033511006237,144.72254692003034,154.34881421075826,163.10984296615342,18.387296046123083,0.11901985612370308
b5,OCT2024,bl_energy_mwh,building energy (MWh),200,114.94005037358751,5.23900601359557,0.04558033511006238,107.67357490850256,114.83551777280415,121.35372316681814,13.680148258315583,0.1190198561237032
b5,OCT2024,bl_load_factor,load factor,200,0.5149643833942094,0.023472249164854703,0.045580335110062375,0.4824084897334344,0.5144960473691942,0.5436994765538448,0.06129098682041034,0.11901985612370322
b5,OCT2024,pv_energy_mwh,PV energy (MWh),200,35.84693466897099,3.5268151374189545,0.09838540366107668,30.11362095037898,35.86178961866344,41.44500356566983,11.331382615290849,0.31610464660174314
b5,OCT2024,pv_capacity_factor,PV capacity factor,200,0.16060454600793456,0.015801143088794597,0.09838540366107665,0.13491765658771943,0.16067110044204047,0.185685499846191,0.050767843258471584,0.31610464660174337
b5,OCT2024,net_peak_kw,net peak (kW),200,238.01302960820746,11.427051542499918,0.04801019322895874,219.83132674630454,237.86495962894384,257.5651345582773,37.73380781197275,0.1585367316826573
b5,OCT2024,net_min_kw,"net min (kW, <0 export)",200,-89.06780390550202,19.532633073298904,0.21930071492525377,-118.21773635716411,-89.45178524520233,-58.50326351735757,59.71447283980655,0.6704383651713431
b5,OCT2024,wx_mean_temp_c,mean dry-bulb (degC),200,16.719388661290324,4.793070412140471,0.2866773725547549,8.807835161290322,16.68274516129032,25.11603516129032,16.3082,0.9754064774962536
b5,OCT2024,wx_mean_ghi,mean GHI (W/m2),200,178.25217267741937,18.586543474032514,0.10427106270209867,149.7834527419355,179.07553306451615,206.23697217741932,56.45351943548383,0.31670592614681353
b5,OCT2024,n_sessions,EV sessions,200,342.08,35.05807959263625,0.10248503155003581,287.0,340.0,401.04999999999995,114.04999999999995,0.3334015434985967
b5,OCT2024,ev_energy_mwh,EV energy (MWh),200,4.4051752470306695,0.5199056323669613,0.11802155492392868,3.6432536529517487,4.386084838646715,5.254825574901878,1.6115719219501297,0.3658360522742921
b5,OCT2024,arr_hour_mean,mean arrival hour,200,8.62106106510219,0.18418904921606077,0.02136500922858009,8.31066282206583,8.60917536553513,8.907041139240505,0.5963783171746755,0.0691769044055143
b5,OCT2024,dwell_h_mean,mean dwell (h),200,7.0003815985498905,0.16435881578384687,0.023478550914694897,6.757559754521964,6.981400941465411,7.279691847869295,0.5221320933473317,0.07458623304985115
b5,OCT2024,req_soc_mean,mean required SoC (%),200,56.80355811798434,3.7590165080831808,0.06617572265940598,50.637582018929955,56.66656111929335,62.242570458766025,11.60498843983607,0.20430037878493149
b5,OCT2024,peak_concurrency,peak concurrent EVs,200,15.605,1.5942657924842478,0.10216378035784991,13.0,16.0,18.0,5.0,0.32041012495994875
b5,SEP2024,bl_peak_kw,building peak (kW),200,300.0,1.709581876356488e-14,5.698606254521627e-17,300.0,300.0,300.00000000000006,5.684341886080802e-14,1.8947806286936006e-16
b5,SEP2024,bl_mean_kw,building mean (kW),200,138.46995549387728,5.837233201411995,0.04215523274050666,127.91230720535206,139.17946640435196,145.85399213284248,17.941684927490414,0.12957095901055404
b5,SEP2024,bl_energy_mwh,building energy (MWh),200,99.69836795559164,4.202807905016636,0.04215523274050665,92.09686118785348,100.20921581113342,105.01487433564658,12.918013147793104,0.1295709590105541
b5,SEP2024,bl_load_factor,load factor,200,0.4615665183129243,0.01945744400470665,0.04215523274050665,0.4263743573511735,0.46393155468117325,0.4861799737761416,0.05980561642496807,0.12957095901055407
b5,SEP2024,pv_energy_mwh,PV energy (MWh),200,44.1229685482203,4.237732116052012,0.09604367646797737,37.14110948715183,44.143825992178805,50.95076978617612,13.809660299024287,0.3129812148503163
b5,SEP2024,pv_capacity_factor,PV capacity factor,200,0.2042730025380569,0.019619130166907462,0.09604367646797739,0.17194958095903626,0.20436956477860557,0.23588319345451905,0.0639336124954828,0.31298121485031627
b5,SEP2024,net_peak_kw,net peak (kW),200,230.48541184134825,10.429908680566422,0.04525192547867506,211.13336233787766,230.49606868290735,247.1392405807582,36.005878242880556,0.15621760160536646
b5,SEP2024,net_min_kw,"net min (kW, <0 export)",200,-128.4815009407474,20.554212414376632,0.15997799110282612,-161.0921196455517,-129.00705735359267,-94.44569555226832,66.64642409328337,0.5187238910294106
b5,SEP2024,wx_mean_temp_c,mean dry-bulb (degC),200,19.35110461111111,4.793070412140471,0.24768975768899326,11.439551111111111,19.31446111111111,27.747751111111103,16.308199999999992,0.842752924328468
b5,SEP2024,wx_mean_ghi,mean GHI (W/m2),200,242.0733938972222,25.241250033567088,0.10427106270209868,203.4117632916667,243.19154937500002,280.07784170138876,76.66607840972208,0.3167059261468132
b5,SEP2024,n_sessions,EV sessions,200,313.035,32.59163771960886,0.10411499582988758,259.9,314.0,363.19999999999993,103.29999999999995,0.32999504847700717
b5,SEP2024,ev_energy_mwh,EV energy (MWh),200,4.061949727391579,0.48230858680664535,0.11873819696837176,3.2491263479775885,4.071726093204518,4.823775185519209,1.5746488375416208,0.38765837669605946
b5,SEP2024,arr_hour_mean,mean arrival hour,200,8.61617500538528,0.19279418000245446,0.022375843095335725,8.310970234222511,8.625258135725986,8.896782178217823,0.5858119439953118,0.06798979171490455
b5,SEP2024,dwell_h_mean,mean dwell (h),200,7.002784919874225,0.17030099706688173,0.02431903864183515,6.705011966126658,7.008034849083014,7.28137587822014,0.5763639120934823,0.08230495705469049
b5,SEP2024,req_soc_mean,mean required SoC (%),200,57.3391362807951,3.526169399053979,0.061496730292308524,51.7242416160704,57.21727733665371,63.34978691040232,11.625545294331921,0.20275061761308263
b5,SEP2024,peak_concurrency,peak concurrent EVs,200,15.51,1.5755353241958572,0.1015819035587271,13.0,15.0,18.0,5.0,0.3223726627981947
b6,APR2024,bl_peak_kw,building peak (kW),200,250.0,1.9945121890825697e-14,7.978048756330278e-17,250.0,250.0,250.00000000000003,2.842170943040401e-14,1.1368683772161603e-16
b6,APR2024,bl_mean_kw,building mean (kW),200,87.89902675933008,5.645182966128942,0.06422349796415387,79.75536649738152,86.75602996491686,98.81697950090934,19.061613003527825,0.21685806665094298
b6,APR2024,bl_energy_mwh,building energy (MWh),200,63.28729926671765,4.064531735612839,0.06422349796415389,57.42386387811469,62.46434157474014,71.14822524065472,13.724361362540037,0.21685806665094307
b6,APR2024,bl_load_factor,load factor,200,0.3515961070373203,0.02258073186451577,0.06422349796415389,0.3190214659895259,0.34702411985966747,0.39526791800363736,0.07624645201411145,0.21685806665094345
b6,APR2024,pv_energy_mwh,PV energy (MWh),200,38.62419895463933,3.545270881198841,0.09178885199308455,32.34227168391878,39.10042335943932,44.03842502145401,11.696153337535229,0.30281931157384817
b6,APR2024,pv_capacity_factor,PV capacity factor,200,0.2145788830813296,0.019695949339993562,0.09178885199308456,0.17967928713288212,0.2172245742191073,0.24465791678585558,0.06497862965297346,0.30281931157384806
b6,APR2024,net_peak_kw,net peak (kW),200,169.47334372396992,21.541769801438164,0.12711007718431738,143.0788460433364,163.11004262219697,209.7564063150543,66.67756027171791,0.3934398106897515
b6,APR2024,net_min_kw,"net min (kW, <0 export)",200,-144.2200860970996,14.835589539513624,0.10286770685690211,-166.87727244695108,-144.75236934051915,-118.77319585042291,48.104076596528174,0.33354630341949015
b6,APR2024,wx_mean_temp_c,mean dry-bulb (degC),200,13.6583305,5.568714749687461,0.4077156245184916,4.529204999999999,13.4326,22.847419999999996,18.318214999999995,1.3411752629649718
b6,APR2024,wx_mean_ghi,mean GHI (W/m2),200,258.6297977458333,25.898327232155342,0.10013667202263658,211.7694999583334,260.5615179166667,297.563609375,85.7941094166666,0.3317255403840983
b6,APR2024,n_sessions,EV sessions,200,286.045,27.89504692980602,0.09751978510306428,237.0,287.0,331.09999999999997,94.09999999999997,0.3289692181300144
b6,APR2024,ev_energy_mwh,EV energy (MWh),200,3.672731168162103,0.42180668132918825,0.11484823201483256,2.9932769145599005,3.6625486144143666,4.335294410559867,1.3420174959999667,0.3654004158086896
b6,APR2024,arr_hour_mean,mean arrival hour,200,8.539743118376848,0.18763172026871414,0.021971588333253914,8.225299137473796,8.521546695625194,8.847686825843319,0.622387688369523,0.07288131267440517
b6,APR2024,dwell_h_mean,mean dwell (h),200,7.024514060438305,0.17338083303531196,0.024682252970605285,6.761337148866958,7.011334299262382,7.294047892396191,0.5327107435292326,0.0758359566150535
b6,APR2024,req_soc_mean,mean required SoC (%),200,57.289336127782136,3.8554213135076947,0.06729736411866065,50.80770684321572,57.54569136516752,63.19323764590511,12.385530802689388,0.2161926047644161
b6,APR2024,peak_concurrency,peak concurrent EVs,200,13.875,1.3961090942383676,0.10062047526042289,12.0,14.0,17.0,5.0,0.36036036036036034
b6,AUG2024,bl_peak_kw,building peak (kW),200,250.0,1.9945121890825697e-14,7.978048756330278e-17,250.0,250.0,250.00000000000003,2.842170943040401e-14,1.1368683772161603e-16
b6,AUG2024,bl_mean_kw,building mean (kW),200,90.06247535788978,7.115656987676988,0.07900801037725011,77.56564217427567,90.62671717316242,100.82601659038838,23.26037441611271,0.2582693216423462
b6,AUG2024,bl_energy_mwh,building energy (MWh),200,67.00648166627,5.294048798831678,0.07900801037725008,57.7088377776611,67.42627757683285,75.01455634324896,17.305718565587853,0.25826932164234606
b6,AUG2024,bl_load_factor,load factor,200,0.3602499014315591,0.02846262795070795,0.07900801037725011,0.3102625686971026,0.3625068686926497,0.4033040663615535,0.09304149766445091,0.25826932164234634
b6,AUG2024,pv_energy_mwh,PV energy (MWh),200,44.55843035332734,4.119437290689994,0.09245023350294881,37.359275357176955,45.061913436687846,50.996627949322864,13.63735259214591,0.3060554980058349
b6,AUG2024,pv_capacity_factor,PV capacity factor,200,0.2395614535125126,0.022147512315537597,0.09245023350294877,0.2008563191246073,0.24226835181014972,0.27417541908238097,0.07331909995777366,0.3060554980058347
b6,AUG2024,net_peak_kw,net peak (kW),200,157.2582799896065,19.260231924745113,0.12247515314308448,127.0644479716999,155.98892550762343,193.14890010803884,66.08445213633894,0.420228760868468
b6,AUG2024,net_min_kw,"net min (kW, <0 export)",200,-163.37570731354572,14.952375846359605,0.09152141461070132,-181.10954215076006,-166.26687692128326,-133.9842801207864,47.12526202997367,0.2884471798462197
b6,AUG2024,wx_mean_temp_c,mean dry-bulb (degC),200,19.987725661290323,5.5687147496874605,0.27860672314870905,10.858600161290322,19.761995161290322,29.176815161290317,18.318214999999995,0.9164732051269033
b6,AUG2024,wx_mean_ghi,mean GHI (W/m2),200,299.832165374328,30.02419520592601,0.10013667202263657,245.5065436626344,302.07162829301075,344.9685307459677,99.4619870833333,0.33172554038409835
b6,AUG2024,n_sessions,EV sessions,200,285.085,27.295659731924506,0.09574568894162971,240.95,285.5,330.04999999999995,89.09999999999997,0.31253836575056554
b6,AUG2024,ev_energy_mwh,EV energy (MWh),200,3.687691340111601,0.402969368394166,0.10927415860731199,3.038552340377442,3.6420094502561486,4.333835965509974,1.295283625132532,0.351245130264436
b6,AUG2024,arr_hour_mean,mean arrival hour,200,8.553090892934904,0.17430667000935202,0.020379377723360133,8.284672155688623,8.549394600111338,8.835395557855758,0.5507234021671348,0.06438881675185376
b6,AUG2024,dwell_h_mean,mean dwell (h),200,7.047632215962751,0.19054820279259668,0.027037194472351818,6.728258228629725,7.0533712719731385,7.348198600386101,0.6199403717563756,0.0879643478489446
b6,AUG2024,req_soc_mean,mean required SoC (%),200,57.130904565990335,3.7206635005263804,0.06512523351050296,51.25313102774222,56.95479924317465,63.76607762405559,12.51294659631337,0.21902237836721122
b6,AUG2024,peak_concurrency,peak concurrent EVs,200,13.785,1.3104815180097833,0.09506576119040866,12.0,14.0,16.0,4.0,0.29017047515415306
b6,DEC2024,bl_peak_kw,building peak (kW),200,250.0,1.8465594738939945e-14,7.386237895575978e-17,250.0,250.0,250.00000000000003,2.842170943040401e-14,1.1368683772161603e-16
b6,DEC2024,bl_mean_kw,building mean (kW),200,94.7457876484927,3.6190637092086546,0.038197621224443215,90.19034839912332,94.23010696951422,99.76254004613467,9.572191647011351,0.10103026091802864
b6,DEC2024,bl_energy_mwh,building energy (MWh),200,70.49086601047858,2.6925833996512396,0.038197621224443215,67.10161920894775,70.10719958531858,74.22332979432419,7.121710585376434,0.10103026091802844
b6,DEC2024,bl_load_factor,load factor,200,0.37898315059397086,0.014476254836834615,0.0381976212244432,0.3607613935964933,0.3769204278780569,0.3990501601845386,0.03828876658804531,0.10103026091802836
b6,DEC2024,pv_energy_mwh,PV energy (MWh),200,18.418952248246764,1.8069805731929691,0.09810441706123481,15.258879676166465,18.594724719455545,21.275129897326295,6.016250221159829,0.32663368361425094
b6,DEC2024,pv_capacity_factor,PV capacity factor,200,0.099026624990574,0.00971494931824177,0.09810441706123481,0.08203698750627132,0.09997163827664271,0.11438241880282952,0.0323454312965582,0.3266336836142507
b6,DEC2024,net_peak_kw,net peak (kW),200,247.4693078541153,5.008595089308336,0.020239257679020684,235.28368269699828,250.0,250.00000000000003,14.716317303001745,0.0594672423445622
b6,DEC2024,net_min_kw,"net min (kW, <0 export)",200,-96.79031515287308,13.212660392065056,0.1365080831816349,-117.38621142745352,-98.18221875956766,-73.15544532553095,44.23076610192257,0.4569751222739938
b6,DEC2024,wx_mean_temp_c,mean dry-bulb (degC),200,9.799419209677419,5.5687147496874605,0.5682698770747633,0.6702937096774187,9.57368870967742,18.98850870967741,18.31821499999999,1.8693163960074117
b6,DEC2024,wx_mean_ghi,mean GHI (W/m2),200,98.78438702284946,9.891939764264274,0.10013667202263658,80.8859629704301,99.5222130376344,113.65526713709677,32.76930416666667,0.33172554038409857
b6,DEC2024,n_sessions,EV sessions,200,284.115,27.514487275801656,0.09684278294282828,238.85,283.5,330.0,91.15,0.3208207943966352
b6,DEC2024,ev_energy_mwh,EV energy (MWh),200,3.6644933002940023,0.41820700707274466,0.11412410197043939,3.0166634694733983,3.671816148589513,4.338600067004466,1.3219365975310682,0.36074198782816963
b6,DEC2024,arr_hour_mean,mean arrival hour,200,8.570633962580654,0.20001147141504752,0.023336835091580927,8.23699445676275,8.560826046149622,8.894423828125001,0.6574293713622517,0.07670720441831784
b6,DEC2024,dwell_h_mean,mean dwell (h),200,7.036802713265343,0.1703951793362068,0.024214858122281645,6.770600444935586,7.023325418180466,7.323095900809717,0.5524954558741308,0.07851512659756693
b6,DEC2024,req_soc_mean,mean required SoC (%),200,57.20156030588987,4.036352655214815,0.0705636810190159,50.06547479108056,57.23307242082622,63.76773375189029,13.70225896080973,0.2395434475482105
b6,DEC2024,peak_concurrency,peak concurrent EVs,200,13.89,1.3991742000948473,0.10073248380812434,12.0,14.0,16.0,4.0,0.28797696184305255
b6,FEB2024,bl_peak_kw,building peak (kW),200,250.0,1.8465594738939945e-14,7.386237895575978e-17,250.0,250.0,250.00000000000003,2.842170943040401e-14,1.1368683772161603e-16
b6,FEB2024,bl_mean_kw,building mean (kW),200,84.1179567909816,5.385126635219593,0.06401875224573857,76.87621148753894,82.69531454145837,94.02566298091817,17.14945149337923,0.20387384748291756
b6,FEB2024,bl_energy_mwh,building energy (MWh),200,58.54609792652319,3.7480481381128365,0.06401875224573857,53.5058431953271,57.55593892085502,65.44186143471904,11.936018239391942,0.2038738474829175
b6,FEB2024,bl_load_factor,load factor,200,0.3364718271639264,0.021540506540878367,0.06401875224573855,0.3075048459501557,0.3307812581658335,0.37610265192367265,0.06859780597351695,0.20387384748291762
b6,FEB2024,pv_energy_mwh,PV energy (MWh),200,25.2127813101397,2.4365222000368654,0.09663837440484922,20.970537381350645,25.46390901742714,29.068665552950876,8.09812817160023,0.3211913859080452
b6,FEB2024,pv_capacity_factor,PV capacity factor,200,0.14490104201229712,0.014003001149637156,0.09663837440484922,0.12052032977787727,0.14634430469785714,0.16706129628132685,0.04654096650344958,0.3211913859080451
b6,FEB2024,net_peak_kw,net peak (kW),200,222.4342884482784,8.282636430446948,0.03723632938171252,205.68852743674768,223.60680850408886,233.6923438530687,28.00381641632103,0.12589703058677765
b6,FEB2024,net_min_kw,"net min (kW, <0 export)",200,-137.4006496562737,16.922868292208314,0.12316439794530197,-163.16961640780065,-139.10416517627317,-108.92116270643817,54.24845370136248,0.3948194847482331
b6,FEB2024,wx_mean_temp_c,mean dry-bulb (degC),200,10.686965557471265,5.568714749687461,0.5210753903660117,1.5578400574712639,10.461235057471264,19.87605505747126,18.318214999999995,1.7140707436072646
b6,FEB2024,wx_mean_ghi,mean GHI (W/m2),200,154.92216055675289,15.51338958070981,0.10013667202263658,126.85231461925288,156.0792826867816,178.24395204741379,51.391637428160905,0.3317255403840984
b6,FEB2024,n_sessions,EV sessions,200,271.155,26.429216644885855,0.09746903669445836,227.95,270.5,318.0,90.05000000000001,0.33209787759768405
b6,FEB2024,ev_energy_mwh,EV energy (MWh),200,3.4950937172469985,0.39801011645541956,0.11387680807853204,2.9000938712381297,3.4565390077263674,4.209107206846194,1.3090133356080642,0.37452882283200767
b6,FEB2024,arr_hour_mean,mean arrival hour,200,8.564131590552538,0.2033536512726889,0.023744806945402035,8.223270886160417,8.556937051608424,8.960484954221927,0.73721406806151,0.086081590441086
b6,FEB2024,dwell_h_mean,mean dwell (h),200,7.02952854219792,0.19272221702143402,0.02741609424651054,6.709080882352942,7.021369736169271,7.370605970844,0.6615250884910582,0.09410660821987635
b6,FEB2024,req_soc_mean,mean required SoC (%),200,57.196575775520216,4.319378169661679,0.07551812518661906,50.45707114302173,57.06980162568871,64.46552192542497,14.008450782403237,0.24491764747215458
b6,FEB2024,peak_concurrency,peak concurrent EVs,200,13.715,1.3123973996748723,0.09569065983775955,12.0,14.0,16.0,4.0,0.2916514764855997
b6,JAN2024,bl_peak_kw,building peak (kW),200,250.0,2.0147615629421575e-14,8.05904625176863e-17,250.0,250.0,250.00000000000003,2.842170943040401e-14,1.1368683772161603e-16
b6,JAN2024,bl_mean_kw,building mean (kW),200,74.62274120152735,6.005742629798681,0.0804813992771919,68.52331634696249,70.8054729422375,84.92525892879476,16.401942581832273,0.21979817838019283
b6,JAN2024,bl_energy_mwh,building energy (MWh),200,55.51931945393634,4.468272516570218,0.0804813992771919,50.98134736214009,52.6792718690247,63.18439264302331,12.203045280883217,0.21979817838019294
b6,JAN2024,bl_load_factor,load factor,200,0.29849096480610937,0.024022970519194727,0.0804813992771919,0.27409326538784995,0.28322189176894996,0.33970103571517907,0.06560777032732912,0.21979817838019294
b6,JAN2024,pv_energy_mwh,PV energy (MWh),200,20.99550778749868,2.048783469410281,0.09758199183113755,17.41294250795402,21.19712673640227,24.233364161306437,6.820421653352415,0.32485147405739273
b6,JAN2024,pv_capacity_factor,PV capacity factor,200,0.112879074126337,0.011014964889302587,0.09758199183113754,0.09361797047287107,0.1139630469699047,0.13028690409304536,0.03666893362017429,0.32485147405739284
b6,JAN2024,net_peak_kw,net peak (kW),200,230.52551757097459,7.051335648625679,0.030588091604456337,222.64901675174386,227.51386952065576,241.84957755674284,19.200560804998986,0.08329039234924387
b6,JAN2024,net_min_kw,"net min (kW, <0 export)",200,-118.30680124299585,14.556006010923278,0.12303608801852414,-141.47959055477767,-118.99111572356985,-90.78640838975734,50.69318216502033,0.4284891623508546
b6,JAN2024,wx_mean_temp_c,mean dry-bulb (degC),200,8.580602005376345,5.568714749687461,0.6489888175909189,-0.5485234946236565,8.354871505376344,17.769691505376336,18.31821499999999,2.1348403047387996
b6,JAN2024,wx_mean_ghi,mean GHI (W/m2),200,113.22541029905915,11.338015775745342,0.10013667202263657,92.71046387768818,114.07109711021505,130.27022429435482,37.559760416666634,0.3317255403840982
b6,JAN2024,n_sessions,EV sessions,200,299.29,28.226398065263187,0.09431119671643952,254.8,299.5,347.04999999999995,92.24999999999994,0.308229476427545
b6,JAN2024,ev_energy_mwh,EV energy (MWh),200,3.8732280665588656,0.4241106985005907,0.10949799268530758,3.2122759629642736,3.897216282027564,4.56768155527035,1.3554055923060764,0.34994210746548526
b6,JAN2024,arr_hour_mean,mean arrival hour,200,8.549639443723255,0.20111683228492827,0.023523428515173098,8.209222618154538,8.538706448590169,8.879325419106442,0.6701028009519039,0.07837790182413622
b6,JAN2024,dwell_h_mean,mean dwell (h),200,7.037017182622346,0.1788255807164493,0.02541212790527959,6.768886447871832,7.039202898550725,7.323222708254089,0.5543362603822564,0.0787743224147824
b6,JAN2024,req_soc_mean,mean required SoC (%),200,57.11205667836705,4.2287278111232816,0.07404264628286522,49.646603155228604,57.26830262377931,63.76347662839424,14.116873473165633,0.24717851701027665
b6,JAN2024,peak_concurrency,peak concurrent EVs,200,13.925,1.322163219080552,0.09494888467364825,12.0,14.0,16.0,4.0,0.2872531418312388
b6,JUL2024,bl_peak_kw,building peak (kW),200,250.0,1.7793892326574075e-14,7.11755693062963e-17,250.0,250.0,250.00000000000003,2.842170943040401e-14,1.1368683772161603e-16
b6,JUL2024,bl_mean_kw,building mean (kW),200,88.98988674642246,6.6476139531431615,0.07470078001206588,78.80048323586331,87.44721953974286,101.43254877522935,22.63206553936604,0.2543217703361768
b6,JUL2024,bl_energy_mwh,building energy (MWh),200,66.2084757393383,4.945824781138513,0.07470078001206591,58.6275595274823,65.06073133756868,75.46581628877064,16.838256761288342,0.25432177033617703
b6,JUL2024,bl_load_factor,load factor,200,0.35595954698568977,0.026590455812572644,0.07470078001206588,0.3152019329434532,0.3497888781589714,0.4057301951009174,0.09052826215746418,0.2543217703361769
b6,JUL2024,pv_energy_mwh,PV energy (MWh),200,47.365038057536765,4.343083366829219,0.09169386418635303,39.74536346212569,47.92055147469483,54.06141017046177,14.316046708336081,0.3022492390050577
b6,JUL2024,pv_capacity_factor,PV capacity factor,200,0.25465074224482126,0.023349910574350635,0.09169386418635304,0.21368474979637464,0.25763737351986465,0.290652742851945,0.07696799305557034,0.30224923900505773
b6,JUL2024,net_peak_kw,net peak (kW),200,158.58340888472495,14.539860539812711,0.09168588720640888,135.5066529061254,157.5959639042899,182.1254568758584,46.618803969732994,0.29397024756619045
b6,JUL2024,net_min_kw,"net min (kW, <0 export)",200,-165.42265616538702,14.956193454075054,0.09041200160105084,-184.976517701748,-167.3768145390103,-136.0580443051666,48.91847339658142,0.2957180989022053
b6,JUL2024,wx_mean_temp_c,mean dry-bulb (degC),200,20.364204155913978,5.568714749687461,0.2734560460625832,11.23507865591398,20.138473655913977,29.553293655913972,18.31821499999999,0.8995301196035295
b6,JUL2024,wx_mean_ghi,mean GHI (W/m2),200,326.6276149791667,32.70740235470483,0.10013667202263657,267.4470122916667,329.06721458333334,375.79773437499995,108.35072208333327,0.3317255403840983
b6,JUL2024,n_sessions,EV sessions,200,297.905,28.340109102111764,0.09513136436821056,254.8,298.0,343.04999999999995,88.24999999999994,0.29623537704973046
b6,JUL2024,ev_energy_mwh,EV energy (MWh),200,3.856605969142907,0.42763777929134716,0.11088448825545574,3.1972757315818265,3.8262555306515615,4.615476100092823,1.4182003685109965,0.36773276291593193
b6,JUL2024,arr_hour_mean,mean arrival hour,200,8.567048697886774,0.19244466013993572,0.022463355459553518,8.269279022536688,8.563942062025864,8.922095567476003,0.6528165449393146,0.07620086776212026
b6,JUL2024,dwell_h_mean,mean dwell (h),200,7.01511142885495,0.1834780936708912,0.02615469412448658,6.722981469900485,7.026048421962819,7.291920731707317,0.5689392618068325,0.08110195648021208
b6,JUL2024,req_soc_mean,mean required SoC (%),200,56.85654209272512,4.406778171622994,0.07750696770190757,49.699462121789324,56.98953851981142,63.75026090952691,14.050798787737584,0.24712721299200158
b6,JUL2024,peak_concurrency,peak concurrent EVs,200,13.915,1.344175972566885,0.0965990637849001,12.0,14.0,16.0,4.0,0.2874595759971254
b6,JUN2024,bl_peak_kw,building peak (kW),200,250.0,2.1417209191968297e-14,8.566883676787319e-17,250.0,250.0,250.00000000000003,2.842170943040401e-14,1.1368683772161603e-16
b6,JUN2024,bl_mean_kw,building mean (kW),200,81.06961459845674,4.215687664968378,0.05200083515690759,77.09188959662622,79.91425289395916,89.34115778770993,12.249268191083715,0.15109567563328338
b6,JUN2024,bl_energy_mwh,building energy (MWh),200,58.37012251088885,3.0352951187772326,0.0520008351569076,55.506160509570876,57.538262083650594,64.32563360715115,8.819473097580271,0.15109567563328333
b6,JUN2024,bl_load_factor,load factor,200,0.32427845839382696,0.01686275065987351,0.05200083515690758,0.30836755838650487,0.3196570115758366,0.3573646311508397,0.04899707276433485,0.15109567563328336
b6,JUN2024,pv_energy_mwh,PV energy (MWh),200,46.6037568808976,4.228574593467985,0.09073462906165906,39.126620703756025,47.18327925068098,53.02473117551679,13.898110471760766,0.29821867166802296
b6,JUN2024,pv_capacity_factor,PV capacity factor,200,0.25890976044943104,0.02349208107482214,0.09073462906165909,0.2173701150208668,0.26212932917044995,0.2945818398639822,0.07721172484311536,0.298218671668023
b6,JUN2024,net_peak_kw,net peak (kW),200,151.9793929413164,13.211867591373647,0.08693196712843251,134.77965477495098,150.47333141603647,178.88387127240028,44.1042164974493,0.29019866209413797
b6,JUN2024,net_min_kw,"net min (kW, <0 export)",200,-168.8525584553957,14.185207620463636,0.08400943255006005,-185.42397309301032,-172.88968352916487,-139.70322899604423,45.72074409696609,0.27077317936549794
b6,JUN2024,wx_mean_temp_c,mean dry-bulb (degC),200,18.236802722222222,5.5687147496874605,0.30535586936529036,9.107677222222224,18.011072222222225,27.42589222222222,18.318214999999995,1.0044641749443595
b6,JUN2024,wx_mean_ghi,mean GHI (W/m2),200,332.6187710111111,33.307336781312095,0.10013667202263658,272.35265011111113,335.10311888888884,382.6907916666667,110.33814155555558,0.33172554038409857
b6,JUN2024,n_sessions,EV sessions,200,259.135,25.614199402973274,0.09884500126564638,221.85,261.0,302.04999999999995,80.19999999999996,0.3094911918498079
b6,JUN2024,ev_energy_mwh,EV energy (MWh),200,3.3285080430131018,0.37550931607923804,0.11281610596299224,2.7651786949324624,3.3165556388617645,3.9121380204019776,1.1469593254695152,0.34458661678078467
b6,JUN2024,arr_hour_mean,mean arrival hour,200,8.543233170158599,0.19860454758866203,0.023247000711906718,8.267568469636863,8.525161433066737,8.884821428571428,0.6172529589345643,0.07225051062525377
b6,JUN2024,dwell_h_mean,mean dwell (h),200,7.053144562475703,0.18155338085048425,0.02574077126057909,6.74579874053993,7.0417335756141535,7.367413213322058,0.6216144727821282,0.08813295506365422
b6,JUN2024,req_soc_mean,mean required SoC (%),200,57.4933260773798,3.743012447833055,0.0651034250965993,51.45395565814276,57.557514931150486,63.35662644625674,11.90267078811398,0.2070269994832839
b6,JUN2024,peak_concurrency,peak concurrent EVs,200,13.805,1.2668859459319928,0.09177007938659854,12.0,14.0,16.0,4.0,0.2897500905469033
b6,MAR2024,bl_peak_kw,building peak (kW),200,250.0,2.0938016352916188e-14,8.375206541166475e-17,250.0,250.0,250.00000000000003,2.842170943040401e-14,1.1368683772161603e-16
b6,MAR2024,bl_mean_kw,building mean (kW),200,82.72162457126711,5.648129905207021,0.06827875944748873,75.6232313534042,81.04653577759501,94.77138527502247,19.148153921618274,0.23147700520704323
b6,MAR2024,bl_energy_mwh,building energy (MWh),200,61.544888681022734,4.202208649474024,0.06827875944748873,56.263684126932716,60.298622618530686,70.50991064461672,14.246226517684008,0.23147700520704342
b6,MAR2024,bl_load_factor,load factor,200,0.3308864982850684,0.022592519620828085,0.06827875944748876,0.3024929254136168,0.32418614311038,0.37908554110008985,0.07659261568647308,0.23147700520704323
b6,MAR2024,pv_energy_mwh,PV energy (MWh),200,34.59408983656809,3.2788879244073774,0.0947817369931609,28.862730722304377,34.96360401555755,39.77299527596038,10.910264553656006,0.315379436348783
b6,MAR2024,pv_capacity_factor,PV capacity factor,200,0.1859897303041295,0.01762842970111493,0.0947817369931609,0.15517597162529234,0.1879763656750406,0.2138333079352709,0.05865733630997855,0.3153794363487831
b6,MAR2024,net_peak_kw,net peak (kW),200,193.63970233431687,17.636748434605213,0.0910802290129302,174.11316756366242,187.69294306962487,230.1099106735877,55.99674310992529,0.28918007224183556
b6,MAR2024,net_min_kw,"net min (kW, <0 export)",200,-157.27175690444662,15.878425240627692,0.1009617082759171,-180.99907147123957,-158.60582280062334,-127.39849719461856,53.60057427662102,0.3408150028436895
b6,MAR2024,wx_mean_temp_c,mean dry-bulb (degC),200,12.230198779569891,5.568714749687461,0.45532495833099623,3.101073279569892,12.004468279569892,21.419288279569884,18.31821499999999,1.497785549536604
b6,MAR2024,wx_mean_ghi,mean GHI (W/m2),200,211.37468769758064,21.166357775859872,0.1001366720226366,173.07639068548386,212.9534568548387,243.19477318548385,70.1183825,0.3317255403840985
b6,MAR2024,n_sessions,EV sessions,200,272.415,26.672266947535654,0.09791041957137328,228.95,273.0,315.19999999999993,86.24999999999994,0.3166125213369306
b6,MAR2024,ev_energy_mwh,EV energy (MWh),200,3.5085141326528015,0.38900491432516604,0.11087454677887755,2.8293540206625463,3.5323825467519177,4.138075820094302,1.3087217994317561,0.373013118930271
b6,MAR2024,arr_hour_mean,mean arrival hour,200,8.52703542436936,0.19390251066036612,0.022739733214454976,8.211746894942703,8.525043425395172,8.828842994765564,0.6170960998228612,0.07236936040622818
b6,MAR2024,dwell_h_mean,mean dwell (h),200,7.0647603439512245,0.1834848011668895,0.025971836585226463,6.773477233676976,7.066887169627052,7.371099568174208,0.597622334497232,0.08459201804473242
b6,MAR2024,req_soc_mean,mean required SoC (%),200,57.15483324165232,3.7594024601234293,0.06577575765514991,51.08130889444873,57.09933919954048,63.487921546732736,12.406612652284004,0.21707022746140262
b6,MAR2024,peak_concurrency,peak concurrent EVs,200,13.98,1.27976128427282,0.09154229501236195,12.0,14.0,16.0,4.0,0.28612303290414876
b6,MAY2024,bl_peak_kw,building peak (kW),200,250.0,1.9219600363985993e-14,7.687840145594397e-17,250.0,250.0,250.00000000000003,2.842170943040401e-14,1.1368683772161603e-16
b6,MAY2024,bl_mean_kw,building mean (kW),200,79.25666101557329,4.209179253155961,0.05310820818364896,74.07950715102666,78.3353264354131,88.49059359597781,14.411086444951152,0.18182807930956732
b6,MAY2024,bl_energy_mwh,building energy (MWh),200,58.96695579558653,3.1316293643480346,0.053108208183648954,55.115153320363845,58.28148286794735,65.83700163540749,10.721848315043644,0.1818280793095671
b6,MAY2024,bl_load_factor,load factor,200,0.31702664406229314,0.01683671701262384,0.053108208183648954,0.29631802860410666,0.31334130574165237,0.3539623743839112,0.05764434577980454,0.1818280793095671
b6,MAY2024,pv_energy_mwh,PV energy (MWh),200,46.664610775928374,4.225401877134133,0.09054831502663638,39.15759254972695,47.26128342815534,53.05836739080581,13.900774841078864,0.29788686994148217
b6,MAY2024,pv_capacity_factor,PV capacity factor,200,0.250885004171658,0.02271721439319426,0.09054831502663635,0.21052469112756428,0.2540929216567491,0.2852600397355151,0.07473534860795084,0.29788686994148195
b6,MAY2024,net_peak_kw,net peak (kW),200,144.97141188682318,12.693394474312646,0.08755791441296144,125.59804220124991,143.9023830135271,164.96052171429744,39.36247951304753,0.2715189084574632
b6,MAY2024,net_min_kw,"net min (kW, <0 export)",200,-168.98827923624668,13.883368927397825,0.0821558098002098,-184.8590773543539,-172.5647104650444,-141.4740073515763,43.38507000277761,0.2567341959978479
b6,MAY2024,wx_mean_temp_c,mean dry-bulb (degC),200,15.808155768817205,5.568714749687461,0.35226846389457883,6.679030268817204,15.582425268817204,24.997245268817196,18.31821499999999,1.158782546673412
b6,MAY2024,wx_mean_ghi,mean GHI (W/m2),200,315.050627281586,31.5481213346221,0.10013667202263658,257.96762160618283,317.4037577284946,362.47796118951607,104.51033958333323,0.33172554038409824
b6,MAY2024,n_sessions,EV sessions,200,298.6,28.962634045512356,0.09699475567820615,251.95,296.5,349.09999999999997,97.14999999999998,0.3253516409912926
b6,MAY2024,ev_energy_mwh,EV energy (MWh),200,3.859248703881736,0.42962860407584336,0.11132441494213922,3.202893889897816,3.8372388578653784,4.609362900860875,1.4064690109630589,0.3644411435698338
b6,MAY2024,arr_hour_mean,mean arrival hour,200,8.541128721181286,0.17869237676190083,0.02092140074165592,8.241219843584306,8.546113062711424,8.819053049166968,0.577833205582662,0.06765302625046313
b6,MAY2024,dwell_h_mean,mean dwell (h),200,7.051241674158375,0.1736143703915039,0.024621815336123225,6.7561256662539035,7.057712215320912,7.338052147239264,0.5819264809853602,0.08252822805918333
b6,MAY2024,req_soc_mean,mean required SoC (%),200,56.942818829588084,4.049378348154635,0.07111306449849539,50.58597483004403,57.055317221849116,64.4777619504292,13.891787120385167,0.2439602992250684
b6,MAY2024,peak_concurrency,peak concurrent EVs,200,13.95,1.298433536320287,0.09307767285450087,12.0,14.0,16.0,4.0,0.28673835125448033
b6,NOV2024,bl_peak_kw,building peak (kW),200,250.0,1.900722257038919e-14,7.602889028155675e-17,250.0,250.0,250.00000000000003,2.842170943040401e-14,1.1368683772161603e-16
b6,NOV2024,bl_mean_kw,building mean (kW),200,77.89777735070501,5.176811798114937,0.06645647634859102,68.69708199997085,77.33217550866743,88.56051753584958,19.863435535878736,0.2549936110044732
b6,NOV2024,bl_energy_mwh,building energy (MWh),200,56.086399692507605,3.727304494642754,0.06645647634859102,49.461899039979,55.67916636624056,63.7635726258117,14.301673585832695,0.2549936110044733
b6,NOV2024,bl_load_factor,load factor,200,0.31159110940282003,0.02070724719245974,0.066456476348591,0.2747883279998834,0.3093287020346698,0.35424207014339826,0.07945374214351486,0.25499361100447293
b6,NOV2024,pv_energy_mwh,PV energy (MWh),200,21.4760782679372,2.092231260713622,0.09742147679901257,17.831854542410376,21.687621841802855,24.787043726809284,6.9551891843989075,0.3238575077640076
b6,NOV2024,pv_capacity_factor,PV capacity factor,200,0.11931154593298446,0.011623507003964568,0.09742147679901257,0.09906585856894654,0.12048678801001586,0.13770579848227382,0.03863993991332729,0.3238575077640078
b6,NOV2024,net_peak_kw,net peak (kW),200,239.22350769266413,8.921152507890204,0.03729212314431662,220.2531334892597,241.47188698193844,250.0,29.74686651074029,0.12434758940562299
b6,NOV2024,net_min_kw,"net min (kW, <0 export)",200,-123.19470895544447,14.385944752872522,0.11677404715551097,-145.02491408093104,-123.42378138312057,-96.79821091528393,48.22670316564711,0.39146732497325953
b6,NOV2024,wx_mean_temp_c,mean dry-bulb (degC),200,13.064302722222223,5.568714749687461,0.4262542646241,3.935177222222222,12.838572222222222,22.253392222222214,18.31821499999999,1.4021578793364093
b6,NOV2024,wx_mean_ghi,mean GHI (W/m2),200,124.11599622083332,12.428562806328388,0.10013667202263658,101.62781970833333,125.04302541666667,142.80026562499998,41.172445916666646,0.33172554038409835
b6,NOV2024,n_sessions,EV sessions,200,271.635,26.620009381994727,0.09799918781451111,227.85,273.0,315.09999999999997,87.24999999999997,0.3212030850221804
b6,NOV2024,ev_energy_mwh,EV energy (MWh),200,3.508115742424424,0.40099760750752544,0.11430569483730887,2.8387020343428895,3.514057785247233,4.190790420424839,1.3520883860819493,0.3854172682305899
b6,NOV2024,arr_hour_mean,mean arrival hour,200,8.543639567287022,0.20477934199052403,0.023968630743109686,8.239917281229692,8.562803398058254,8.891098355934867,0.6511810747051747,0.0762182287275437
b6,NOV2024,dwell_h_mean,mean dwell (h),200,7.0246409640897705,0.18616284354199802,0.02650140334483563,6.717970840021402,7.020317185697809,7.331363423273257,0.613392583251855,0.08732013299861743
b6,NOV2024,req_soc_mean,mean required SoC (%),200,57.23100028487639,4.177333270833969,0.0729907436536253,50.275821779343254,57.44306578712566,64.01589471013484,13.740072930791591,0.24008095022624448
b6,NOV2024,peak_concurrency,peak concurrent EVs,200,13.825,1.3278520078585072,0.09604716150875278,12.0,14.0,16.0,4.0,0.28933092224231466
b6,OCT2024,bl_peak_kw,building peak (kW),200,250.0,1.953383809234268e-14,7.813535236937071e-17,250.0,250.0,250.00000000000003,2.842170943040401e-14,1.1368683772161603e-16
b6,OCT2024,bl_mean_kw,building mean (kW),200,81.79364868702412,4.809869399249247,0.05880492527792433,75.02244821775834,81.02627614276554,91.57258211757603,16.550133899817695,0.20234008588057079
b6,OCT2024,bl_energy_mwh,building energy (MWh),200,60.85447462314594,3.5785428330414404,0.058804925277924344,55.816701474012206,60.28354945021756,68.13000109547657,12.313299621464367,0.2023400858805708
b6,OCT2024,bl_load_factor,load factor,200,0.32717459474809646,0.01923947759699699,0.058804925277924344,0.3000897928710334,0.3241051045710621,0.3662903284703041,0.06620053559927075,0.20234008588057067
b6,OCT2024,pv_energy_mwh,PV energy (MWh),200,29.848695578305957,2.874598473260595,0.09630566487300216,24.872986700390552,30.156836188807105,34.40378780914089,9.530801108750335,0.31930377271418603
b6,OCT2024,pv_capacity_factor,PV capacity factor,200,0.16047685794788144,0.015454830501401047,0.09630566487300218,0.13372573494833628,0.1621335278968124,0.1849666011244134,0.05124086617607712,0.3193037727141865
b6,OCT2024,net_peak_kw,net peak (kW),200,197.03658633824918,9.925866304303385,0.05037575248722503,176.69049726426763,198.0699297740561,207.91005551765326,31.219558253385628,0.15844548889916094
b6,OCT2024,net_min_kw,"net min (kW, <0 export)",200,-133.0013678473685,15.593594497319122,0.11724386560606076,-157.3788750917139,-134.2894859326093,-105.74864672759597,51.630228364117926,0.38819321334626
b6,OCT2024,wx_mean_temp_c,mean dry-bulb (degC),200,16.900225661290325,5.568714749687461,0.3295053487032724,7.771100161290321,16.674495161290324,26.08931516129032,18.318215,1.0839035742556713
b6,OCT2024,wx_mean_ghi,mean GHI (W/m2),200,178.19054550806453,17.843408213075755,0.10013667202263657,145.9047760483871,179.52146048387095,205.01513104838713,59.11035500000003,0.3317255403840986
b6,OCT2024,n_sessions,EV sessions,200,298.215,28.09368345823054,0.09420613804882566,254.0,297.5,345.0,91.0,0.3051489697030666
b6,OCT2024,ev_energy_mwh,EV energy (MWh),200,3.8360573418827117,0.4140362753748531,0.10793276493923493,3.198954485934709,3.8178436364264847,4.520767557120936,1.3218130711862273,0.34457594174999745
b6,OCT2024,arr_hour_mean,mean arrival hour,200,8.54375322284873,0.1845226497819716,0.021597375880251197,8.255014822134386,8.542529252925291,8.857305470200371,0.6022906480659849,0.07049485540561576
b6,OCT2024,dwell_h_mean,mean dwell (h),200,7.045602830139464,0.18077468683778333,0.02565780263180191,6.75475,7.043682644497942,7.323123219655009,0.5683732196550091,0.08067063008769661
b6,OCT2024,req_soc_mean,mean required SoC (%),200,57.072723823925514,3.6565226921285414,0.06406777961761984,50.966318592253046,57.25299799484271,63.38793356938444,12.42161497713139,0.2176453854813937
b6,OCT2024,peak_concurrency,peak concurrent EVs,200,13.86,1.311104486634979,0.09459628330699704,12.0,14.0,16.0,4.0,0.28860028860028863
b6,SEP2024,bl_peak_kw,building peak (kW),200,250.0,2.451063228509927e-14,9.804252914039708e-17,250.0,250.0,250.00000000000009,8.526512829121202e-14,3.410605131648481e-16
b6,SEP2024,bl_mean_kw,building mean (kW),200,82.67782695442071,6.166393095945408,0.07458339585225028,73.83236671729375,81.35668358105713,93.87983150412556,20.04746478683181,0.24247691945125427
b6,SEP2024,bl_energy_mwh,building energy (MWh),200,59.528035407182905,4.439803029080694,0.0745833958522503,53.1593040364515,58.57681217836114,67.5934786829704,14.434174646518898,0.2424769194512542
b6,SEP2024,bl_load_factor,load factor,200,0.3307113078176828,0.02466557238378163,0.07458339585225028,0.295329466869175,0.32542673432422853,0.37551932601650223,0.08018985914732724,0.24247691945125427
b6,SEP2024,pv_energy_mwh,PV energy (MWh),200,36.747616946212936,3.4823107166928144,0.0947628990960103,30.721546472595854,37.12895860276096,42.28694902870351,11.565402556107657,0.3147252398172051
b6,SEP2024,pv_capacity_factor,PV capacity factor,200,0.2041534274789607,0.01934617064829342,0.09476289909601034,0.17067525818108806,0.2062719922375609,0.2349274946039084,0.06425223642282035,0.31472523981720535
b6,SEP2024,net_peak_kw,net peak (kW),200,200.2402179526277,9.788881770593648,0.04888569274784487,180.8990624726846,202.7893432743239,212.28037234886233,31.38130987617774,0.156718316615106
b6,SEP2024,net_min_kw,"net min (kW, <0 export)",200,-152.36576736507504,15.656497072173302,0.10275600184298386,-176.56750410153361,-154.75234377775058,-123.40125227891082,53.1662518226228,0.3489382998691178
b6,SEP2024,wx_mean_temp_c,mean dry-bulb (degC),200,19.53194161111111,5.5687147496874605,0.2851080993668132,10.402816111111111,19.30621111111111,28.721031111111103,18.31821499999999,0.9378593979402094
b6,SEP2024,wx_mean_ghi,mean GHI (W/m2),200,241.98970180069446,24.232043402071767,0.10013667202263657,198.1443692569445,243.79713618055555,278.4185338541666,80.2741645972221,0.33172554038409796
b6,SEP2024,n_sessions,EV sessions,200,272.375,26.297378874678593,0.09654843093044,232.95,272.5,315.0,82.05000000000001,0.3012391005048188
b6,SEP2024,ev_energy_mwh,EV energy (MWh),200,3.5327938113765684,0.4216650016293845,0.11935737666645223,2.8851175847829444,3.5210298685994976,4.257875991813068,1.372758407030124,0.388575863841661
b6,SEP2024,arr_hour_mean,mean arrival hour,200,8.558261473947411,0.21035812488000377,0.024579539374949503,8.235098953544375,8.53726435846843,8.944236407249466,0.7091374537050914,0.08285998924709284
b6,SEP2024,dwell_h_mean,mean dwell (h),200,7.030380880101655,0.19436197415680612,0.027646009152493566,6.71423476005188,7.036705110886924,7.32346394481431,0.6092291847624294,0.08665663996765141
b6,SEP2024,req_soc_mean,mean required SoC (%),200,57.00994717719639,3.9534535489946485,0.06934673236420756,50.031125815262406,57.24351473133919,63.815208365432206,13.7840825501698,0.24178381550375025
b6,SEP2024,peak_concurrency,peak concurrent EVs,200,13.75,1.3552429365561833,0.09856312265863151,12.0,14.0,16.0,4.0,0.2909090909090909
b7,APR2024,bl_peak_kw,building peak (kW),200,200.0,1.2255316142549635e-14,6.127658071274817e-17,200.0,200.0,200.00000000000003,2.842170943040401e-14,1.4210854715202004e-16
b7,APR2024,bl_mean_kw,building mean (kW),200,69.68535666034215,4.577958635895082,0.0656947005123157,62.477527929212464,68.73246947794453,78.39632361608759,15.918795686875121,0.2284381748157786
b7,APR2024,bl_energy_mwh,building energy (MWh),200,50.17345679544635,3.296130217844459,0.0656947005123157,44.983820109032976,49.48737802412006,56.44535300358306,11.461532894550082,0.2284381748157785
b7,APR2024,bl_load_factor,load factor,200,0.3484267833017107,0.022889793179475412,0.06569470051231573,0.3123876396460623,0.3436623473897226,0.39198161808043785,0.07959397843437555,0.22843817481577847
b7,APR2024,pv_energy_mwh,PV energy (MWh),200,30.781740777803087,2.964687827761614,0.0963131958378218,25.512499155411348,30.802554500990606,35.195375606654686,9.682876451243338,0.3145655900729865
b7,APR2024,pv_capacity_factor,PV capacity factor,200,0.21376208873474367,0.020588109915011213,0.09631319583782182,0.17717013302368995,0.2139066284791014,0.24441233060176865,0.0672421975780787,0.3145655900729863
b7,APR2024,net_peak_kw,net peak (kW),200,133.918519116166,16.698601263749243,0.12469224849525286,115.02396536401179,127.67265358121719,167.16629161841152,52.142326254399734,0.3893585935576953
b7,APR2024,net_min_kw,"net min (kW, <0 export)",200,-114.3310908487319,12.166773537165554,0.10641701611386752,-132.65552446419036,-114.70453879614976,-92.90058856683066,39.7549358973597,0.34771762958125085
b7,APR2024,wx_mean_temp_c,mean dry-bulb (degC),200,13.920206499999999,5.282512138768727,0.3794851849912375,5.2789649999999995,13.957650000000001,22.16826,16.889295,1.2132934234847739
b7,APR2024,wx_mean_ghi,mean GHI (W/m2),200,257.8562294458333,26.832006693330523,0.10405801229233828,211.55461987500001,258.06321333333335,298.0037252083333,86.4491053333333,0.3352608758730542
b7,APR2024,n_sessions,EV sessions,200,263.14,29.16269386678534,0.11082577284633785,211.0,266.0,307.09999999999997,96.09999999999997,0.36520483392870706
b7,APR2024,ev_energy_mwh,EV energy (MWh),200,3.3947260038247897,0.4356410329020018,0.12832877599286988,2.6838043147759567,3.4147160520835778,4.050703047934677,1.3668987331587203,0.4026536255411055
b7,APR2024,arr_hour_mean,mean arrival hour,200,8.60163948092319,0.21368206271824294,0.02484201566365916,8.285104922141638,8.586425842170929,8.990398723558245,0.705293801416607,0.08199527578211285
b7,APR2024,dwell_h_mean,mean dwell (h),200,7.019204999241347,0.20674960865614012,0.029454846906235982,6.645767941519391,7.0219329028635595,7.365090224831655,0.7193222833122643,0.10247916728319097
b7,APR2024,req_soc_mean,mean required SoC (%),200,56.72813354081385,4.23111923042993,0.07458590590479752,49.81331658776142,56.591005514588275,64.01375182067244,14.200435232911019,0.2503243866236903
b7,APR2024,peak_concurrency,peak concurrent EVs,200,13.075,1.5035552507173784,0.11499466544683583,11.0,13.0,16.0,5.0,0.38240917782026773
b7,AUG2024,bl_peak_kw,building peak (kW),200,200.0,9.45006938711038e-15,4.7250346935551906e-17,200.0,200.0,200.00000000000003,2.842170943040401e-14,1.4210854715202004e-16
b7,AUG2024,bl_mean_kw,building mean (kW),200,72.29930599556987,5.757146447366287,0.07962934592648864,62.72748883319501,72.74265693600381,81.72068310125185,18.99319426805684,0.2627023040749609
b7,AUG2024,bl_energy_mwh,building energy (MWh),200,53.79068366070398,4.283316956840517,0.07962934592648863,46.66925169189709,54.12053676038683,60.80018822733138,14.130936535434294,0.262702304074961
b7,AUG2024,bl_load_factor,load factor,200,0.36149652997784926,0.028785732236831434,0.07962934592648865,0.313637444165975,0.363713284680019,0.4086034155062593,0.09496597134028428,0.2627023040749612
b7,AUG2024,pv_energy_mwh,PV energy (MWh),200,35.514725676011246,3.449067900733362,0.09711655757102094,29.441098709062647,35.525650147006864,40.80160141582952,11.360502706766876,0.31988147143257917
b7,AUG2024,pv_capacity_factor,PV capacity factor,200,0.23867423169362398,0.023179219762993027,0.09711655757102096,0.19785684616305543,0.23874764883741173,0.27420431059025224,0.07634746442719681,0.3198814714325794
b7,AUG2024,net_peak_kw,net peak (kW),200,126.61704647828806,16.787375252919716,0.13258384806660586,98.28307826012194,126.41965069029163,154.1035112527445,55.82043299262257,0.4408603307785615
b7,AUG2024,net_min_kw,"net min (kW, <0 export)",200,-130.20428493755404,12.618861638925479,0.09691587066414507,-145.10947071784983,-131.83746665487422,-106.43993414153053,38.6695365763193,0.29699127486368987
b7,AUG2024,wx_mean_temp_c,mean dry-bulb (degC),200,20.24960166129032,5.282512138768726,0.26086992856096114,11.608360161290324,20.287045161290322,28.49765516129032,16.889294999999997,0.8340556660077924
b7,AUG2024,wx_mean_ghi,mean GHI (W/m2),200,298.9353597452957,31.106619338990544,0.10405801229233827,245.25743098790323,299.1753182795699,345.4787615255376,100.22133053763437,0.33526087587305414
b7,AUG2024,n_sessions,EV sessions,200,262.76,29.769675306244036,0.11329606982129714,213.85,263.0,309.09999999999997,95.24999999999997,0.36249809712284964
b7,AUG2024,ev_energy_mwh,EV energy (MWh),200,3.4008904020675352,0.4300655918134618,0.12645676307357862,2.695286511286923,3.4192335809448355,4.102223675053861,1.4069371637669383,0.41369670804787056
b7,AUG2024,arr_hour_mean,mean arrival hour,200,8.626031536792796,0.22357066003078627,0.0259181361761994,8.279878738024891,8.625908095735682,9.002758890498578,0.722880152473687,0.08380216898006584
b7,AUG2024,dwell_h_mean,mean dwell (h),200,7.001627838826125,0.2021769897167511,0.02887571210163715,6.680377777777777,6.99441437007874,7.319200191255028,0.6388224134772509,0.09123912726906008
b7,AUG2024,req_soc_mean,mean required SoC (%),200,56.969157456890336,3.859016035169501,0.06773868892285607,51.22577748662393,56.728943779953696,63.48367041762254,12.257892930998608,0.21516717954402595
b7,AUG2024,peak_concurrency,peak concurrent EVs,200,13.01,1.326157406696763,0.10193369767077348,11.0,13.0,15.0,4.0,0.3074558032282859
b7,DEC2024,bl_peak_kw,building peak (kW),200,200.0,1.1217717629749063e-14,5.608858814874532e-17,200.0,200.0,200.00000000000003,2.842170943040401e-14,1.4210854715202004e-16
b7,DEC2024,bl_mean_kw,building mean (kW),200,75.78262679197434,2.616136843272722,0.034521590950576296,72.6921065336136,75.19214361637798,79.70436081388642,7.012254280272828,0.09253115888317891
b7,DEC2024,bl_energy_mwh,building energy (MWh),200,56.38227433322891,1.9464058113949052,0.034521590950576296,54.08292726100853,55.94295485058522,59.3000444455315,5.217117184522969,0.09253115888317864
b7,DEC2024,bl_load_factor,load factor,200,0.3789131339598717,0.013080684216363611,0.034521590950576296,0.36346053266806805,0.37596071808188986,0.3985218040694321,0.03506127140136406,0.09253115888317869
b7,DEC2024,pv_energy_mwh,PV energy (MWh),200,14.681366656598998,1.5097453844835593,0.1028341175448375,12.065627602019363,14.630985980312985,16.980875190038855,4.915247588019492,0.3347949617354036
b7,DEC2024,pv_capacity_factor,PV capacity factor,200,0.09866509849864918,0.010146138336583059,0.10283411754483748,0.08108620700281831,0.0983265186848991,0.11411878487929338,0.03303257787647507,0.33479496173540346
b7,DEC2024,net_peak_kw,net peak (kW),200,198.229748830492,3.695978710407865,0.018644924549484895,189.19851186612334,200.0,200.00000000000003,10.801488133876688,0.05448974332865213
b7,DEC2024,net_min_kw,"net min (kW, <0 export)",200,-76.96187457642533,11.050750916767667,0.14358734084360117,-94.39232274800376,-76.57298147371354,-57.16956924925,37.22275349875376,0.4836518562420216
b7,DEC2024,wx_mean_temp_c,mean dry-bulb (degC),200,10.061295209677418,5.282512138768727,0.5250330130148415,1.4200537096774195,10.098738709677418,18.309348709677415,16.889294999999997,1.6786402394549653
b7,DEC2024,wx_mean_ghi,mean GHI (W/m2),200,98.48892040994622,10.248561290677312,0.1040580122923383,80.80388891129031,98.56797849462365,113.82337063172042,33.01948172043011,0.33526087587305436
b7,DEC2024,n_sessions,EV sessions,200,263.095,28.797961524033234,0.1094584143523565,215.0,264.0,306.0,91.0,0.3458826659571637
b7,DEC2024,ev_energy_mwh,EV energy (MWh),200,3.3911056920835665,0.42060714592605214,0.12403244962489574,2.739879803295329,3.4115328374244367,4.059464377541883,1.3195845742465542,0.38913106640323375
b7,DEC2024,arr_hour_mean,mean arrival hour,200,8.620629552942905,0.20577607629543132,0.023870191269868873,8.327737608650661,8.614732669927475,8.954671591006976,0.6269339823563147,0.07272484898069798
b7,DEC2024,dwell_h_mean,mean dwell (h),200,6.980888663663714,0.2057410948563973,0.02947204930044252,6.622122622457223,6.9841800029364265,7.304445424836602,0.682322802379379,0.09774153911534839
b7,DEC2024,req_soc_mean,mean required SoC (%),200,57.174302663496164,4.14721810080917,0.0725364002289271,50.79985597550925,56.95980022489496,64.15124789249887,13.35139191698962,0.23352085281337462
b7,DEC2024,peak_concurrency,peak concurrent EVs,200,13.04,1.2353259289571188,0.0947335835089815,11.0,13.0,15.0,4.0,0.3067484662576687
b7,FEB2024,bl_peak_kw,building peak (kW),200,200.0,8.30707473444504e-15,4.15353736722252e-17,200.0,200.0,200.00000000000003,2.842170943040401e-14,1.4210854715202004e-16
b7,FEB2024,bl_mean_kw,building mean (kW),200,66.91122423218485,4.11320499189413,0.061472571143237946,60.360057776238776,65.90744606460451,73.79686601409267,13.436808237853896,0.20081545946951423
b7,FEB2024,bl_energy_mwh,building energy (MWh),200,46.57021206560066,2.8627906743583145,0.061472571143237946,42.01060021226219,45.871582460964746,51.36261874580849,9.3520185335463,0.20081545946951398
b7,FEB2024,bl_load_factor,load factor,200,0.33455612116092426,0.02056602495947065,0.061472571143237946,0.30180028888119387,0.3295372303230225,0.36898433007046333,0.06718404118926946,0.20081545946951418
b7,FEB2024,pv_energy_mwh,PV energy (MWh),200,20.097079160723183,2.036214716014392,0.10131893792775008,16.566108031583184,20.04501053742345,23.215609191788612,6.649501160205428,0.33086903360568487
b7,FEB2024,pv_capacity_factor,PV capacity factor,200,0.14437556868335621,0.014627979281712585,0.10131893792775007,0.11900939677861481,0.14400151248149032,0.16677880166514808,0.047769404886533265,0.330869033605685
b7,FEB2024,net_peak_kw,net peak (kW),200,177.06992185151867,6.948513726270774,0.03924163773053125,161.9050484544936,178.0643716345789,186.80430965800556,24.89926120351197,0.14061824246125298
b7,FEB2024,net_min_kw,"net min (kW, <0 export)",200,-109.33018515702187,14.088264106085667,0.12885978456774644,-132.38500090075496,-109.53709614599461,-84.96083185324662,47.42416904750834,0.43377013383263685
b7,FEB2024,wx_mean_temp_c,mean dry-bulb (degC),200,10.948841557471264,5.282512138768727,0.48247224247793136,2.3076000574712645,10.986285057471264,19.196895057471263,16.889294999999997,1.5425645636889402
b7,FEB2024,wx_mean_ghi,mean GHI (W/m2),200,154.45878443606324,16.072674089507494,0.10405801229233826,126.72359903017242,154.58277011494255,178.5075863864942,51.78398735632179,0.3352608758730539
b7,FEB2024,n_sessions,EV sessions,200,250.745,27.92775991499044,0.11137912985299982,204.0,250.0,296.15,92.14999999999998,0.3675048355899419
b7,FEB2024,ev_energy_mwh,EV energy (MWh),200,3.2341375907773005,0.4102106271376882,0.12683771658555107,2.597514546511215,3.199359047655424,3.9395726382398935,1.3420580917286786,0.41496629443218125
b7,FEB2024,arr_hour_mean,mean arrival hour,200,8.594132791461892,0.20052828804311007,0.023333161461308944,8.26967245980728,8.599990443425076,8.93968016098485,0.6700077011775694,0.07796105988066758
b7,FEB2024,dwell_h_mean,mean dwell (h),200,7.024420221712676,0.1995455255177334,0.028407401496415706,6.675719062875451,7.029870436194488,7.341503314150652,0.665784251275201,0.09478138127574481
b7,FEB2024,req_soc_mean,mean required SoC (%),200,57.33146712369185,4.367004757600939,0.07617116701687027,51.10794891358667,57.203173781155975,65.04839810384091,13.940449190254242,0.24315528434285336
b7,FEB2024,peak_concurrency,peak concurrent EVs,200,13.095,1.4056508355053128,0.1073425609396955,11.0,13.0,15.0,4.0,0.30546009927453227
b7,JAN2024,bl_peak_kw,building peak (kW),200,200.0,9.87027556516124e-15,4.93513778258062e-17,200.0,200.0,200.00000000000003,2.842170943040401e-14,1.4210854715202004e-16
b7,JAN2024,bl_mean_kw,building mean (kW),200,59.9283380266394,4.671794866252411,0.07795635620957318,54.75946114019732,56.87628958134427,67.85907454231875,13.099613402121435,0.2185879641163815
b7,JAN2024,bl_energy_mwh,building energy (MWh),200,44.58668349181971,3.4758153804917944,0.0779563562095732,40.741039088306806,42.31595944852013,50.487151459485155,9.746112371178349,0.21858796411638154
b7,JAN2024,bl_load_factor,load factor,200,0.299641690133197,0.023358974331262057,0.07795635620957318,0.2737973057009866,0.2843814479067214,0.3392953727115937,0.06549806701060712,0.21858796411638132
b7,JAN2024,pv_energy_mwh,PV energy (MWh),200,16.735293800439855,1.7117847409156577,0.10228590912880578,13.768062376902627,16.680633753917533,19.34389806210033,5.575835685197703,0.3331782370651391
b7,JAN2024,pv_capacity_factor,PV capacity factor,200,0.11246837231478399,0.01150392971045469,0.10228590912880577,0.09252730092004453,0.11210103329245653,0.12999931493346997,0.03747201401342544,0.3331782370651392
b7,JAN2024,net_peak_kw,net peak (kW),200,184.43296763068614,5.743993013969043,0.03114406869747376,178.14669010383892,182.1296053645828,193.520473522038,15.373783418199082,0.08335702459109147
b7,JAN2024,net_min_kw,"net min (kW, <0 export)",200,-94.21174221486173,12.160253746921951,0.12907365325214942,-114.42109969477235,-94.32252742227115,-74.40447477665187,40.016624918120485,0.42475198926751123
b7,JAN2024,wx_mean_temp_c,mean dry-bulb (degC),200,8.842478005376343,5.282512138768726,0.5974017843818089,0.20123650537634433,8.879921505376345,17.090531505376344,16.889295,1.910018321756762
b7,JAN2024,wx_mean_ghi,mean GHI (W/m2),200,112.88675021841398,11.746770841869843,0.10405801229233828,92.61639163306452,112.97736559139784,130.46290238575267,37.84651075268815,0.33526087587305403
b7,JAN2024,n_sessions,EV sessions,200,274.58,31.359058543964917,0.11420736595514938,222.0,275.0,324.0,102.0,0.371476436739748
b7,JAN2024,ev_energy_mwh,EV energy (MWh),200,3.5341474444690473,0.4322053276364426,0.12229408490379919,2.8262867218771173,3.534615917640057,4.201690750393197,1.3754040285160793,0.38917562159682706
b7,JAN2024,arr_hour_mean,mean arrival hour,200,8.601416075473622,0.18619906376608003,0.02164748945200018,8.291602242191974,8.622921474141442,8.897243401353,0.605641159161026,0.07041179659800115
b7,JAN2024,dwell_h_mean,mean dwell (h),200,7.01284692955921,0.18256295975131004,0.026032645740748397,6.724664855072463,7.0119149516237425,7.2749999999999995,0.5503351449275362,0.07847528264275509
b7,JAN2024,req_soc_mean,mean required SoC (%),200,57.226010936369036,3.9775626736815113,0.06950620196302444,51.42010189679548,57.096697478051084,64.06663008542569,12.646528188630207,0.22099265669054205
b7,JAN2024,peak_concurrency,peak concurrent EVs,200,13.115,1.4909357622768933,0.1136817203413567,11.0,13.0,15.0,4.0,0.30499428135722456
b7,JUL2024,bl_peak_kw,building peak (kW),200,200.0,1.5606275959707605e-14,7.803137979853802e-17,200.0,200.0,200.00000000000003,2.842170943040401e-14,1.4210854715202004e-16
b7,JUL2024,bl_mean_kw,building mean (kW),200,71.38740759398064,5.202523255878384,0.07287732432403188,63.424189472226836,70.74271714298112,80.81477259710054,17.390583124873707,0.24360855381923233
b7,JUL2024,bl_energy_mwh,building energy (MWh),200,53.1122312499216,3.8706773023735175,0.07287732432403188,47.187596967336766,52.63258155437796,60.126190812242804,12.938593844906038,0.2436085538192323
b7,JUL2024,bl_load_factor,load factor,200,0.3569370379699031,0.026012616279391918,0.0728773243240319,0.31712094736113416,0.35371358571490563,0.40407386298550274,0.08695291562436858,0.2436085538192325
b7,JUL2024,pv_energy_mwh,PV energy (MWh),200,37.749182685083994,3.634449921584752,0.09627890362301404,31.316416400637035,37.78265651820905,43.24879375331665,11.932377352679612,0.31609631001082594
b7,JUL2024,pv_capacity_factor,PV capacity factor,200,0.2536907438513709,0.024425066677316885,0.09627890362301406,0.21045978763868972,0.2539157024073189,0.29065049565400974,0.08019070801532002,0.3160963100108261
b7,JUL2024,net_peak_kw,net peak (kW),200,127.53461361982929,12.558233544276455,0.09846921700575788,109.24977926920369,126.60785849403915,150.4933039900623,41.2435247208586,0.3233908313220937
b7,JUL2024,net_min_kw,"net min (kW, <0 export)",200,-131.70637923287038,12.34493195550185,0.09373070634395579,-148.6355036013663,-133.48036974392085,-109.39482436008868,39.24067924127763,0.297940612063263
b7,JUL2024,wx_mean_temp_c,mean dry-bulb (degC),200,20.62608015591398,5.282512138768727,0.256108387965035,11.984838655913979,20.663523655913977,28.874133655913976,16.889294999999997,0.8188320258785304
b7,JUL2024,wx_mean_ghi,mean GHI (W/m2),200,325.65066347916667,33.886560743323244,0.10405801229233828,267.17563687499995,325.91206666666665,376.35356354166663,109.17792666666668,0.3352608758730543
b7,JUL2024,n_sessions,EV sessions,200,275.11,31.34790833187949,0.11394681520802402,224.0,273.5,328.04999999999995,104.04999999999995,0.378212351423067
b7,JUL2024,ev_energy_mwh,EV energy (MWh),200,3.5581596513026694,0.4733772472827323,0.1330399121100216,2.8405758885541426,3.5096195957536693,4.472474167777536,1.6318982792233934,0.45863548551733563
b7,JUL2024,arr_hour_mean,mean arrival hour,200,8.604592483021031,0.2096251119995925,0.024362003478169848,8.276425094966761,8.607601503759398,8.962177580474423,0.6857524855076615,0.0796961026173894
b7,JUL2024,dwell_h_mean,mean dwell (h),200,7.012309836436235,0.18411271010869174,0.026255643918076027,6.730293936659009,7.014250194513041,7.326722055638847,0.5964281189798379,0.08505444466825669
b7,JUL2024,req_soc_mean,mean required SoC (%),200,56.72366084342456,4.022361414155571,0.07091152711843783,50.653471364444506,56.45872078768302,64.58270687341688,13.929235508972376,0.24556305608380105
b7,JUL2024,peak_concurrency,peak concurrent EVs,200,13.125,1.3925050634589426,0.1060956238825861,11.0,13.0,15.0,4.0,0.3047619047619048
b7,JUN2024,bl_peak_kw,building peak (kW),200,200.0,9.87027556516124e-15,4.93513778258062e-17,200.0,200.0,200.00000000000003,2.842170943040401e-14,1.4210854715202004e-16
b7,JUN2024,bl_mean_kw,building mean (kW),200,64.76900871396336,3.616160352146495,0.05583164578164831,61.04966557536634,63.77129042822868,72.10843164109201,11.05876606572567,0.1707416291418637
b7,JUN2024,bl_energy_mwh,building energy (MWh),200,46.63368627405362,2.603635453545476,0.055831645781648294,43.955759214263765,45.91532910832465,51.91807078158625,7.962311567322487,0.17074162914186378
b7,JUN2024,bl_load_factor,load factor,200,0.3238450435698168,0.018080801760732478,0.055831645781648315,0.3052483278768317,0.31885645214114344,0.36054215820546004,0.055293830328628335,0.17074162914186364
b7,JUN2024,pv_energy_mwh,PV energy (MWh),200,37.1395949309961,3.5360343316745606,0.09520928642987014,30.836662451178746,37.1984223951013,42.41090442384471,11.574241972665966,0.3116415780562618
b7,JUN2024,pv_capacity_factor,PV capacity factor,200,0.25791385368747294,0.024555793969962228,0.09520928642987013,0.21414348924429685,0.25832237774375905,0.29452016961003274,0.08037668036573589,0.31164157805626186
b7,JUN2024,net_peak_kw,net peak (kW),200,121.48969441214162,12.552537400065551,0.103321828742793,104.69770168366823,119.17311319204256,145.26498189950416,40.567280215835936,0.33391540255435576
b7,JUN2024,net_min_kw,"net min (kW, <0 export)",200,-134.5802615214856,11.734228393781846,0.08719130324998282,-148.90622940155197,-136.51699198101988,-111.94639057875315,36.959838822798815,0.27463045772799466
b7,JUN2024,wx_mean_temp_c,mean dry-bulb (degC),200,18.49867872222222,5.282512138768727,0.28556159161913086,9.857437222222224,18.53612222222222,26.746732222222228,16.889295000000004,0.9130000717138309
b7,JUN2024,wx_mean_ghi,mean GHI (W/m2),200,331.62389981111113,34.50812384297775,0.10405801229233826,272.076297,331.8900977777778,383.25681611111105,111.18051911111104,0.33526087587305403
b7,JUN2024,n_sessions,EV sessions,200,239.91,26.631335681880564,0.11100552574665735,198.95,239.0,282.04999999999995,83.09999999999997,0.34637989245967227
b7,JUN2024,ev_energy_mwh,EV energy (MWh),200,3.1192423734122507,0.40857897519742925,0.13098660709410345,2.52164152815176,3.127658164833397,3.7806097184622107,1.2589681903104508,0.40361345467784876
b7,JUN2024,arr_hour_mean,mean arrival hour,200,8.594651258436736,0.2253768109919584,0.026222915184687987,8.26860730141113,8.581653913175241,8.984759896116241,0.7161525947051111,0.08332538146933151
b7,JUN2024,dwell_h_mean,mean dwell (h),200,7.034856722330887,0.21311430007113377,0.030294049826862963,6.692334457388106,7.023000366905155,7.380924339224585,0.6885898818364788,0.09788257373468234
b7,JUN2024,req_soc_mean,mean required SoC (%),200,57.28560017477425,4.13061944334464,0.0721057199495583,50.72314514051739,57.381645246271866,64.1321396569803,13.408994516462911,0.23407268974319956
b7,JUN2024,peak_concurrency,peak concurrent EVs,200,12.985,1.387226363981244,0.10683298913987248,11.0,13.0,15.0,4.0,0.30804774740084717
b7,MAR2024,bl_peak_kw,building peak (kW),200,200.0,1.027330852467876e-14,5.13665426233938e-17,200.0,200.0,200.00000000000003,2.842170943040401e-14,1.4210854715202004e-16
b7,MAR2024,bl_mean_kw,building mean (kW),200,65.65971252618034,4.535375579651338,0.06907394816635784,59.630690501971884,64.24849093209443,74.7163352142664,15.08564471229451,0.22975496132852313
b7,MAR2024,bl_energy_mwh,building energy (MWh),200,48.85082611947817,3.374319431260595,0.06907394816635784,44.36523373346708,47.80087725347825,55.588953399414194,11.223719665947115,0.22975496132852313
b7,MAR2024,bl_load_factor,load factor,200,0.3282985626309016,0.02267687789825669,0.06907394816635787,0.2981534525098594,0.32124245466047213,0.3735816760713319,0.0754282235614725,0.22975496132852302
b7,MAR2024,pv_energy_mwh,PV energy (MWh),200,27.575065657059305,2.7445131925820507,0.09952879992071556,22.784531926037573,27.53151914272791,31.777337817946325,8.992805891908752,0.3261209240169684
b7,MAR2024,pv_capacity_factor,PV capacity factor,200,0.18531630145873187,0.018444309089933136,0.09952879992071557,0.15312185434165035,0.18502365015274133,0.2135573778087791,0.06043552346712874,0.32612092401696857
b7,MAR2024,net_peak_kw,net peak (kW),200,153.709998832203,13.59263111931844,0.08843036381879613,137.91390782093802,148.44924834693734,181.6147730993517,43.70086527841369,0.2843072383737351
b7,MAR2024,net_min_kw,"net min (kW, <0 export)",200,-125.07323403885879,13.466797581825675,0.10767129902183308,-144.1255766077775,-125.47966887781233,-102.61341963186493,41.512156975912575,0.3319028031450377
b7,MAR2024,wx_mean_temp_c,mean dry-bulb (degC),200,12.492074779569894,5.282512138768727,0.4228690775537133,3.8508332795698927,12.529518279569892,20.74012827956989,16.889294999999997,1.3520007923440802
b7,MAR2024,wx_mean_ghi,mean GHI (W/m2),200,210.74246063306447,21.929441559073044,0.10405801229233831,172.90077205645164,210.91162580645164,243.55447399193545,70.65370193548381,0.3352608758730541
b7,MAR2024,n_sessions,EV sessions,200,250.33,27.990865344136253,0.11181586443549016,202.95,250.0,292.15,89.19999999999999,0.35632964486877317
b7,MAR2024,ev_energy_mwh,EV energy (MWh),200,3.235673699240467,0.4222364269505097,0.1304941308048535,2.550100707638877,3.2440494985584696,3.9051967097289326,1.3550960020900558,0.4187987195396579
b7,MAR2024,arr_hour_mean,mean arrival hour,200,8.56230462630817,0.20793776287621826,0.02428525635928878,8.210615553306344,8.56738257848071,8.935797191758057,0.7251816384517138,0.08469467860598556
b7,MAR2024,dwell_h_mean,mean dwell (h),200,7.040587415396369,0.19688005754179033,0.027963583991763623,6.703272612745597,7.0397293320558445,7.349062223695844,0.6457896109502475,0.09172382542087804
b7,MAR2024,req_soc_mean,mean required SoC (%),200,57.27076198805694,4.056747133376216,0.07083452345582895,51.33344797070878,57.296166404246485,63.580095780647675,12.246647809938892,0.21383769631863409
b7,MAR2024,peak_concurrency,peak concurrent EVs,200,13.115,1.4289803793695404,0.10895771096984677,11.0,13.0,16.0,5.0,0.38124285169653066
b7,MAY2024,bl_peak_kw,building peak (kW),200,200.0,1.4103330940595103e-14,7.051665470297551e-17,200.0,200.0,200.00000000000003,2.842170943040401e-14,1.4210854715202004e-16
b7,MAY2024,bl_mean_kw,building mean (kW),200,63.13987735586037,3.557309380145683,0.05634013762960705,58.013167433788524,62.58451614903697,69.89418741716747,11.881019983378948,0.18816982992248724
b7,MAY2024,bl_energy_mwh,building energy (MWh),200,46.97606875276011,2.6466381788283884,0.05634013762960706,43.161796570738666,46.562880014883504,52.001275438372595,8.839478867633929,0.18816982992248704
b7,MAY2024,bl_load_factor,load factor,200,0.3156993867793018,0.017786546900728416,0.05634013762960706,0.2900658371689426,0.31292258074518486,0.3494709370858374,0.0594050999168948,0.18816982992248743
b7,MAY2024,pv_energy_mwh,PV energy (MWh),200,37.18774301098232,3.5325943726906948,0.09499351363290442,30.875163475794345,37.25099825611585,42.41635854853757,11.541195072743228,0.3103494360852949
b7,MAY2024,pv_capacity_factor,PV capacity factor,200,0.24991762776197796,0.023740553579910582,0.09499351363290441,0.20749437819754263,0.2503427302158323,0.2850561730412471,0.07756179484370446,0.31034943608529475
b7,MAY2024,net_peak_kw,net peak (kW),200,115.73274129746449,11.193874255671572,0.09672175851171004,97.47067016526006,115.74574738807749,135.37384954588018,37.90317938062012,0.32750610549523473
b7,MAY2024,net_min_kw,"net min (kW, <0 export)",200,-134.7690103913899,11.716576105829049,0.0869382068756186,-148.5210209713158,-135.8830604832849,-111.92649624446985,36.59452472684596,0.271535159459655
b7,MAY2024,wx_mean_temp_c,mean dry-bulb (degC),200,16.070031768817206,5.282512138768727,0.32871821380086375,7.428790268817205,16.107475268817204,24.318085268817196,16.88929499999999,1.0509808096815656
b7,MAY2024,wx_mean_ghi,mean GHI (W/m2),200,314.10830284610216,32.68548563868521,0.10405801229233826,257.7058648185484,314.360440860215,363.01408954973107,105.30822473118269,0.3352608758730539
b7,MAY2024,n_sessions,EV sessions,200,275.275,30.165362928415345,0.10958264618441685,223.75,275.5,320.0,96.25,0.3496503496503497
b7,MAY2024,ev_energy_mwh,EV energy (MWh),200,3.54988452919735,0.43827018521865896,0.12346040599741831,2.81758287844387,3.5342343378257115,4.299545920172818,1.4819630417289482,0.41746795692648314
b7,MAY2024,arr_hour_mean,mean arrival hour,200,8.590508363946277,0.20130546411677044,0.023433475131883284,8.279589390976106,8.580311506133576,8.933368708184064,0.6537793172079578,0.07610484612899288
b7,MAY2024,dwell_h_mean,mean dwell (h),200,7.015169557761369,0.17873486452791096,0.025478338485798134,6.705709314398338,7.0226277450226435,7.295532197037728,0.5898228826393899,0.08407820763032418
b7,MAY2024,req_soc_mean,mean required SoC (%),200,57.1101359016975,4.056244523399156,0.07102494958830227,50.40211310125981,56.69271342432404,63.90167528783873,13.49956218657892,0.23637769326648844
b7,MAY2024,peak_concurrency,peak concurrent EVs,200,13.235,1.4422814841066862,0.10897480046140433,11.0,13.0,16.0,5.0,0.37778617302606726
b7,NOV2024,bl_peak_kw,building peak (kW),200,200.0,1.1397212509043255e-14,5.698606254521627e-17,200.0,200.0,200.00000000000003,2.842170943040401e-14,1.4210854715202004e-16
b7,NOV2024,bl_mean_kw,building mean (kW),200,61.87666823147031,4.046666758864144,0.06539891164996534,53.594744122690415,61.84791418965107,69.00340724645345,15.408663123763034,0.24902218500391443
b7,NOV2024,bl_energy_mwh,building energy (MWh),200,44.551201126658626,2.913600066382184,0.06539891164996535,38.5882157683371,44.53049821654877,49.682453217446486,11.094237449109386,0.24902218500391443
b7,NOV2024,bl_load_factor,load factor,200,0.3093833411573516,0.02023333379432072,0.06539891164996532,0.2679737206134521,0.3092395709482554,0.34501703623226726,0.07704331561881517,0.24902218500391438
b7,NOV2024,pv_energy_mwh,PV energy (MWh),200,17.11818564996096,1.7482364368668384,0.10212743760439504,14.088668134397418,17.069195876357483,19.79149222902906,5.702824094631643,0.33314419011717217
b7,NOV2024,pv_capacity_factor,PV capacity factor,200,0.11887628923584,0.012140530811575265,0.10212743760439502,0.09783797315553762,0.11853608247470473,0.13744091825714624,0.039602945101608625,0.33314419011717217
b7,NOV2024,net_peak_kw,net peak (kW),200,191.33200814922074,6.767555586275939,0.035370744559362434,177.60028430399598,193.23192588846842,200.0,22.399715696004023,0.11707249567220544
b7,NOV2024,net_min_kw,"net min (kW, <0 export)",200,-98.3377366978812,12.18995637402975,0.1239601071100551,-116.41223825982904,-98.37017497303887,-77.57978000768136,38.832458252147674,0.39488867200036304
b7,NOV2024,wx_mean_temp_c,mean dry-bulb (degC),200,13.32617872222222,5.282512138768726,0.396401117595685,4.6849372222222225,13.363622222222222,21.57423222222222,16.889294999999997,1.2673771943217347
b7,NOV2024,wx_mean_ghi,mean GHI (W/m2),200,123.74476212083333,12.87663397788215,0.10405801229233827,101.524699125,123.84409333333332,143.01147645833333,41.486777333333336,0.3352608758730543
b7,NOV2024,n_sessions,EV sessions,200,250.44,27.955211845856827,0.11162438845973817,205.9,253.0,291.09999999999997,85.19999999999996,0.34020124580737887
b7,NOV2024,ev_energy_mwh,EV energy (MWh),200,3.222746074352226,0.42308930020209523,0.13128223274219222,2.569170989153216,3.200725080086545,3.872166546040218,1.302995556887002,0.4043122004729786
b7,NOV2024,arr_hour_mean,mean arrival hour,200,8.593621612130466,0.20571966193739824,0.02393864557022284,8.246303001783238,8.610016657056827,8.909125820344546,0.6628228185613079,0.07712962572446634
b7,NOV2024,dwell_h_mean,mean dwell (h),200,6.992039510007931,0.20649953103418386,0.02953351890226227,6.668998109152529,6.985049640895648,7.334544064980868,0.665545955828339,0.09518624070640928
b7,NOV2024,req_soc_mean,mean required SoC (%),200,57.16528736117662,4.143020824223082,0.07247441612681867,50.51212932095367,57.205358309303875,64.46579544258731,13.953666121633638,0.24409334345636768
b7,NOV2024,peak_concurrency,peak concurrent EVs,200,12.945,1.4220005018057056,0.10984940145273894,11.0,13.0,15.0,4.0,0.3089996137504828
b7,OCT2024,bl_peak_kw,building peak (kW),200,200.0,1.3211675090119815e-14,6.605837545059908e-17,200.0,200.0,200.00000000000003,2.842170943040401e-14,1.4210854715202004e-16
b7,OCT2024,bl_mean_kw,building mean (kW),200,65.32192019472484,3.9012045866299165,0.059722748121923144,59.065213706036516,64.85235511462623,72.23570686146675,13.170493155430236,0.20162440289827605
b7,OCT2024,bl_energy_mwh,building energy (MWh),200,48.59950862487529,2.902496212452658,0.05972274812192313,43.94451899729117,48.25015220528192,53.74336590493127,9.798846907640097,0.20162440289827605
b7,OCT2024,bl_load_factor,load factor,200,0.3266096009736243,0.019506022933149587,0.059722748121923144,0.29532606853018256,0.3242617755731312,0.3611785343073338,0.06585246577715126,0.20162440289827624
b7,OCT2024,pv_energy_mwh,PV energy (MWh),200,23.792018945938676,2.402358804494689,0.10097330579441113,19.62475720962777,23.74499867838567,27.490368912118146,7.8656117024903764,0.33059874911679343
b7,OCT2024,pv_capacity_factor,PV capacity factor,200,0.15989260044313627,0.016144884438808394,0.10097330579441112,0.1318868092044877,0.15957660402140908,0.18474710290401983,0.05286029369953213,0.3305987491167936
b7,OCT2024,net_peak_kw,net peak (kW),200,157.25065746488926,8.752764865179335,0.05566122906121167,137.1495753067107,159.16374648208608,166.21052536935835,29.060950062647663,0.18480654091469448
b7,OCT2024,net_min_kw,"net min (kW, <0 export)",200,-106.28036239678134,12.822703309216987,0.12064978910539843,-126.29501177776004,-105.96872425361784,-83.78469270288382,42.51031907487622,0.3999828201203389
b7,OCT2024,wx_mean_temp_c,mean dry-bulb (degC),200,17.162101661290322,5.282512138768726,0.30780100497153,8.520860161290322,17.199545161290324,25.41015516129032,16.889294999999997,0.9841041227540536
b7,OCT2024,wx_mean_ghi,mean GHI (W/m2),200,177.65757305645167,18.486693920935227,0.10405801229233824,145.7567281451613,177.8001806451613,205.31836169354835,59.56163354838705,0.3352608758730539
b7,OCT2024,n_sessions,EV sessions,200,275.485,29.82865262776614,0.10827686671784721,225.95,276.0,323.0,97.05000000000001,0.35228778336388555
b7,OCT2024,ev_energy_mwh,EV energy (MWh),200,3.552021684514417,0.4360405907985005,0.122758425912625,2.9192985245778016,3.5269881196627137,4.2317805071143795,1.3124819825365779,0.3695028068827801
b7,OCT2024,arr_hour_mean,mean arrival hour,200,8.606198974635173,0.18821980386259188,0.02187025938132818,8.28825974137508,8.603357380688124,8.948310016811911,0.6600502754368307,0.07669474960806504
b7,OCT2024,dwell_h_mean,mean dwell (h),200,6.996448349827055,0.1954587920542108,0.027936859143545642,6.685989583333333,7.003391266860369,7.307087011349306,0.6210974280159727,0.08877324564703254
b7,OCT2024,req_soc_mean,mean required SoC (%),200,56.554261066058224,4.014565449917281,0.07098608264420725,50.44324760593334,56.31608175328536,63.220411823619834,12.777164217686497,0.2259275247670927
b7,OCT2024,peak_concurrency,peak concurrent EVs,200,13.08,1.3537960773674433,0.10350122915653237,11.0,13.0,15.0,4.0,0.3058103975535168
b7,SEP2024,bl_peak_kw,building peak (kW),200,200.0,8.782142048194928e-15,4.391071024097464e-17,200.0,200.0,200.00000000000003,2.842170943040401e-14,1.4210854715202004e-16
b7,SEP2024,bl_mean_kw,building mean (kW),200,66.42755813694573,4.850567280324496,0.07302040623448272,59.69993694072458,65.77355595336701,75.16197713149994,15.462040190775362,0.2327654459147682
b7,SEP2024,bl_energy_mwh,building energy (MWh),200,47.827841858600934,3.492408441833637,0.07302040623448272,42.9839545973217,47.356960286424254,54.11662353467995,11.132668937358254,0.23276544591476803
b7,SEP2024,bl_load_factor,load factor,200,0.33213779068472865,0.024252836401622478,0.07302040623448272,0.29849968470362287,0.3288677797668351,0.37580988565749973,0.07731020095387686,0.23276544591476836
b7,SEP2024,pv_energy_mwh,PV energy (MWh),200,29.292484115221722,2.915715969340011,0.0995380234011929,24.222275917503293,29.25952181484449,33.82835567938328,9.606079761879986,0.3279366722226274
b7,SEP2024,pv_capacity_factor,PV capacity factor,200,0.20342002857792862,0.020248027564861187,0.0995380234011929,0.1682102494271062,0.20319112371419787,0.23491913666238393,0.06670888723527774,0.3279366722226277
b7,SEP2024,net_peak_kw,net peak (kW),200,160.98769331433982,7.710316077733996,0.047893822931415385,145.66869447680983,163.135030562216,170.47370829704602,24.805013820236184,0.15408018656309738
b7,SEP2024,net_min_kw,"net min (kW, <0 export)",200,-121.26430000567754,13.418230278321234,0.11065276654129037,-143.00672004035044,-121.90356813182042,-99.49182099974726,43.51489904060318,0.35884344393663953
b7,SEP2024,wx_mean_temp_c,mean dry-bulb (degC),200,19.793817611111113,5.282512138768727,0.2668768724939361,11.152576111111113,19.83126111111111,28.04187111111111,16.889294999999997,0.8532611208117487
b7,SEP2024,wx_mean_ghi,mean GHI (W/m2),200,241.26590445069448,25.105650451052476,0.10405801229233827,197.94331443750002,241.45957111111107,278.8303328819444,80.88701844444438,0.335260875873054
b7,SEP2024,n_sessions,EV sessions,200,250.665,27.200775465593775,0.10851445341628778,208.0,251.0,292.04999999999995,84.04999999999995,0.33530808050585426
b7,SEP2024,ev_energy_mwh,EV energy (MWh),200,3.2229565877282855,0.41247905620129693,0.1279815737425227,2.5639072825649514,3.2644559141466267,3.832374451930431,1.2684671693654797,0.3935725272240059
b7,SEP2024,arr_hour_mean,mean arrival hour,200,8.616182457365538,0.2091787032176446,0.024277422658201524,8.290298487120078,8.599469016766996,8.981095045305572,0.6907965581854949,0.08017431868506544
b7,SEP2024,dwell_h_mean,mean dwell (h),200,7.002498692270512,0.2124877191301713,0.03034455677438672,6.631265259853505,7.015126329787234,7.34598925225828,0.7147239924047755,0.10206699405652171
b7,SEP2024,req_soc_mean,mean required SoC (%),200,57.00332143938379,4.466978706082348,0.07836348116718857,50.32358002800237,56.733321696458745,64.98305846596396,14.659478437961596,0.2571688467934311
b7,SEP2024,peak_concurrency,peak concurrent EVs,200,12.925,1.4560133496544112,0.11265093614347475,11.0,13.0,15.0,4.0,0.3094777562862669
b8,APR2024,bl_peak_kw,building peak (kW),200,150.0,9.45006938711038e-15,6.300046258073587e-17,149.99999999999997,150.0,150.0,2.842170943040401e-14,1.8947806286936006e-16
b8,APR2024,bl_mean_kw,building mean (kW),200,52.28359895100783,3.3749274833219682,0.06455040492687644,47.7751222888404,51.324240228788014,58.1652696867314,10.390147397890999,0.19872670601017828
b8,APR2024,bl_energy_mwh,building energy (MWh),200,37.64419124472564,2.4299477879918165,0.06455040492687643,34.39808804796509,36.95345296472736,41.87899417444661,7.480906126481521,0.19872670601017833
b8,APR2024,bl_load_factor,load factor,200,0.3485573263400522,0.022499516555479788,0.06455040492687644,0.318500815258936,0.34216160152525343,0.38776846457820935,0.06926764931927337,0.19872670601017842
b8,APR2024,pv_energy_mwh,PV energy (MWh),200,23.2878473564072,2.1834249217430295,0.09375812578668,19.771711448464703,23.29017475146708,26.765599886382738,6.993888437918034,0.30032352629595027
b8,APR2024,pv_capacity_factor,PV capacity factor,200,0.21562821626302964,0.02021689742354657,0.09375812578668,0.1830714023005991,0.21564976621728776,0.24782962857761792,0.06475822627701883,0.3003235262959502
b8,APR2024,net_peak_kw,net peak (kW),200,100.48455662662901,13.136187890132982,0.13072842565194553,84.67472652305005,96.59115699154127,128.00156138178687,43.32683485873682,0.4311790419668821
b8,APR2024,net_min_kw,"net min (kW, <0 export)",200,-86.7450697959672,8.461748956330426,0.0975473185534726,-97.85017521512692,-87.9281038474458,-72.95315985437593,24.897015360751,0.2870136068748482
b8,APR2024,wx_mean_temp_c,mean dry-bulb (degC),200,13.311793999999999,4.69718447001935,0.35285886109861303,5.509590000000001,13.35725,21.232399999999995,15.722809999999994,1.181118788346634
b8,APR2024,wx_mean_ghi,mean GHI (W/m2),200,259.9067808916667,27.385553490934072,0.10536682958783138,218.27026970833336,257.29948291666665,305.3083535833333,87.03808387499996,0.3348819279604668
b8,APR2024,n_sessions,EV sessions,200,214.03,22.943651753347687,0.10719829815141657,174.95,217.0,250.04999999999998,75.1,0.35088538989861234
b8,APR2024,ev_energy_mwh,EV energy (MWh),200,2.772124774192967,0.3471719919710685,0.12523678414588635,2.149458389015404,2.809701978559178,3.341247091960902,1.191788702945498,0.42991885287431075
b8,APR2024,arr_hour_mean,mean arrival hour,200,8.531303647430015,0.2294633702903439,0.026896636173472484,8.169270885852578,8.527337300005694,8.9350602827051,0.7657893968525222,0.08976229524818402
b8,APR2024,dwell_h_mean,mean dwell (h),200,7.060491660733178,0.2223159471294179,0.031487318137605746,6.6748092090150335,7.076099588771679,7.395438462873339,0.7206292538583057,0.10206502443251576
b8,APR2024,req_soc_mean,mean required SoC (%),200,56.852923032675626,4.575624226457514,0.08048177617583044,48.85019592140891,57.16786508219109,63.26585707844082,14.415661157031906,0.25356059790886487
b8,APR2024,peak_concurrency,peak concurrent EVs,200,10.895,1.1359696895949256,0.10426523080265494,9.0,11.0,12.049999999999983,3.049999999999983,0.27994492886645095
b8,AUG2024,bl_peak_kw,building peak (kW),200,150.0,1.027330852467876e-14,6.84887234978584e-17,149.99999999999997,150.0,150.0,2.842170943040401e-14,1.8947806286936006e-16
b8,AUG2024,bl_mean_kw,building mean (kW),200,54.105865116954355,3.8911555754541505,0.07191744493952905,47.209530323350755,54.2035135965662,59.603614684045034,12.39408436069428,0.229070995055775
b8,AUG2024,bl_energy_mwh,building energy (MWh),200,40.254763647014045,2.895019748137888,0.07191744493952905,35.12389056057296,40.32741411584525,44.34508932492951,9.22119876435655,0.22907099505577513
b8,AUG2024,bl_load_factor,load factor,200,0.3607057674463624,0.025941037169694335,0.07191744493952903,0.3147302021556717,0.3613567573104413,0.39735743122696693,0.08262722907129522,0.22907099505577502
b8,AUG2024,pv_energy_mwh,PV energy (MWh),200,26.87079201798264,2.540324568985324,0.0945385073609022,22.814419897809042,26.846318353476725,30.985525558068748,8.171105660259705,0.30408875387042505
b8,AUG2024,pv_capacity_factor,PV capacity factor,200,0.2407777062543247,0.02276276495506563,0.09453850736090222,0.20443028582266165,0.2405584081852753,0.27764807847731854,0.07321779265465689,0.3040887538704252
b8,AUG2024,net_peak_kw,net peak (kW),200,94.72418615428164,12.339626431871944,0.13026901505148672,75.79106182112726,93.55280754463695,114.4057416138629,38.61467979273564,0.40765385653292535
b8,AUG2024,net_min_kw,"net min (kW, <0 export)",200,-98.24461798775364,8.895127317957478,0.09054060670342542,-108.37934221296092,-99.24443751295972,-82.92050491477238,25.45883729818854,0.2591372211489695
b8,AUG2024,wx_mean_temp_c,mean dry-bulb (degC),200,19.641189161290324,4.69718447001935,0.23914969869934133,11.838985161290323,19.686645161290322,27.561795161290316,15.722809999999994,0.8005019385988688
b8,AUG2024,wx_mean_ghi,mean GHI (W/m2),200,301.31258497446237,31.748351793673145,0.1053668295878314,253.04295241263443,298.28991780913975,353.94709178763435,100.90413937499991,0.33488192796046673
b8,AUG2024,n_sessions,EV sessions,200,215.2,22.83037736554668,0.1060891141521686,172.95,216.0,251.0,78.05000000000001,0.362685873605948
b8,AUG2024,ev_energy_mwh,EV energy (MWh),200,2.8089067758833117,0.36552173081076783,0.13012953436157484,2.2194996295856604,2.8231968504486087,3.430698906831105,1.2111992772454445,0.43119952845874027
b8,AUG2024,arr_hour_mean,mean arrival hour,200,8.577365491758176,0.23840206590053176,0.027794322875667087,8.14863558272404,8.59716776361854,8.960654623154623,0.8120190404305827,0.09466998243351482
b8,AUG2024,dwell_h_mean,mean dwell (h),200,7.0402329157908845,0.20493464033497497,0.029109071075662424,6.717385500922378,7.022638146167558,7.370531505749508,0.6531460048271294,0.092773351768257
b8,AUG2024,req_soc_mean,mean required SoC (%),200,56.28692417837229,4.997728779321003,0.08879022707802059,48.102792689998104,56.267546562744656,64.65533901844175,16.552546328443647,0.2940744510392665
b8,AUG2024,peak_concurrency,peak concurrent EVs,200,10.88,1.1672240831569178,0.10728162529015788,9.0,11.0,13.0,4.0,0.3676470588235294
b8,DEC2024,bl_peak_kw,building peak (kW),200,150.0,1.2900768596323018e-14,8.600512397548679e-17,149.99999999999997,150.0,150.00000000000003,5.684341886080802e-14,3.789561257387201e-16
b8,DEC2024,bl_mean_kw,building mean (kW),200,57.08545289657196,2.048530523935074,0.0358853336531572,54.5365068836963,56.91510516694733,59.86466333886626,5.32815645516996,0.09333650141698221
b8,DEC2024,bl_energy_mwh,building energy (MWh),200,42.47157695504953,1.5241067098076948,0.03588533365315721,40.575161121470046,42.344838244208816,44.5393095241165,3.964148402646451,0.09333650141698226
b8,DEC2024,bl_load_factor,load factor,200,0.38056968597714635,0.013656870159567161,0.03588533365315721,0.3635767125579753,0.3794340344463155,0.3990977555924417,0.035521043034466404,0.09333650141698223
b8,DEC2024,pv_energy_mwh,PV energy (MWh),200,11.115655490375243,1.1317084600486689,0.10181212084420804,9.354900259098768,11.0786130376371,13.004910483172733,3.6500102240739647,0.3283666201452909
b8,DEC2024,pv_capacity_factor,PV capacity factor,200,0.09960264776321903,0.010140756810471946,0.10181212084420806,0.08382527113887785,0.09927072614370161,0.11653145594240799,0.032706184803530144,0.32836662014529083
b8,DEC2024,net_peak_kw,net peak (kW),200,148.87671813073229,2.559532340693233,0.01719229422054861,142.1836859307116,150.0,150.00000000000003,7.816314069288438,0.05250192352053826
b8,DEC2024,net_min_kw,"net min (kW, <0 export)",200,-58.47022348485624,8.099672152984429,0.13852644423502572,-71.70748973134322,-57.89159770555034,-45.75076002222693,25.95672970911629,0.443930742215122
b8,DEC2024,wx_mean_temp_c,mean dry-bulb (degC),200,9.45288270967742,4.69718447001935,0.4969049774848673,1.6506787096774203,9.49833870967742,17.373488709677417,15.722809999999997,1.6632820360612026
b8,DEC2024,wx_mean_ghi,mean GHI (W/m2),200,99.27213436827958,10.459990064802815,0.1053668295878314,83.36895047043011,98.27626948924731,116.61339422043011,33.24444375,0.334881927960467
b8,DEC2024,n_sessions,EV sessions,200,215.16,23.393818708557273,0.10872754558727121,174.95,216.5,251.04999999999998,76.1,0.3536902770031604
b8,DEC2024,ev_energy_mwh,EV energy (MWh),200,2.794916972455691,0.35830368764066,0.12819832974352885,2.209540250787578,2.8025235576499545,3.385942480209632,1.1764022294220542,0.4209077554058555
b8,DEC2024,arr_hour_mean,mean arrival hour,200,8.550738375580519,0.22067938875734622,0.025808226034323506,8.209175101214575,8.517347756410256,8.927207708528584,0.7180326073140098,0.0839731700088721
b8,DEC2024,dwell_h_mean,mean dwell (h),200,7.050255138844154,0.22881586626537798,0.032454976700728444,6.600469099329287,7.069376289026385,7.380042760074976,0.7795736607456885,0.11057382256289448
b8,DEC2024,req_soc_mean,mean required SoC (%),200,56.584880959840454,4.814698319121298,0.08508807012492253,49.37603796930465,56.21204228441873,64.91919606730669,15.543158098002039,0.2746874754235741
b8,DEC2024,peak_concurrency,peak concurrent EVs,200,10.935,1.056577864579605,0.09662349013073661,9.0,11.0,13.0,4.0,0.36579789666209417
b8,FEB2024,bl_peak_kw,building peak (kW),200,150.0,8.059046251768631e-15,5.372697501179088e-17,149.99999999999997,150.0,150.0,2.842170943040401e-14,1.8947806286936006e-16
b8,FEB2024,bl_mean_kw,building mean (kW),200,50.47101915374534,3.2351170823028763,0.06409850913547098,46.06318772591674,49.78376030386244,55.802217126251215,9.739029400334474,0.19296280446937958
b8,FEB2024,bl_energy_mwh,building energy (MWh),200,35.12782933100675,2.251641489282802,0.064098509135471,32.05997865723805,34.649497171488264,38.83834311987084,6.778364462632794,0.19296280446937963
b8,FEB2024,bl_load_factor,load factor,200,0.33647346102496895,0.02156744721535251,0.06409850913547098,0.30708791817277825,0.33189173535908295,0.3720147808416747,0.06492686266889647,0.1929628044693795
b8,FEB2024,pv_energy_mwh,PV energy (MWh),200,15.214423631668039,1.5235519460116351,0.10013865677043725,12.840602872959998,15.171518242348377,17.74939015513356,4.908787282173563,0.3226403708094584
b8,FEB2024,pv_capacity_factor,PV capacity factor,200,0.14573202712325709,0.01459340944455589,0.10013865677043723,0.12299428039233715,0.14532105596119133,0.17001331566219888,0.04701903526986173,0.3226403708094585
b8,FEB2024,net_peak_kw,net peak (kW),200,132.52891181114478,5.0905813401748015,0.03841110042032895,122.21768363805089,133.44116648183726,139.94584059215416,17.72815695410327,0.13376822243410627
b8,FEB2024,net_min_kw,"net min (kW, <0 export)",200,-82.87679128175944,10.158425242762073,0.12257261756462169,-99.93722236025256,-82.78908618968055,-67.34211217070592,32.595110189546645,0.39329599620636596
b8,FEB2024,wx_mean_temp_c,mean dry-bulb (degC),200,10.340429057471265,4.697184470019349,0.45425431033013997,2.5382250574712653,10.385885057471263,18.26103505747126,15.722809999999996,1.520518144132501
b8,FEB2024,wx_mean_ghi,mean GHI (W/m2),200,155.68708783764367,16.404254853214738,0.10536682958783139,130.74634888649425,154.1252869971264,182.88314102011492,52.13679213362067,0.3348819279604669
b8,FEB2024,n_sessions,EV sessions,200,205.975,22.04892629480558,0.10704661388423634,168.95,206.0,241.0,72.05000000000001,0.34979973297730316
b8,FEB2024,ev_energy_mwh,EV energy (MWh),200,2.6584890493050715,0.33556958466171977,0.1262256787363625,2.0330279501961206,2.666117754749928,3.18878881684588,1.1557608666497594,0.43474351227885444
b8,FEB2024,arr_hour_mean,mean arrival hour,200,8.536612304434136,0.22684512637317494,0.02657320237623369,8.187521410219812,8.520250464031871,8.94273145053476,0.7552100403149478,0.08846718269291347
b8,FEB2024,dwell_h_mean,mean dwell (h),200,7.056958073117399,0.20097322592846148,0.028478733166071073,6.761340351979887,7.057559152604549,7.382122820283036,0.6207824683031493,0.08796743042415721
b8,FEB2024,req_soc_mean,mean required SoC (%),200,56.62079116579573,4.839436043945648,0.08547100710364361,48.31223022970966,56.69971904615771,65.09680506823838,16.78457483852872,0.2964383664188037
b8,FEB2024,peak_concurrency,peak concurrent EVs,200,10.905,1.1054797271482089,0.10137365677654368,9.0,11.0,13.0,4.0,0.3668042182485099
b8,JAN2024,bl_peak_kw,building peak (kW),200,150.0,1.1747977753099053e-14,7.831985168732702e-17,149.99999999999997,150.0,150.00000000000003,5.684341886080802e-14,3.789561257387201e-16
b8,JAN2024,bl_mean_kw,building mean (kW),200,44.45176481334335,3.337553288695965,0.0750825822711568,41.10396078683277,42.502649510683554,50.818783144979385,9.714822358146613,0.2185475064699896
b8,JAN2024,bl_energy_mwh,building energy (MWh),200,33.07211302112746,2.4831396467897986,0.0750825822711568,30.581346825403585,31.621971235948564,37.80917465986466,7.227827834461074,0.2185475064699894
b8,JAN2024,bl_load_factor,load factor,200,0.29634509875562237,0.022250355257973104,0.0750825822711568,0.27402640524555183,0.2833509967378903,0.3387918876331959,0.06476548238764407,0.21854750646998955
b8,JAN2024,pv_energy_mwh,PV energy (MWh),200,12.670155863267574,1.282727487947141,0.10124007169208822,10.673400352207416,12.629037552096554,14.809510199384931,4.136109847177515,0.32644506443434007
b8,JAN2024,pv_capacity_factor,PV capacity factor,200,0.1135318625740822,0.011493973906336389,0.10124007169208822,0.09563978810221699,0.11316341892559637,0.1327017042955639,0.03706191619334692,0.32644506443434024
b8,JAN2024,net_peak_kw,net peak (kW),200,137.63406727115674,4.0151238338789845,0.029172456452723122,133.36892702263827,136.232313226504,145.31200006685904,11.943073044220768,0.08677410528522261
b8,JAN2024,net_min_kw,"net min (kW, <0 export)",200,-71.69524426419282,8.96126853876428,0.12499111525085993,-86.5701393232111,-71.51341800072063,-57.31703056135853,29.253108761852566,0.40802021196910293
b8,JAN2024,wx_mean_temp_c,mean dry-bulb (degC),200,8.234065505376345,4.697184470019349,0.570457505706309,0.43186150537634516,8.279521505376344,16.154671505376342,15.722809999999997,1.9094832303354834
b8,JAN2024,wx_mean_ghi,mean GHI (W/m2),200,113.78446011424731,11.989107818601294,0.10536682958783139,95.55643262768818,112.6430124327957,133.66079200268817,38.10435937499999,0.3348819279604669
b8,JAN2024,n_sessions,EV sessions,200,224.07,23.964905245318317,0.10695276139295005,184.95,227.0,260.04999999999995,75.09999999999997,0.33516311866827314
b8,JAN2024,ev_energy_mwh,EV energy (MWh),200,2.901513580489984,0.35924229391028734,0.12381203256323253,2.340633877746966,2.9129224378655634,3.4236418706056266,1.0830079928586605,0.3732562205260369
b8,JAN2024,arr_hour_mean,mean arrival hour,200,8.569715554992543,0.2250784725428731,0.026264404121528508,8.241202110146661,8.551583780063751,8.957093186414097,0.715891076267436,0.08353732065825362
b8,JAN2024,dwell_h_mean,mean dwell (h),200,7.002444677541548,0.22119876991399554,0.03158879221472908,6.634184454046436,7.02022918851335,7.353322932545732,0.7191384784992954,0.10269820207301858
b8,JAN2024,req_soc_mean,mean required SoC (%),200,56.38521231490705,4.41198134796379,0.07824713549579658,48.7200660415608,56.202757060938595,63.64257255521098,14.922506513650184,0.26465283894488395
b8,JAN2024,peak_concurrency,peak concurrent EVs,200,10.92,1.1577139143750879,0.10601775772665639,9.0,11.0,13.0,4.0,0.3663003663003663
b8,JUL2024,bl_peak_kw,building peak (kW),200,150.0,1.027330852467876e-14,6.84887234978584e-17,149.99999999999997,150.0,150.0,2.842170943040401e-14,1.8947806286936006e-16
b8,JUL2024,bl_mean_kw,building mean (kW),200,53.34575303227764,3.465599884150635,0.06496486950055279,48.600202959300155,52.75903609385381,58.8620497462271,10.261846786926945,0.19236483138063235
b8,JUL2024,bl_energy_mwh,building energy (MWh),200,39.68924025601456,2.578406313808072,0.06496486950055279,36.15855100171932,39.25272285382723,43.79336501119296,7.634814009473644,0.1923648313806323
b8,JUL2024,bl_load_factor,load factor,200,0.35563835354851764,0.023103999227670893,0.06496486950055276,0.324001353062001,0.35172690729235867,0.39241366497484736,0.06841231191284636,0.19236483138063248
b8,JUL2024,pv_energy_mwh,PV energy (MWh),200,28.55918961296965,2.6716199397334726,0.09354676991675576,24.26756851780487,28.548799209839427,32.81942342018066,8.55185490237579,0.299443192130778
b8,JUL2024,pv_capacity_factor,PV capacity factor,200,0.2559067169620936,0.023939246771805308,0.09354676991675576,0.21745133080470314,0.25581361299139277,0.29408085501953996,0.07662952421483682,0.29944319213077797
b8,JUL2024,net_peak_kw,net peak (kW),200,95.92273275163002,9.66299012494772,0.10073722722191228,82.44306301352248,95.12270432376124,111.91953227196079,29.476469258438314,0.3072938855355684
b8,JUL2024,net_min_kw,"net min (kW, <0 export)",200,-99.63627002481003,8.938657379067896,0.08971288645030687,-110.20454956385782,-100.64777233299142,-84.80427029967998,25.40027926417784,0.2549300496481153
b8,JUL2024,wx_mean_temp_c,mean dry-bulb (degC),200,20.01766765591398,4.697184470019349,0.23465193601771195,12.21546365591398,20.063123655913977,27.938273655913978,15.722809999999997,0.7854466499425014
b8,JUL2024,wx_mean_ghi,mean GHI (W/m2),200,328.24033695833333,34.585643648141065,0.1053668295878314,275.6569360416667,324.9475395833333,385.57869291666657,109.92175687499986,0.33488192796046656
b8,JUL2024,n_sessions,EV sessions,200,224.075,23.56727513494999,0.10517583458641076,184.9,226.0,260.04999999999995,75.14999999999995,0.3353787794265311
b8,JUL2024,ev_energy_mwh,EV energy (MWh),200,2.9101078295540823,0.3458941363268342,0.11885956005274065,2.3715725921637487,2.927370314650594,3.479434082875267,1.1078614907115183,0.3806943094893073
b8,JUL2024,arr_hour_mean,mean arrival hour,200,8.554917411377211,0.22112280568171314,0.025847450658920593,8.221682050009028,8.547734741784037,8.91485193550411,0.6931698854950827,0.08102590032876693
b8,JUL2024,dwell_h_mean,mean dwell (h),200,7.044043149667422,0.21568874177067804,0.030620019949886536,6.723056533990842,7.040662759896948,7.375090438179347,0.6520339041885048,0.09256529103165559
b8,JUL2024,req_soc_mean,mean required SoC (%),200,56.550753286347735,4.953363649193305,0.08759147069379758,48.405914990262346,56.596748605309244,64.69105527548298,16.285140285220635,0.2879738878589285
b8,JUL2024,peak_concurrency,peak concurrent EVs,200,11.095,1.16738551675255,0.10521726153695808,9.0,11.0,13.0,4.0,0.36052275799909866
b8,JUN2024,bl_peak_kw,building peak (kW),200,150.0,8.059046251768631e-15,5.372697501179088e-17,149.99999999999997,150.0,150.0,2.842170943040401e-14,1.8947806286936006e-16
b8,JUN2024,bl_mean_kw,building mean (kW),200,48.434709981287114,2.3835759129181717,0.04921214380841907,46.11200562202466,47.890522908554104,53.12726378381567,7.01525816179101,0.14483947905337669
b8,JUN2024,bl_energy_mwh,building energy (MWh),200,34.872991186526725,1.716174657301084,0.049212143808419075,33.20064404785776,34.48117649415896,38.251629924347284,5.050985876489527,0.14483947905337669
b8,JUN2024,bl_load_factor,load factor,200,0.3228980665419141,0.015890506086121144,0.04921214380841906,0.30741337081349773,0.3192701527236941,0.35418175855877115,0.04676838774527342,0.14483947905337674
b8,JUN2024,pv_energy_mwh,PV energy (MWh),200,28.095274889033927,2.5958102002970054,0.09239312341842204,23.8944897459743,28.110700400361452,32.19145802311293,8.296968277138628,0.29531543328579707
b8,JUN2024,pv_capacity_factor,PV capacity factor,200,0.26014143415772156,0.024035279632379683,0.09239312341842205,0.22124527542568798,0.26028426296630974,0.2980690557695641,0.07682378034387613,0.29531543328579685
b8,JUN2024,net_peak_kw,net peak (kW),200,91.40767227465535,9.1073631730879,0.09963455962123983,80.94836377290919,89.83747371314227,110.56216564399435,29.61380187108516,0.32397501363018727
b8,JUN2024,net_min_kw,"net min (kW, <0 export)",200,-101.72615985553679,8.460535348456158,0.08316971131586134,-111.67531777247933,-103.65603766358419,-87.14083554749915,24.53448222498018,0.24118164157402633
b8,JUN2024,wx_mean_temp_c,mean dry-bulb (degC),200,17.890266222222223,4.69718447001935,0.2625553142515446,10.088062222222222,17.93572222222222,25.810872222222216,15.722809999999994,0.8788471789463957
b8,JUN2024,wx_mean_ghi,mean GHI (W/m2),200,334.26107428888895,35.220029652442804,0.10536682958783138,280.71316411111115,330.9078788888889,392.65115711111105,111.93799299999989,0.3348819279604666
b8,JUN2024,n_sessions,EV sessions,200,195.355,20.98525385590999,0.10742112490547971,159.85,197.0,225.04999999999998,65.19999999999999,0.3337513757006475
b8,JUN2024,ev_energy_mwh,EV energy (MWh),200,2.5233827225641488,0.3149367238223399,0.12480735522446443,1.9278451815928235,2.5321421041018537,2.985932902142004,1.0580877205491803,0.41931321439579283
b8,JUN2024,arr_hour_mean,mean arrival hour,200,8.5287161313957,0.2095861480280437,0.02457417327521552,8.225811857347392,8.51163675083663,8.8712752870421,0.6454634296947077,0.0756811951236885
b8,JUN2024,dwell_h_mean,mean dwell (h),200,7.061512678531471,0.2163202745699862,0.030633701930132724,6.758890374331552,7.0514511022514075,7.4041690425587054,0.6452786682271539,0.09137966574625589
b8,JUN2024,req_soc_mean,mean required SoC (%),200,57.01040141629631,5.143401583689318,0.09021865231454215,48.93816656506463,57.07761964771824,65.81759313366227,16.879426568597644,0.2960762623883699
b8,JUN2024,peak_concurrency,peak concurrent EVs,200,10.84,1.1838103881854896,0.10920760038611528,9.0,11.0,13.0,4.0,0.36900369003690037
b8,MAR2024,bl_peak_kw,building peak (kW),200,150.0,7.538547484570736e-15,5.025698323047157e-17,150.0,150.0,150.0,0.0,0.0
b8,MAR2024,bl_mean_kw,building mean (kW),200,49.15553387167324,3.2927820544785473,0.06698700624582316,45.04650595416133,48.32907329465108,55.9058144849475,10.859308530786166,0.2209173143991431
b8,MAR2024,bl_energy_mwh,building energy (MWh),200,36.57171720052489,2.4498298485320387,0.06698700624582316,33.514600429896035,35.956830531220405,41.59392597680094,8.079325546904904,0.22091731439914306
b8,MAR2024,bl_load_factor,load factor,200,0.3277035591444883,0.02195188036319031,0.06698700624582314,0.30031003969440884,0.32219382196434054,0.37270542989965005,0.07239539020524122,0.22091731439914344
b8,MAR2024,pv_energy_mwh,PV energy (MWh),200,20.869018696653644,2.037448563789237,0.09763030037037355,17.658219499747194,20.830083659866908,24.236887831350895,6.578668331603701,0.31523611278658703
b8,MAR2024,pv_capacity_factor,PV capacity factor,200,0.18699837541804343,0.018256707560835455,0.09763030037037354,0.15822777329522578,0.18664949516009777,0.21717641425941664,0.05894864096419086,0.3152361127865869
b8,MAR2024,net_peak_kw,net peak (kW),200,114.88489794603655,10.231510396968478,0.08905879345233346,103.62624268302758,111.05615081393393,137.737322198659,34.11107951563142,0.2969152614963717
b8,MAR2024,net_min_kw,"net min (kW, <0 export)",200,-95.01176357553086,9.7510916143495,0.10263036120361811,-108.79526845440034,-95.14625747897547,-78.8910198836905,29.90424857070984,0.314742590236598
b8,MAR2024,wx_mean_temp_c,mean dry-bulb (degC),200,11.883662279569892,4.69718447001935,0.3952640490376975,4.081458279569894,11.929118279569893,19.80426827956989,15.722809999999996,1.3230609916465124
b8,MAR2024,wx_mean_ghi,mean GHI (W/m2),200,212.41834900806455,22.381847981261227,0.10536682958783138,178.38938318548387,210.28743911290323,249.52444943548383,71.13506624999997,0.3348819279604668
b8,MAR2024,n_sessions,EV sessions,200,204.755,22.82190112269947,0.11145955470049312,164.95,207.0,239.0,74.05000000000001,0.3616517301164807
b8,MAR2024,ev_energy_mwh,EV energy (MWh),200,2.652403728124909,0.35460523763683055,0.13369202956426068,2.1034523512092465,2.6409589488625036,3.2236933639307477,1.1202410127215012,0.42234935837367593
b8,MAR2024,arr_hour_mean,mean arrival hour,200,8.540362261678375,0.21564092731463558,0.025249622991081088,8.219834907742563,8.535055175038051,8.880478212552505,0.6606433048099429,0.07735541942691686
b8,MAR2024,dwell_h_mean,mean dwell (h),200,7.039839650637528,0.21630450754732683,0.030725771932566433,6.6548358236487735,7.059530161320696,7.367022380153615,0.7121865565048413,0.10116516736859847
b8,MAR2024,req_soc_mean,mean required SoC (%),200,56.37358925874491,4.570129620145647,0.081068629481255,48.542858084863,56.347083425592274,63.537986353943666,14.995128269080666,0.2659956278507592
b8,MAR2024,peak_concurrency,peak concurrent EVs,200,10.76,1.1615273258271699,0.10794863622929088,9.0,11.0,13.0,4.0,0.3717472118959108
b8,MAY2024,bl_peak_kw,building peak (kW),200,150.0,1.027330852467876e-14,6.84887234978584e-17,149.99999999999997,150.0,150.0,2.842170943040401e-14,1.8947806286936006e-16
b8,MAY2024,bl_mean_kw,building mean (kW),200,47.353620362359344,2.271230011483619,0.047963175658032355,45.26765784361196,46.84130709654345,51.31505284946156,6.0473950058496015,0.127707131145913
b8,MAY2024,bl_energy_mwh,building energy (MWh),200,35.23109354959534,1.6897951285438129,0.047963175658032375,33.67913743564729,34.849932479828325,38.17839931999939,4.4992618843521015,0.12770713114591298
b8,MAY2024,bl_load_factor,load factor,200,0.3156908024157289,0.01514153340989079,0.047963175658032355,0.3017843856240797,0.31227538064362304,0.3421003523297437,0.04031596670566395,0.12770713114591287
b8,MAY2024,pv_energy_mwh,PV energy (MWh),200,28.130893882001665,2.594184663810988,0.09221835163477562,23.923921181059807,28.158097967688093,32.21642325110516,8.292502070045355,0.2947827433009853
b8,MAY2024,pv_capacity_factor,PV capacity factor,200,0.252068941594997,0.023245382292213148,0.09221835163477561,0.2143720535937259,0.25231270580365683,0.2886776276980749,0.07430557410434901,0.29478274330098514
b8,MAY2024,net_peak_kw,net peak (kW),200,86.22114910210519,8.26775690309017,0.09589012660106502,73.91445824506206,85.65614284717452,100.36472100366333,26.45026275860127,0.30677232945803384
b8,MAY2024,net_min_kw,"net min (kW, <0 export)",200,-101.72948567325486,8.375648543567012,0.08233255568074702,-111.06892938171788,-103.63702626077554,-87.4625859023598,23.606343479358074,0.23205016051274788
b8,MAY2024,wx_mean_temp_c,mean dry-bulb (degC),200,15.461619268817206,4.697184470019349,0.30379641280474223,7.659415268817205,15.507075268817204,23.382225268817198,15.722809999999992,1.0168928445747951
b8,MAY2024,wx_mean_ghi,mean GHI (W/m2),200,316.6061879502688,33.359790252208896,0.10536682958783142,265.8865528561828,313.43010047043015,371.91224348118277,106.02569062499998,0.33488192796046695
b8,MAY2024,n_sessions,EV sessions,200,224.685,23.561867135576772,0.10486622220253587,188.95,225.0,261.19999999999993,72.24999999999994,0.3215612969268084
b8,MAY2024,ev_energy_mwh,EV energy (MWh),200,2.922582094182555,0.37009183854575395,0.1266318025017766,2.2973993654662146,2.9209839961883457,3.5721493655150063,1.2747500000487917,0.4361725210683393
b8,MAY2024,arr_hour_mean,mean arrival hour,200,8.535376456687242,0.2118784540493942,0.024823562865044228,8.216777017341444,8.516866619618913,8.9038226446132,0.6870456272717558,0.08049388691385412
b8,MAY2024,dwell_h_mean,mean dwell (h),200,7.042972913493422,0.2023771223930211,0.0287346160320016,6.727548471156375,7.047322692820257,7.385273491528355,0.6577250203719798,0.0933874130215472
b8,MAY2024,req_soc_mean,mean required SoC (%),200,56.687304226615254,4.576373944573412,0.08073013890868282,49.88473174624219,56.356600693688364,64.1772439432335,14.292512196991318,0.25212898005971573
b8,MAY2024,peak_concurrency,peak concurrent EVs,200,10.905,1.0590481172132191,0.09711582918048778,9.0,11.0,13.0,4.0,0.3668042182485099
b8,NOV2024,bl_peak_kw,building peak (kW),200,150.0,8.30707473444504e-15,5.53804982296336e-17,150.0,150.0,150.0,0.0,0.0
b8,NOV2024,bl_mean_kw,building mean (kW),200,46.37794895069298,3.1418221362549352,0.06774387844523232,40.85863899031911,46.32401626105576,52.19621064299476,11.33757165267565,0.24446039355317895
b8,NOV2024,bl_energy_mwh,building energy (MWh),200,33.39212324449895,2.2621119381035535,0.06774387844523233,29.41822007302976,33.353291707960146,37.58127166295622,8.163051589926457,0.24446039355317864
b8,NOV2024,bl_load_factor,load factor,200,0.30918632633795323,0.020945480908366235,0.06774387844523232,0.27239092660212744,0.30882677507370504,0.34797473761996506,0.07558381101783762,0.2444603935531788
b8,NOV2024,pv_energy_mwh,PV energy (MWh),200,12.960262211864784,1.3092245937232152,0.10101837233853603,10.922433898102248,12.920843414463107,15.141041924870773,4.218608026768525,0.3255032928968442
b8,NOV2024,pv_capacity_factor,PV capacity factor,200,0.12000242788763688,0.012122449941881622,0.10101837233853603,0.10113364720465046,0.11963743902280656,0.14019483263769233,0.03906118543304188,0.3255032928968441
b8,NOV2024,net_peak_kw,net peak (kW),200,143.19178343063732,5.774450462483471,0.04032668861394997,132.11662675112322,144.93470583678376,150.0,17.88337324887678,0.12489105743654319
b8,NOV2024,net_min_kw,"net min (kW, <0 export)",200,-74.62540252195743,9.162185563557111,0.12277569371717992,-89.54261941673892,-74.1656187177266,-60.40349288102621,29.139126535712705,0.3904719512519741
b8,NOV2024,wx_mean_temp_c,mean dry-bulb (degC),200,12.717766222222222,4.69718447001935,0.3693403690509569,4.915562222222224,12.763222222222222,20.638372222222216,15.722809999999992,1.2362870747322707
b8,NOV2024,wx_mean_ghi,mean GHI (W/m2),200,124.72881824166667,13.142280136361288,0.10536682958783139,104.74752795833334,123.47758041666668,146.51695508333333,41.76942712499999,0.33488192796046695
b8,NOV2024,n_sessions,EV sessions,200,205.02,21.825935427523653,0.10645759158874087,169.0,207.0,236.04999999999998,67.04999999999998,0.32704126426690067
b8,NOV2024,ev_energy_mwh,EV energy (MWh),200,2.641544609625713,0.31919089531599787,0.12083494412809663,2.1425528421865145,2.6235404929171167,3.14110109710007,0.9985482549135556,0.37801680549890176
b8,NOV2024,arr_hour_mean,mean arrival hour,200,8.545366450144064,0.23704404407011348,0.02773948261354166,8.138191220561922,8.54051311544767,8.898788435828877,0.7605972152669551,0.08900697468089651
b8,NOV2024,dwell_h_mean,mean dwell (h),200,7.013674645642127,0.21474369777714025,0.030617858487429123,6.685921019389882,7.008285171300635,7.357605218977046,0.6716841995871636,0.09576780126299521
b8,NOV2024,req_soc_mean,mean required SoC (%),200,56.82081904785023,4.859044731228236,0.08551521806006199,49.24583727044917,56.7067202682561,65.30995923068062,16.064121960231446,0.2827154241951959
b8,NOV2024,peak_concurrency,peak concurrent EVs,200,10.855,1.0862202225420483,0.10006634938204037,9.0,11.0,13.0,4.0,0.36849378166743435
b8,OCT2024,bl_peak_kw,building peak (kW),200,150.0,8.059046251768631e-15,5.372697501179088e-17,150.0,150.0,150.0,0.0,0.0
b8,OCT2024,bl_mean_kw,building mean (kW),200,48.96497378398425,2.5654630809488705,0.05239384161149081,45.603293871331736,48.450603440409914,53.625217062958754,8.021923191627018,0.16382982715393335
b8,OCT2024,bl_energy_mwh,building energy (MWh),200,36.429940495284285,1.90870453222596,0.05239384161149081,33.92885064027081,36.04724895966498,39.89716149484131,5.968310854570504,0.1638298271539334
b8,OCT2024,bl_load_factor,load factor,200,0.32643315855989496,0.017103087206325803,0.05239384161149081,0.3040219591422116,0.3230040229360661,0.35750144708639175,0.05347948794418017,0.16382982715393354
b8,OCT2024,pv_energy_mwh,PV energy (MWh),200,18.011983054789994,1.7958884085687024,0.09970520198169491,15.214127728367126,17.961748375685467,20.99346161189089,5.779333883523764,0.32086049969866276
b8,OCT2024,pv_capacity_factor,PV capacity factor,200,0.16139769762356626,0.016092190040938197,0.09970520198169493,0.13632730939397064,0.16094756609037156,0.18811345530368181,0.05178614590971117,0.3208604996986629
b8,OCT2024,net_peak_kw,net peak (kW),200,118.03306309163287,5.992276109013886,0.05076777601172554,107.76488852756155,118.88278491214433,124.61207565255279,16.847187124991237,0.14273277913589535
b8,OCT2024,net_min_kw,"net min (kW, <0 export)",200,-80.44605214342683,9.795394158376887,0.12176351601334932,-95.41627291254848,-80.52558707572132,-65.47019618327911,29.946076729269365,0.37225042039202455
b8,OCT2024,wx_mean_temp_c,mean dry-bulb (degC),200,16.553689161290322,4.697184470019349,0.2837545410121265,8.751485161290324,16.599145161290323,24.474295161290314,15.72280999999999,0.9498070095919593
b8,OCT2024,wx_mean_ghi,mean GHI (W/m2),200,179.07036030645162,18.868076138641452,0.10536682958783138,150.3836710483871,177.2739862903226,210.35109854838709,59.967427499999985,0.3348819279604669
b8,OCT2024,n_sessions,EV sessions,200,224.75,23.295296827285906,0.10364981903130548,184.95,226.0,259.04999999999995,74.09999999999997,0.32969966629588415
b8,OCT2024,ev_energy_mwh,EV energy (MWh),200,2.9120257530739013,0.35662293695704317,0.12246558485294852,2.35153396784161,2.914172914072908,3.481224543830425,1.129690575988815,0.38793976145174075
b8,OCT2024,arr_hour_mean,mean arrival hour,200,8.528712099261941,0.22158971774145259,0.025981615414199355,8.161477563479727,8.52657856756269,8.904608015301328,0.7431304518216013,0.08713278665906783
b8,OCT2024,dwell_h_mean,mean dwell (h),200,7.059265405940625,0.2156469193104869,0.030548067951803072,6.707772525027809,7.062882653061225,7.394575825825826,0.686803300798017,0.0972910439406411
b8,OCT2024,req_soc_mean,mean required SoC (%),200,56.791034139984475,4.627727236481292,0.08148693374863339,49.6933195743093,56.51589862618431,64.65446423835236,14.961144664043061,0.26344201845603427
b8,OCT2024,peak_concurrency,peak concurrent EVs,200,11.025,1.140561000992461,0.10345224498797831,9.0,11.0,13.0,4.0,0.36281179138321995
b8,SEP2024,bl_peak_kw,building peak (kW),200,150.0,7.803137979853802e-15,5.202091986569202e-17,150.0,150.0,150.0,0.0,0.0
b8,SEP2024,bl_mean_kw,building mean (kW),200,49.54356804739856,3.3347278913283938,0.06730899736849887,44.895894422587475,49.088028097377524,55.14517588145353,10.249281458866058,0.2068741082406605
b8,SEP2024,bl_energy_mwh,building energy (MWh),200,35.671368994126965,2.4010040817564438,0.06730899736849887,32.325043984262976,35.34338023011182,39.70452663464654,7.379482650383565,0.20687410824066058
b8,SEP2024,bl_load_factor,load factor,200,0.33029045364932375,0.02223151927552262,0.06730899736849884,0.29930596281724986,0.32725352064918356,0.3676345058763569,0.06832854305910702,0.20687410824066035
b8,SEP2024,pv_energy_mwh,PV energy (MWh),200,22.170464457414493,2.165282760765283,0.09766519618587174,18.772475016985222,22.120228701113035,25.76760718454601,6.9951321675607865,0.3155158152413626
b8,SEP2024,pv_capacity_factor,PV capacity factor,200,0.20528207830939343,0.0200489144515304,0.09766519618587177,0.1738192131202335,0.20481693241771326,0.23858895541246306,0.06476974229222957,0.3155158152413629
b8,SEP2024,net_peak_kw,net peak (kW),200,120.50440238408726,5.304121590100689,0.04401599846281719,109.59369812860331,121.50671389475971,127.63023278181005,18.036534653206743,0.14967531721968433
b8,SEP2024,net_min_kw,"net min (kW, <0 export)",200,-92.02772936782164,9.462054788677545,0.10281743180752694,-107.01938956558354,-92.24555023398923,-75.95903383549884,31.060355730084694,0.3375108344349224
b8,SEP2024,wx_mean_temp_c,mean dry-bulb (degC),200,19.18540511111111,4.69718447001935,0.2448311329792564,11.383201111111113,19.23086111111111,27.106011111111105,15.722809999999992,0.8195193121512052
b8,SEP2024,wx_mean_ghi,mean GHI (W/m2),200,243.18452456805554,25.623582358560107,0.1053668295878314,204.22688313194448,240.74497868055556,285.6649855694444,81.43810243749994,0.3348819279604668
b8,SEP2024,n_sessions,EV sessions,200,204.445,21.595108672867678,0.10562796191086932,171.0,206.0,239.04999999999998,68.04999999999998,0.3328523563794663
b8,SEP2024,ev_energy_mwh,EV energy (MWh),200,2.6352114754020755,0.31346516191138196,0.1189525640873107,2.1028790810020443,2.600344264261894,3.134824278380593,1.0319451973785485,0.39159862766653153
b8,SEP2024,arr_hour_mean,mean arrival hour,200,8.512395605850866,0.21297778954901048,0.02501972410711544,8.173225055599532,8.503849461209793,8.878794480755264,0.7055694251557316,0.08288729258198117
b8,SEP2024,dwell_h_mean,mean dwell (h),200,7.053580693389907,0.21458762647197213,0.03042250961601216,6.711232103067369,7.046689876663159,7.449257705479452,0.7380256024120833,0.10463134037776108
b8,SEP2024,req_soc_mean,mean required SoC (%),200,56.89206309867155,4.95667982438973,0.0871242762947978,48.91523914188342,56.68515896595721,65.26998952454923,16.354750382665813,0.2874698067162852
b8,SEP2024,peak_concurrency,peak concurrent EVs,200,10.92,1.1402194975146507,0.10441570490060904,9.0,11.0,13.0,4.0,0.3663003663003663
b9,APR2024,bl_peak_kw,building peak (kW),200,100.0,5.234504088229047e-15,5.234504088229047e-17,100.0,100.0,100.0,0.0,0.0
b9,APR2024,bl_mean_kw,building mean (kW),200,34.74821948508468,2.2856957300966982,0.06577878705635003,31.350563585273513,34.13441979747975,39.26727148732652,7.916707902053005,0.22783060598115454
b9,APR2024,bl_energy_mwh,building energy (MWh),200,25.01871802926097,1.645700925669623,0.06577878705635004,22.57240578139693,24.576782254185417,28.27243547087509,5.700029689478161,0.22783060598115443
b9,APR2024,bl_load_factor,load factor,200,0.3474821948508468,0.022856957300966985,0.06577878705635004,0.31350563585273516,0.3413441979747975,0.3926727148732651,0.07916707902052994,0.22783060598115423
b9,APR2024,pv_energy_mwh,PV energy (MWh),200,15.645195588017662,1.3699837664907377,0.08756578073974226,13.339495377338565,15.60232572685349,17.720753465825958,4.381258088487392,0.28003856288271073
b9,APR2024,pv_capacity_factor,PV capacity factor,200,0.21729438316691194,0.019027552312371358,0.08756578073974229,0.18527076912970228,0.21669896842852068,0.2461215759142494,0.06085080678454713,0.28003856288271084
b9,APR2024,net_peak_kw,net peak (kW),200,66.21343048983458,8.495445679362865,0.12830396517013462,56.796650226670664,63.14903820929998,83.54701227407548,26.75036204740482,0.4040020559199341
b9,APR2024,net_min_kw,"net min (kW, <0 export)",200,-58.43949034590794,5.882608356066613,0.10066152735499559,-67.2471131211154,-58.236053118378535,-50.017979344235,17.229133776880403,0.29482005532388805
b9,APR2024,wx_mean_temp_c,mean dry-bulb (degC),200,13.881056999999998,5.225840530373604,0.37647280969839725,5.724170000000001,14.03525,21.601339999999997,15.877169999999996,1.143801224935536
b9,APR2024,wx_mean_ghi,mean GHI (W/m2),200,262.62928565833334,25.503589147329873,0.09710870241831553,223.85067958333332,261.90775458333337,304.518734,80.66805441666668,0.3071555946796105
b9,APR2024,n_sessions,EV sessions,200,175.875,25.680083888934508,0.14601327015741014,132.0,177.5,218.04999999999998,86.04999999999998,0.4892679459843638
b9,APR2024,ev_energy_mwh,EV energy (MWh),200,2.285336663349282,0.36609857829396114,0.16019459371794448,1.7308500799606326,2.285148334697329,2.941372669612573,1.2105225896519403,0.5296911431324325
b9,APR2024,arr_hour_mean,mean arrival hour,200,8.69926092015502,0.2545868882765036,0.02926534686258921,8.337539686139333,8.669149358756101,9.123912529550827,0.7863728434114936,0.09039536239102489
b9,APR2024,dwell_h_mean,mean dwell (h),200,6.934002888129685,0.24902926589628657,0.03591421433103231,6.493945352795544,6.9361751804160185,7.330750898577903,0.8368055457823589,0.1206814533081441
b9,APR2024,req_soc_mean,mean required SoC (%),200,57.28339901849211,4.839924743706915,0.08449087914885253,49.52357822832396,57.28439855640964,64.63038935065674,15.106811122332779,0.2637205784079962
b9,APR2024,peak_concurrency,peak concurrent EVs,200,9.515,1.239944479223884,0.1303147114265774,8.0,9.0,12.0,4.0,0.42038885969521805
b9,AUG2024,bl_peak_kw,building peak (kW),200,100.0,6.0442846888264736e-15,6.044284688826474e-17,100.0,100.0,100.0,0.0,0.0
b9,AUG2024,bl_mean_kw,building mean (kW),200,36.49739201085659,2.517488561049403,0.06897721788725467,32.66849458784304,36.449866687745356,40.83914459111622,8.170650003273174,0.22386942061073062
b9,AUG2024,bl_energy_mwh,building energy (MWh),200,27.154059656077308,1.8730114894207557,0.06897721788725465,24.305359973355223,27.118700815682544,30.384323575790464,6.078963602435241,0.2238694206107306
b9,AUG2024,bl_load_factor,load factor,200,0.364973920108566,0.025174885610494028,0.06897721788725465,0.3266849458784304,0.3644986668774536,0.40839144591116217,0.08170650003273178,0.22386942061073067
b9,AUG2024,pv_energy_mwh,PV energy (MWh),200,18.05177143570988,1.5982653176935797,0.08853786584799667,15.36534865654927,17.981815867982796,20.526674360918925,5.161325704369656,0.28591796227596583
b9,AUG2024,pv_capacity_factor,PV capacity factor,200,0.2426313365014769,0.021482060721687898,0.08853786584799667,0.20652350344824286,0.2416910734943924,0.2758961607650393,0.06937265731679645,0.2859179622759659
b9,AUG2024,net_peak_kw,net peak (kW),200,63.661905624420896,7.488291058940516,0.11762593320907418,51.93094898472782,62.62390516724614,76.93578452112686,25.004835536399042,0.39277547995369955
b9,AUG2024,net_min_kw,"net min (kW, <0 export)",200,-65.78082756317822,5.673185731612833,0.0862437573647748,-72.20508151751835,-66.36447839009034,-56.79269741384396,15.412384103674391,0.23429903019799797
b9,AUG2024,wx_mean_temp_c,mean dry-bulb (degC),200,20.210452161290323,5.225840530373605,0.2585711833000358,12.053565161290322,20.36464516129032,27.930735161290322,15.87717,0.7855920230429091
b9,AUG2024,wx_mean_ghi,mean GHI (W/m2),200,304.4688125497312,29.566571313549733,0.09710870241831551,259.512378561828,303.63233420698924,353.0316777419355,93.51929918010751,0.3071555946796104
b9,AUG2024,n_sessions,EV sessions,200,176.235,25.705713245645153,0.14586043206880103,130.0,178.5,217.09999999999997,87.09999999999997,0.4942264589894173
b9,AUG2024,ev_energy_mwh,EV energy (MWh),200,2.2826053272865257,0.3840893670138212,0.1682679709989164,1.6860629157374996,2.282724927271415,2.9071039364150204,1.2210410206775208,0.534933046059718
b9,AUG2024,arr_hour_mean,mean arrival hour,200,8.678287879565774,0.26771655451096404,0.030849005959037105,8.260544803817602,8.669878472222223,9.130183982683981,0.8696391788663789,0.10020861152970786
b9,AUG2024,dwell_h_mean,mean dwell (h),200,6.937621398419346,0.24453324673689886,0.035247418775635815,6.5009858099770845,6.944947943335039,7.325531956222528,0.8245461462454431,0.11885141879222554
b9,AUG2024,req_soc_mean,mean required SoC (%),200,56.93168664039814,4.315979527499621,0.07580979560224457,50.57365206095828,56.515103055862205,64.89801841809974,14.324366357141457,0.2516062179506383
b9,AUG2024,peak_concurrency,peak concurrent EVs,200,9.495,1.1861745445975715,0.1249262290255473,8.0,9.0,11.0,3.0,0.315955766192733
b9,DEC2024,bl_peak_kw,building peak (kW),200,100.0,6.0442846888264736e-15,6.044284688826474e-17,100.0,100.0,100.0,0.0,0.0
b9,DEC2024,bl_mean_kw,building mean (kW),200,37.83587906602107,1.4160138935236513,0.03742516173742923,36.4279039526568,37.64564599387403,39.88681009481282,3.4589061421560245,0.09141868056297742
b9,DEC2024,bl_energy_mwh,building energy (MWh),200,28.14989402511968,1.0535143367815967,0.03742516173742923,27.10236054077666,28.00836061944228,29.675786710540745,2.5734261697640832,0.09141868056297744
b9,DEC2024,bl_load_factor,load factor,200,0.3783587906602107,0.01416013893523651,0.03742516173742922,0.364279039526568,0.37645645993874033,0.3988681009481283,0.03458906142156032,0.09141868056297761
b9,DEC2024,pv_energy_mwh,PV energy (MWh),200,7.470973410004077,0.711425547324452,0.09522528167103513,6.339915670855037,7.426586955980564,8.57645523249478,2.236539561639743,0.2993638765525365
b9,DEC2024,pv_capacity_factor,PV capacity factor,200,0.10041630927424837,0.009562171335006076,0.09522528167103511,0.08521392030719134,0.0998197171502764,0.11527493592062878,0.030061015613437436,0.2993638765525367
b9,DEC2024,net_peak_kw,net peak (kW),200,99.24029667224131,1.7322657889924922,0.01745526612756517,94.61321552085528,100.0,100.0,5.386784479144723,0.05428021337880049
b9,DEC2024,net_min_kw,"net min (kW, <0 export)",200,-39.535244565056836,5.210818296605242,0.13180184804549852,-47.26898631161559,-39.348066890111696,-31.377059803666082,15.89192650794951,0.40196858986919143
b9,DEC2024,wx_mean_temp_c,mean dry-bulb (degC),200,10.02214570967742,5.225840530373604,0.5214293108238802,1.8652587096774194,10.17633870967742,17.74242870967742,15.87717,1.5842086575002545
b9,DEC2024,wx_mean_ghi,mean GHI (W/m2),200,100.31200280913977,9.741168429777986,0.09710870241831553,85.50040389784947,100.0364119623656,116.31179677419354,30.811392876344073,0.3071555946796104
b9,DEC2024,n_sessions,EV sessions,200,175.905,25.7308444630937,0.1462769362047338,130.95,177.5,217.04999999999998,86.1,0.4894687473352093
b9,DEC2024,ev_energy_mwh,EV energy (MWh),200,2.287911278915688,0.37927415475034265,0.16577310416079263,1.6251951770882107,2.2860145498824664,2.8676928810796936,1.2424977039914828,0.543070754290936
b9,DEC2024,arr_hour_mean,mean arrival hour,200,8.682819428217597,0.2621693371392285,0.03019403309105168,8.254298490488006,8.669659882274914,9.109859154929577,0.8555606644415708,0.09853489082833543
b9,DEC2024,dwell_h_mean,mean dwell (h),200,6.944227089195884,0.24227263027311774,0.03488835073525397,6.553506711409396,6.951425683212493,7.3000694444444445,0.7465627330350486,0.10750839847916002
b9,DEC2024,req_soc_mean,mean required SoC (%),200,57.12895012439058,4.844981049564752,0.08480780828311145,49.658477510702866,57.15073176372357,64.39643662630363,14.73795911560076,0.2579770691306394
b9,DEC2024,peak_concurrency,peak concurrent EVs,200,9.45,1.2102991864010382,0.12807398797894584,7.950000000000001,9.0,11.0,3.049999999999999,0.3227513227513227
b9,FEB2024,bl_peak_kw,building peak (kW),200,100.0,3.0221423444132368e-15,3.022142344413237e-17,100.0,100.0,100.0,0.0,0.0
b9,FEB2024,bl_mean_kw,building mean (kW),200,33.34509601145322,2.1830118946053076,0.0654672547308155,30.608643832722727,32.83398287937406,37.22327344006979,6.614629607347062,0.1983688877391476
b9,FEB2024,bl_energy_mwh,building energy (MWh),200,23.208186823971445,1.5193762786452942,0.06546725473081548,21.303616107575017,22.852452084044344,25.907398314288574,4.603782206713557,0.19836888773914765
b9,FEB2024,bl_load_factor,load factor,200,0.33345096011453224,0.021830118946053082,0.06546725473081551,0.30608643832722726,0.3283398287937406,0.37223273440069793,0.06614629607347067,0.1983688877391477
b9,FEB2024,pv_energy_mwh,PV energy (MWh),200,10.223926921822034,0.958007584962014,0.09370250709805394,8.68536558827726,10.16529727104717,11.717862343477034,3.032496755199773,0.2966078277346825
b9,FEB2024,pv_capacity_factor,PV capacity factor,200,0.1468955017503166,0.013764476795431234,0.09370250709805393,0.12478973546375373,0.14605312171044785,0.16836009114191142,0.04357035567815769,0.2966078277346827
b9,FEB2024,net_peak_kw,net peak (kW),200,88.4664019116643,3.4895456485983147,0.0394448691615457,80.83699078411668,89.04425635637068,93.21107316979597,12.374082385679287,0.13987324134686846
b9,FEB2024,net_min_kw,"net min (kW, <0 export)",200,-55.80554158835915,6.535841624754458,0.11711814702857061,-66.5606001958387,-56.0564752169681,-46.4946533420409,20.065946853797804,0.3595690729392275
b9,FEB2024,wx_mean_temp_c,mean dry-bulb (degC),200,10.909692057471267,5.225840530373605,0.47900898603226855,2.752805057471265,11.063885057471264,18.629975057471263,15.877169999999998,1.4553270538123815
b9,FEB2024,wx_mean_ghi,mean GHI (W/m2),200,157.3178988433908,15.276937023857501,0.09710870241831553,134.0890772270115,156.88569360632187,182.41015,48.32107277298849,0.30715559467961034
b9,FEB2024,n_sessions,EV sessions,200,168.61,25.376123387762654,0.15050188830889422,123.95,170.0,210.0,86.05,0.5103493268489413
b9,FEB2024,ev_energy_mwh,EV energy (MWh),200,2.188333339574037,0.3669335824296708,0.16767718875091264,1.578492983087766,2.1592353628590866,2.8144315558956365,1.2359385728078705,0.5647853324980407
b9,FEB2024,arr_hour_mean,mean arrival hour,200,8.691111528005534,0.2776013239163601,0.031940830930754956,8.291655156537752,8.698966355567158,9.18103949044586,0.889384333908108,0.10233263386877824
b9,FEB2024,dwell_h_mean,mean dwell (h),200,6.9646519840216525,0.23423548375634554,0.033632044256300245,6.556251744186047,6.9728432762569525,7.342236884831866,0.7859851406458196,0.11285346955584163
b9,FEB2024,req_soc_mean,mean required SoC (%),200,57.10220114264355,4.666868141455283,0.08172834055551138,49.54163689920079,57.03022274507032,64.26967326411673,14.728036364915944,0.25792414425714916
b9,FEB2024,peak_concurrency,peak concurrent EVs,200,9.505,1.1904034196471118,0.12523970748523006,8.0,10.0,11.0,3.0,0.31562335612835346
b9,JAN2024,bl_peak_kw,building peak (kW),200,100.0,3.0221423444132368e-15,3.022142344413237e-17,100.0,100.0,100.0,0.0,0.0
b9,JAN2024,bl_mean_kw,building mean (kW),200,30.053236601140387,2.421380154765024,0.0805696965987731,27.397940775066278,28.44053660902278,34.12596769165511,6.728026916588835,0.22387029410115303
b9,JAN2024,bl_energy_mwh,building energy (MWh),200,22.35960803124845,1.801506835145178,0.08056969659877311,20.384067936649313,21.159759237112947,25.389719962591403,5.005652025942091,0.2238702941011529
b9,JAN2024,bl_load_factor,load factor,200,0.30053236601140393,0.024213801547650238,0.08056969659877308,0.27397940775066276,0.2844053660902278,0.3412596769165511,0.06728026916588836,0.22387029410115303
b9,JAN2024,pv_energy_mwh,PV energy (MWh),200,8.515355327928027,0.8062896881857416,0.09468655823924726,7.231443246691619,8.465441418873956,9.768679829082922,2.5372365823913032,0.29796015370842643
b9,JAN2024,pv_capacity_factor,PV capacity factor,200,0.11445370064419393,0.01083722699174384,0.09468655823924726,0.09719681783187661,0.11378281476981122,0.13129946006831883,0.034102642236442215,0.29796015370842616
b9,JAN2024,net_peak_kw,net peak (kW),200,92.15248051338622,2.8985278310926446,0.031453606185582815,88.99059145111136,90.98695126831404,96.80025418664395,7.809662735532598,0.08474717871971067
b9,JAN2024,net_min_kw,"net min (kW, <0 export)",200,-48.045917389951455,5.761802594848081,0.11992283440201584,-56.940623509587205,-47.77576337602319,-39.47162017109067,17.469003338496535,0.3635897551235036
b9,JAN2024,wx_mean_temp_c,mean dry-bulb (degC),200,8.803328505376344,5.225840530373605,0.5936209840609827,0.6464415053763443,8.957521505376345,16.52361150537634,15.877169999999996,1.8035416933837622
b9,JAN2024,wx_mean_ghi,mean GHI (W/m2),200,114.97634411962366,11.165203586258373,0.0971087024183155,97.99947748655914,114.66046538978496,133.3151048387097,35.31562735215054,0.3071555946796105
b9,JAN2024,n_sessions,EV sessions,200,184.685,27.65864745236962,0.14976120124736508,134.9,185.0,231.0,96.1,0.5203454530687386
b9,JAN2024,ev_energy_mwh,EV energy (MWh),200,2.3948498180431983,0.4112420449008724,0.1717193461579537,1.7343619648465332,2.368791731067822,3.09363717060543,1.3592752057588968,0.5675826498671819
b9,JAN2024,arr_hour_mean,mean arrival hour,200,8.699040283492831,0.2693854445134359,0.030967260264861362,8.28353525980912,8.67676549865229,9.171225020882863,0.8876897610737426,0.10204456263505406
b9,JAN2024,dwell_h_mean,mean dwell (h),200,6.963911019719119,0.24159252474027407,0.03469207519397891,6.564857338627499,6.964584950828158,7.3648437499999995,0.7999864113725002,0.11487602427820318
b9,JAN2024,req_soc_mean,mean required SoC (%),200,56.96628763104869,4.9738192690764995,0.0873116272081874,48.49190579536407,57.024472677146804,65.27871581182471,16.78681001646064,0.2946797257561018
b9,JAN2024,peak_concurrency,peak concurrent EVs,200,9.535,1.2833588937827394,0.13459453526824744,7.0,10.0,11.049999999999983,4.049999999999983,0.4247509176717339
b9,JUL2024,bl_peak_kw,building peak (kW),200,100.0,4.27395469089122e-15,4.27395469089122e-17,100.0,100.0,100.0,0.0,0.0
b9,JUL2024,bl_mean_kw,building mean (kW),200,35.8583234916971,2.448524179620403,0.06828328658999779,32.89795712249287,35.49928369299093,40.68771461982093,7.789757497328061,0.2172370802313655
b9,JUL2024,bl_energy_mwh,building energy (MWh),200,26.678592677822643,1.82170198963758,0.06828328658999779,24.476080099134695,26.411467067585257,30.271659677146772,5.795579578012077,0.21723708023136548
b9,JUL2024,bl_load_factor,load factor,200,0.3585832349169711,0.024485241796204028,0.06828328658999776,0.3289795712249287,0.35499283692990935,0.40687714619820936,0.07789757497328065,0.21723708023136554
b9,JUL2024,pv_energy_mwh,PV energy (MWh),200,19.185127637465552,1.6796003226873728,0.0875469975715656,16.339387444139867,19.12193003420987,21.750279911810335,5.410892467670468,0.2820357815657083
b9,JUL2024,pv_capacity_factor,PV capacity factor,200,0.25786461878313915,0.022575273154400173,0.0875469975715656,0.21961542263628853,0.25701518863185313,0.2923424719329346,0.07272704929664608,0.28203578156570835
b9,JUL2024,net_peak_kw,net peak (kW),200,63.840637248355094,5.8483392709421675,0.09160840998799483,54.58899675566905,63.20429510572199,73.85422262969999,19.26522587403094,0.30177057599040996
b9,JUL2024,net_min_kw,"net min (kW, <0 export)",200,-66.75757743961921,5.511279539948936,0.0825566138156192,-73.73514164473036,-67.6410546414677,-56.34780575371605,17.38733589101431,0.26045486606731316
b9,JUL2024,wx_mean_temp_c,mean dry-bulb (degC),200,20.586930655913978,5.225840530373605,0.25384262558208914,12.430043655913979,20.74112365591398,28.307213655913976,15.877169999999998,0.7712256997105582
b9,JUL2024,wx_mean_ghi,mean GHI (W/m2),200,331.67863079166665,32.2088814560623,0.09710870241831553,282.70452291666663,330.7673979166667,384.58147,101.87694708333339,0.3071555946796107
b9,JUL2024,n_sessions,EV sessions,200,182.985,27.076195760934034,0.1479694825309945,136.9,184.0,226.0,89.1,0.4869251577998196
b9,JUL2024,ev_energy_mwh,EV energy (MWh),200,2.3849832870248715,0.3836073207845653,0.16084277104645592,1.8183235908767712,2.3799726926369535,3.0563848983612982,1.238061307484527,0.5191069112391713
b9,JUL2024,arr_hour_mean,mean arrival hour,200,8.69707825466296,0.26226503874107354,0.030155533969176314,8.313290885207618,8.655993852459016,9.170406165891853,0.8571152806842353,0.09855209480548145
b9,JUL2024,dwell_h_mean,mean dwell (h),200,6.9585715886585175,0.24911665086140425,0.035799969532170794,6.565262923351159,6.957894736842105,7.369275793650793,0.8040128702996343,0.11554280358487092
b9,JUL2024,req_soc_mean,mean required SoC (%),200,56.61151760005445,4.6382758715806816,0.08193166458367865,49.344282572891736,56.6246154359262,63.68621119117333,14.341928618281592,0.25333941265456905
b9,JUL2024,peak_concurrency,peak concurrent EVs,200,9.46,1.247469801046347,0.13186784366240453,7.950000000000001,9.5,11.0,3.049999999999999,0.3224101479915432
b9,JUN2024,bl_peak_kw,building peak (kW),200,100.0,5.234504088229047e-15,5.234504088229047e-17,100.0,100.0,100.0,0.0,0.0
b9,JUN2024,bl_mean_kw,building mean (kW),200,32.42075582571774,1.6972729456289444,0.0523514305080631,30.832019193629677,31.929535186231313,35.731583798418924,4.899564604789248,0.1511243177403863
b9,JUN2024,bl_energy_mwh,building energy (MWh),200,23.342944194516775,1.22203652085284,0.05235143050806311,22.19905381941337,22.989265334086546,25.726740334861624,3.5276865154482557,0.15112431774038618
b9,JUN2024,bl_load_factor,load factor,200,0.3242075582571775,0.016972729456289446,0.052351430508063096,0.30832019193629673,0.31929535186231317,0.35731583798418926,0.04899564604789253,0.1511243177403864
b9,JUN2024,pv_energy_mwh,PV energy (MWh),200,18.87281003495608,1.6292659692660103,0.08632874310970629,16.09401253737697,18.828577401645173,21.332556927221514,5.238544389844545,0.2775709806934819
b9,JUN2024,pv_capacity_factor,PV capacity factor,200,0.2621223615966122,0.022628694017583478,0.0863287431097063,0.2235279519080135,0.2615080194672941,0.2962855128780766,0.07275756097006308,0.27757098069348174
b9,JUN2024,net_peak_kw,net peak (kW),200,60.87055288822574,5.689510169323043,0.09346900758024118,53.72675731749656,60.014584380617634,72.33958478999845,18.61282747250189,0.30577720407238473
b9,JUN2024,net_min_kw,"net min (kW, <0 export)",200,-68.18503590228416,5.098002215307377,0.07476717065329869,-74.16471801038534,-69.65862688834572,-58.602563594612164,15.562154415773179,0.22823416032331892
b9,JUN2024,wx_mean_temp_c,mean dry-bulb (degC),200,18.45952922222222,5.225840530373604,0.28309717260191863,10.302642222222222,18.613722222222222,26.17981222222222,15.87717,0.860106983708258
b9,JUN2024,wx_mean_ghi,mean GHI (W/m2),200,337.76243491111103,32.799671779868746,0.09710870241831551,287.8900211111111,336.8344877777778,391.6356426666666,103.74562155555554,0.3071555946796105
b9,JUN2024,n_sessions,EV sessions,200,160.525,23.988887188502797,0.14944019429062635,120.0,160.0,197.24999999999991,77.24999999999991,0.4812334527332186
b9,JUN2024,ev_energy_mwh,EV energy (MWh),200,2.0812459702463855,0.3612701362151716,0.17358358472756738,1.4937666182260516,2.0799450286003953,2.6882221214074775,1.194455503181426,0.5739136653031078
b9,JUN2024,arr_hour_mean,mean arrival hour,200,8.675125347848127,0.24734528916289197,0.028512013284539596,8.297568603712671,8.651041666666668,9.090656928480204,0.7930883247675329,0.09142096430505862
b9,JUN2024,dwell_h_mean,mean dwell (h),200,6.997808952848311,0.24907688514359283,0.035593553185273984,6.620826410426821,6.992790697674419,7.356901643554186,0.736075233127365,0.10518652882453457
b9,JUN2024,req_soc_mean,mean required SoC (%),200,56.99100163645355,5.159555519537562,0.09053280994165437,48.423857887647166,57.09662263355341,65.3707002942335,16.946842406586335,0.29735996771368395
b9,JUN2024,peak_concurrency,peak concurrent EVs,200,9.455,1.310174716953706,0.13856950998981554,7.0,9.0,12.0,5.0,0.5288207297726071
b9,MAR2024,bl_peak_kw,building peak (kW),200,100.0,4.27395469089122e-15,4.27395469089122e-17,100.0,100.0,100.0,0.0,0.0
b9,MAR2024,bl_mean_kw,building mean (kW),200,32.610808514814394,2.234044563809983,0.06850626113103281,29.53679047583099,32.06671037746706,37.0755044602958,7.538713984464806,0.23117225017711932
b9,MAR2024,bl_energy_mwh,building energy (MWh),200,24.262441535021907,1.6621291554746276,0.06850626113103282,21.97537211401826,23.857632520835494,27.584175318460076,5.608803204441816,0.23117225017711937
b9,MAR2024,bl_load_factor,load factor,200,0.32610808514814393,0.02234044563809983,0.06850626113103281,0.2953679047583099,0.32066710377467067,0.370755044602958,0.07538713984464812,0.2311722501771195
b9,MAR2024,pv_energy_mwh,PV energy (MWh),200,14.022499349734039,1.28143387323209,0.0913841278414033,11.92825427485229,13.95312444409782,16.0229802255782,4.094725950725909,0.2920111350052281
b9,MAR2024,pv_capacity_factor,PV capacity factor,200,0.18847445362545748,0.017223573564947445,0.0913841278414033,0.16032599831790711,0.18754199521636855,0.21536263744056722,0.0550366391226601,0.2920111350052283
b9,MAR2024,net_peak_kw,net peak (kW),200,75.9673496100537,6.906171895531182,0.0909097386045597,67.99115452471098,73.65364903831505,90.77174399146668,22.7805894667557,0.29987342698791297
b9,MAR2024,net_min_kw,"net min (kW, <0 export)",200,-63.93881164174749,6.136942158400622,0.0959814860618028,-72.40538069079118,-64.4337230898293,-54.468093155638755,17.93728753515242,0.28053833148567076
b9,MAR2024,wx_mean_temp_c,mean dry-bulb (degC),200,12.452925279569895,5.225840530373605,0.41964762600375116,4.296038279569893,12.607118279569892,20.17320827956989,15.87717,1.2749751278157813
b9,MAR2024,wx_mean_ghi,mean GHI (W/m2),200,214.64341587903226,20.84374359864768,0.0971087024183155,182.95017782258066,214.05371814516133,248.8791038709677,65.92892604838704,0.3071555946796102
b9,MAR2024,n_sessions,EV sessions,200,166.58,25.530031581704204,0.15325988463023293,122.0,168.5,208.04999999999998,86.04999999999998,0.5165686156801536
b9,MAR2024,ev_energy_mwh,EV energy (MWh),200,2.1563300547216517,0.3644055847503962,0.16899341728900366,1.5791594245038025,2.139082649244361,2.7735908261805577,1.1944314016767552,0.5539186355360323
b9,MAR2024,arr_hour_mean,mean arrival hour,200,8.699183189524337,0.259208284862669,0.029796853246499142,8.30320691999698,8.699494183802855,9.095286740352053,0.7920798203550738,0.09105220606331248
b9,MAR2024,dwell_h_mean,mean dwell (h),200,6.9737674484780845,0.24950856871166904,0.03577816016307231,6.579719077047997,6.984705228031146,7.391195290019688,0.8114762129716908,0.11636123787706497
b9,MAR2024,req_soc_mean,mean required SoC (%),200,57.04682313969497,4.704086866961035,0.08246010221185802,49.13452620253659,57.23206282596724,65.16499808741962,16.030471884883028,0.2810055144635832
b9,MAR2024,peak_concurrency,peak concurrent EVs,200,9.49,1.283799323694162,0.13527917004153445,7.0,10.0,12.0,5.0,0.5268703898840885
b9,MAY2024,bl_peak_kw,building peak (kW),200,100.0,3.0221423444132368e-15,3.022142344413237e-17,100.0,100.0,100.0,0.0,0.0
b9,MAY2024,bl_mean_kw,building mean (kW),200,31.728950540445567,1.5273017208531452,0.04813590411401289,30.399988764097184,31.322633687385053,34.82684406371138,4.426855299614193,0.13952101233134662
b9,MAY2024,bl_energy_mwh,building energy (MWh),200,23.606339202091505,1.1363124803147397,0.04813590411401287,22.617591640488303,23.30403946341448,25.911171983401264,3.2935803429129606,0.13952101233134664
b9,MAY2024,bl_load_factor,load factor,200,0.31728950540445566,0.01527301720853145,0.04813590411401288,0.30399988764097186,0.31322633687385054,0.34826844063711376,0.04426855299614191,0.13952101233134656
b9,MAY2024,pv_energy_mwh,PV energy (MWh),200,18.897105058776365,1.6269370464866857,0.08609451243597172,16.125580844074204,18.860753509599107,21.34358751203388,5.218006667959678,0.2761273037182107
b9,MAY2024,pv_capacity_factor,PV capacity factor,200,0.25399334756419845,0.02186743342051997,0.08609451243597173,0.21674167801175004,0.25350475147310625,0.2868761762370145,0.07013449822526446,0.27612730371821065
b9,MAY2024,net_peak_kw,net peak (kW),200,57.36989321070911,4.8113497231320155,0.08386541187135924,49.909042226268305,57.29411825466645,65.59324250061867,15.684200274350367,0.27338730118853755
b9,MAY2024,net_min_kw,"net min (kW, <0 export)",200,-68.18582213030213,5.0106707276240545,0.07348552193223885,-73.75172773098855,-69.08236188639701,-59.181839780714434,14.569887950274115,0.2136791417199791
b9,MAY2024,wx_mean_temp_c,mean dry-bulb (degC),200,16.030882268817205,5.225840530373604,0.3259858342630807,7.873995268817204,16.185075268817208,23.751165268817203,15.87717,0.990411490382148
b9,MAY2024,wx_mean_ghi,mean GHI (W/m2),200,319.92261491263446,31.067270008440364,0.0971087024183155,272.684345094086,319.04367977150537,370.95036612903215,98.26602103494616,0.3071555946796102
b9,MAY2024,n_sessions,EV sessions,200,183.905,26.076924761657107,0.14179562688158073,142.9,184.0,228.0,85.1,0.46273891411326495
b9,MAY2024,ev_energy_mwh,EV energy (MWh),200,2.3749662838921113,0.36461950039465263,0.15352617966311152,1.8341806198117887,2.370226810269549,3.012008437205466,1.1778278173936771,0.4959345424741966
b9,MAY2024,arr_hour_mean,mean arrival hour,200,8.671576142194054,0.2409228125694148,0.027783047581988633,8.31989837398374,8.667279411764707,9.07702591526121,0.7571275412774696,0.08731141015915748
b9,MAY2024,dwell_h_mean,mean dwell (h),200,6.962653786839114,0.2337599126076777,0.033573393100420026,6.597212062131416,6.945246249184605,7.315499084249084,0.7182870221176678,0.10316282327226753
b9,MAY2024,req_soc_mean,mean required SoC (%),200,57.067397737563816,4.592339665019819,0.08047221087841851,49.914139936126105,57.04577113170724,64.61554415581415,14.701404219688044,0.2576147643404993
b9,MAY2024,peak_concurrency,peak concurrent EVs,200,9.415,1.2083357881335892,0.12834156007791708,7.0,9.0,11.0,4.0,0.4248539564524695
b9,NOV2024,bl_peak_kw,building peak (kW),200,100.0,6.757715719788579e-15,6.757715719788578e-17,100.0,100.0,100.0,0.0,0.0
b9,NOV2024,bl_mean_kw,building mean (kW),200,30.99116621734086,2.1209768214794886,0.06843810931815508,26.87507891098471,30.92009527618332,34.64452099521347,7.769442084228761,0.2506986032646113
b9,NOV2024,bl_energy_mwh,building energy (MWh),200,22.31363967648542,1.5271033114652317,0.06843810931815508,19.35005681590899,22.262468598851992,24.944055116553702,5.593998300644714,0.2506986032646116
b9,NOV2024,bl_load_factor,load factor,200,0.3099116621734086,0.021209768214794884,0.06843810931815508,0.26875078910984707,0.30920095276183324,0.34644520995213474,0.07769442084228767,0.2506986032646115
b9,NOV2024,pv_energy_mwh,PV energy (MWh),200,8.709790368454964,0.8232441827357324,0.09451940263882244,7.391569932857823,8.6587603023755,9.992315864818313,2.60074593196049,0.2986002902411804
b9,NOV2024,pv_capacity_factor,PV capacity factor,200,0.1209693106729856,0.011433946982440728,0.09451940263882246,0.1026606935119142,0.12026055975521528,0.13878216478914324,0.036121471277229034,0.2986002902411805
b9,NOV2024,net_peak_kw,net peak (kW),200,96.05998459989985,3.7640709098944134,0.03918458789653333,87.91884185637045,96.90557664968776,100.0,12.081158143629551,0.12576681324641964
b9,NOV2024,net_min_kw,"net min (kW, <0 export)",200,-50.21849757848389,5.746538557664737,0.11443071447296425,-60.16307037876915,-50.275905266904054,-41.467950932059054,18.695119446710095,0.37227556275439067
b9,NOV2024,wx_mean_temp_c,mean dry-bulb (degC),200,13.287029222222223,5.225840530373605,0.39330390887027766,5.130142222222223,13.441222222222223,21.00731222222222,15.87717,1.1949375390434027
b9,NOV2024,wx_mean_ghi,mean GHI (W/m2),200,126.03534360833333,12.239128676651786,0.09710870241831551,107.42555708333333,125.68908208333335,146.138018,38.71246091666666,0.3071555946796104
b9,NOV2024,n_sessions,EV sessions,200,167.7,24.994672799252815,0.1490439642173692,125.95,170.0,210.0,84.05,0.5011926058437687
b9,NOV2024,ev_energy_mwh,EV energy (MWh),200,2.1732004734484933,0.3591587062900614,0.1652671765344035,1.5829418911793363,2.188383692944904,2.7554169945543863,1.17247510337505,0.5395153911017398
b9,NOV2024,arr_hour_mean,mean arrival hour,200,8.653604334815498,0.2676203251694169,0.03092587953122805,8.255204799711295,8.650920468042052,9.06306401931402,0.8078592196027241,0.0933552296067565
b9,NOV2024,dwell_h_mean,mean dwell (h),200,6.986393033651485,0.23214700145141254,0.03322844854751599,6.599185014507595,6.992107579380896,7.306088235294117,0.706903220786522,0.10118285893472763
b9,NOV2024,req_soc_mean,mean required SoC (%),200,57.15670678739721,4.91893078956927,0.08606043045597356,48.386467509235224,57.05325280616769,64.40895921330092,16.022491704065693,0.28032566263244857
b9,NOV2024,peak_concurrency,peak concurrent EVs,200,9.48,1.3336013131035669,0.14067524399826653,7.0,10.0,12.0,5.0,0.5274261603375527
b9,OCT2024,bl_peak_kw,building peak (kW),200,100.0,6.0442846888264736e-15,6.044284688826474e-17,100.0,100.0,100.0,0.0,0.0
b9,OCT2024,bl_mean_kw,building mean (kW),200,32.863267032937614,1.740004054440459,0.05294677649353968,30.62373289251759,32.54355006890485,36.65889382046267,6.035160927945082,0.1836445817117412
b9,OCT2024,bl_energy_mwh,building energy (MWh),200,24.450270672505585,1.2945630165037012,0.052946776493539675,22.78405727203309,24.212401251265213,27.27421700242423,4.490159730391142,0.1836445817117412
b9,OCT2024,bl_load_factor,load factor,200,0.32863267032937615,0.017400040544404586,0.052946776493539675,0.30623732892517586,0.32543550068904853,0.3665889382046268,0.060351609279450935,0.18364458171174153
b9,OCT2024,pv_energy_mwh,PV energy (MWh),200,12.102703903986717,1.1299947497408802,0.09336713173397987,10.27311467004148,12.033469325438395,13.870064606614235,3.5969499365727557,0.2972021760681012
b9,OCT2024,pv_capacity_factor,PV capacity factor,200,0.16267075139767095,0.015188101475011831,0.09336713173397986,0.13807949825324567,0.16174017910535476,0.18642559955126659,0.048346101298020916,0.2972021760681012
b9,OCT2024,net_peak_kw,net peak (kW),200,79.144184156611,3.654758700062823,0.04617848726358419,73.38648401653349,79.43234700081243,83.34663551037696,9.960151493843469,0.1258481794964777
b9,OCT2024,net_min_kw,"net min (kW, <0 export)",200,-54.06869413069799,6.04568219617754,0.1118148365404122,-64.01957678391113,-53.87794963278521,-44.97329712858161,19.04627965532952,0.3522607668180361
b9,OCT2024,wx_mean_temp_c,mean dry-bulb (degC),200,17.12295216129032,5.225840530373604,0.3051950668990133,8.966065161290322,17.27714516129032,24.843235161290323,15.877170000000001,0.9272448962331012
b9,OCT2024,wx_mean_ghi,mean GHI (W/m2),200,180.94610940322582,17.571441891789817,0.09710870241831551,154.2284572580645,180.44898951612902,209.80706709677418,55.57860983870967,0.3071555946796104
b9,OCT2024,n_sessions,EV sessions,200,183.915,26.9131821206504,0.14633489449283854,140.95,183.5,230.04999999999998,89.1,0.4844629312454123
b9,OCT2024,ev_energy_mwh,EV energy (MWh),200,2.3963190588786545,0.39427660085602456,0.16453426741951646,1.7558142005479045,2.3781461497595453,3.1026598880490046,1.3468456875011001,0.5620477300428224
b9,OCT2024,arr_hour_mean,mean arrival hour,200,8.708224610927987,0.24338069809896237,0.027948371679979746,8.311459843070617,8.694360190248348,9.134037873741134,0.8225780306705168,0.09445990054485506
b9,OCT2024,dwell_h_mean,mean dwell (h),200,6.948325315696382,0.23930918466256068,0.034441275241094034,6.536027999408984,6.962134825463473,7.258479801448551,0.7224518020395676,0.10397495356291639
b9,OCT2024,req_soc_mean,mean required SoC (%),200,56.54834928206878,4.970248635503913,0.0878937882114263,48.75359776366975,56.604998804619896,65.25369887554272,16.500101111872972,0.29178749373511914
b9,OCT2024,peak_concurrency,peak concurrent EVs,200,9.44,1.145846771658673,0.12138207326892725,7.0,9.0,11.0,4.0,0.42372881355932207
b9,SEP2024,bl_peak_kw,building peak (kW),200,100.0,6.0442846888264736e-15,6.044284688826474e-17,100.0,100.0,100.0,0.0,0.0
b9,SEP2024,bl_mean_kw,building mean (kW),200,33.33941723423923,2.30502811957593,0.06913822468404429,30.25731514577019,33.03292383205002,37.758752486258864,7.501437340488675,0.22500205350874514
b9,SEP2024,bl_energy_mwh,building energy (MWh),200,24.004380408652242,1.6596202460946696,0.06913822468404429,21.785266904954536,23.783705159076014,27.186301790106377,5.401034885151841,0.22500205350874494
b9,SEP2024,bl_load_factor,load factor,200,0.3333941723423922,0.023050281195759303,0.0691382246840443,0.30257315145770186,0.3303292383205002,0.3775875248625886,0.07501437340488676,0.22500205350874522
b9,SEP2024,pv_energy_mwh,PV energy (MWh),200,14.895261518174086,1.363238097860039,0.09152159538768202,12.655570250458085,14.817069517165717,17.044246632636526,4.38867638217844,0.29463573881020516
b9,SEP2024,pv_capacity_factor,PV capacity factor,200,0.20687863219686237,0.018933862470278316,0.09152159538768198,0.17577180903414008,0.2057926321828572,0.2367256476755073,0.06095383864136722,0.29463573881020505
b9,SEP2024,net_peak_kw,net peak (kW),200,80.74057684340613,3.1772066264861025,0.03935080415202132,73.96678798969663,81.42375149940162,84.53362849558863,10.566840505892003,0.13087397835150552
b9,SEP2024,net_min_kw,"net min (kW, <0 export)",200,-61.80622248998118,5.9678457303950205,0.09655736089294911,-71.72849565844662,-61.5456883029347,-51.697799766832965,20.030695891613654,0.32408866105448586
b9,SEP2024,wx_mean_temp_c,mean dry-bulb (degC),200,19.75466811111111,5.225840530373604,0.26453699454633234,11.59778111111111,19.90886111111111,27.47495111111111,15.87717,0.80371737508816
b9,SEP2024,wx_mean_ghi,mean GHI (W/m2),200,245.73186490694445,23.862702543946178,0.09710870241831551,209.44825256944446,245.05675673611114,284.9261696666666,75.47791709722216,0.3071555946796102
b9,SEP2024,n_sessions,EV sessions,200,168.23,25.99859099390468,0.15454194254238057,122.95,169.0,208.04999999999998,85.09999999999998,0.505855079355644
b9,SEP2024,ev_energy_mwh,EV energy (MWh),200,2.189665414351419,0.3800884948069298,0.17358291011757718,1.5457079139106975,2.1976861190132864,2.7767782522297515,1.231070338319054,0.5622184696577025
b9,SEP2024,arr_hour_mean,mean arrival hour,200,8.661944120852567,0.26499498887687345,0.030593015283824163,8.281686341711096,8.63517530256036,9.105015846994535,0.8233295052834393,0.095051352652042
b9,SEP2024,dwell_h_mean,mean dwell (h),200,6.987196296635532,0.2369476542277893,0.03391169278325329,6.632036622752507,6.9649478194468015,7.403417034584253,0.7713804118317462,0.11039913279711071
b9,SEP2024,req_soc_mean,mean required SoC (%),200,56.60063063924663,5.117412544568701,0.09041264181640248,48.3720414364842,56.44022040026243,65.76810266977984,17.396061233295633,0.30734748070515805
b9,SEP2024,peak_concurrency,peak concurrent EVs,200,9.48,1.251973316780213,0.13206469586289166,7.950000000000001,9.0,11.0,3.049999999999999,0.321729957805907
