source,n_sessions,n_users,n_users_unassigned,share_users_phi_le_0.3
acn,41774,635,3,0.7700787401574803
acn_caltech,13395,266,1,0.8458646616541353
acn_jpl,27799,379,2,0.7308707124010554
acn_office001,580,14,0,0.6428571428571429
elaadnl,55201,1231,0,0.8610885458976442
